<?xml version="1.0" encoding="UTF-8"?>
<window id="1114">
    <defaultcontrol always="true">10</defaultcontrol>
    <animation effect="fade" start="0" end="100" time="750" tween="quadratic">WindowOpen</animation>
    <animation effect="fade" start="100" end="0" time="1000" tween="quadratic">WindowClose</animation>
    <controls>

        <control type="button" id="10">
            <onfocus condition="!Skin.HasSetting(introflag)">AlarmClock(intro_video,PlayMedia(special://skin/extra/Destiny_home_intro.mp4,1),00:00,silent)</onfocus>
            <onfocus condition="Skin.HasSetting(introflag)">ReplaceWindow($INFO[System.StartupWindow])</onfocus>
            <onfocus>SetFocus(11)</onfocus>
        </control>
        <control type="image">
            <texture background="true">special://skin/extras/backgrounds/black.jpg</texture>
        </control>

        <control type="button" id="11">
            <visible allowhiddenfocus="true">false</visible>
            <onfocus>AlarmClock(Close,Dialog.Close(1114),00:00,silent)</onfocus>
            <onfocus>AlarmClock(Starting,ReplaceWindow($INFO[System.StartupWindow]),00:05,silent)</onfocus>

        </control>
        <control type="group">
            <visible>Player.HasVideo</visible>
            <control type="videowindow">
                <width>100%</width>
                <height>100%</height>
            </control>
        </control>
    </controls>
</window>