<?xml version="1.0" encoding="UTF-8"?>
<addon id="skin.estuary.km" version="0.1.6" name="skin.estuary.km" provider-name="KM">
	<requires>
		<import addon="xbmc.gui" version="5.17.0"/>
		<import addon="xbmc.python" version="3.0.0"/>
		<import addon="script.module.inputstreamhelper" version="0.4.4"/>
		<import addon="script.embuary.info" version="2.0.8"/>
		<import addon="script.embuary.helper" version="2.0.8"/>
		<import addon="plugin.video.themoviedb.helper" version="4.10.14"/>
		<import addon="plugin.program.autocompletion" version="2.1.2"/>
	</requires>
	<extension point="xbmc.gui.skin" debugging="false">
		<res width="1920" height="1440" aspect="4:3" default="false" folder="xml" />
		<res width="1920" height="1280" aspect="3:2" default="false" folder="xml" />
		<res width="1920" height="1200" aspect="16:10" default="false" folder="xml" />
		<res width="2040" height="1080" aspect="17:9" default="false" folder="xml" />
		<res width="1920" height="1080" aspect="16:9" default="true" folder="xml" />
		<res width="2560" height="1080" aspect="21:9" default="false" folder="xml" />
		<res width="2338" height="1080" aspect="19.5:9" default="false" folder="xml" />
		<res width="2160" height="1080" aspect="18:9" default="false" folder="xml" />
	</extension>
	<extension point="xbmc.addon.metadata">
		<platform>all</platform>
		<license>Creative Commons Non Commercial 3.0 License</license>
		<summary lang="en">skin.estuary.km</summary>
		<summary lang="ko_KR">skin.estuary.km</summary>		
		<description lang="ko_KR">skin.estuary.km</description>
		<description lang="en">skin.estuary.km</description>
		<disclaimer lang="en">KM Custom Kodi Skin</disclaimer>
		<disclaimer lang="ko_KR">KM Custom Kodi Skin</disclaimer>
		<assets>
            <icon>resources/icon.png</icon>          
			<fanart>resources/fanart.png</fanart>
			<screenshot>resources/1.jpg</screenshot>
			<screenshot>resources/2.jpg</screenshot>
			<screenshot>resources/3.jpg</screenshot>
			<screenshot>resources/4.jpg</screenshot>
			<screenshot>resources/5.jpg</screenshot>
			<screenshot>resources/6.jpg</screenshot>
			<screenshot>resources/7.jpg</screenshot>					
        </assets>		
	</extension>
</addon>
