﻿<?xml version="1.0" encoding="UTF-8"?>
<window id="4111" type="dialog">
	<defaultcontrol always="true">36100</defaultcontrol>
	<controls>
		<control type="group">
			<top>150</top>
			<animation effect="fade" time="500">WindowOpen</animation>
			<control type="image">
				<left>0</left>
				<top>-150</top>
				<width>1920</width>
				<height>1080</height>
				<texture background="true">background.png</texture>
			</control>
			<control type="image">
				<left>185</left>
				<top>46</top>
				<width>1580</width>
				<height>800</height>
				<texture background="true">skin/button_klein.png</texture>
				<bordertexture border="10">ThumbShadow.png</bordertexture>
				<bordersize>7</bordersize>
				<colordiffuse>$VAR[BackColorFront]</colordiffuse>
			</control>
			<control type="image">
				<left>200</left>
				<top>61</top>
				<width>1550</width>
				<height>770</height>
				<texture background="true">skin/button_klein.png</texture>
				<colordiffuse>$VAR[ColorButtonDialogeBack]</colordiffuse>
			</control>
			<control type="label">
				<description>Title label</description>
				<left>310</left>
				<top>90</top>
				<height>45</height>
				<width>200</width>
				<label>$LOCALIZE[21820]</label>
				<align>left</align>
				<aligny>center</aligny>
				<font>primal_16</font>
				<textcolor>$VAR[ColorFontNormal]</textcolor>
				<shadowcolor>$VAR[ColorFontShadow]</shadowcolor>
				<scroll>false</scroll>
			</control>
			<control type="label">
				<description>Title label</description>
				<left>600</left>
				<top>90</top>
				<height>45</height>
				<width>200</width>
				<label>$LOCALIZE[19029]</label>
				<align>left</align>
				<aligny>center</aligny>
				<font>primal_16</font>
				<textcolor>$VAR[ColorFontNormal]</textcolor>
				<shadowcolor>$VAR[ColorFontShadow]</shadowcolor>
				<scroll>false</scroll>
			</control>
			<control type="label">
				<description>Title label</description>
				<left>900</left>
				<top>90</top>
				<height>45</height>
				<width>200</width>
				<label>$LOCALIZE[369]</label>
				<align>left</align>
				<aligny>center</aligny>
				<font>primal_16</font>
				<textcolor>$VAR[ColorFontNormal]</textcolor>
				<shadowcolor>$VAR[ColorFontShadow]</shadowcolor>
				<scroll>false</scroll>
			</control>
			<control type="label">
				<description>Title label</description>
				<left>730</left>
				<top>780</top>
				<height>45</height>
				<width>1000</width>
				<label>$LOCALIZE[50038]: $INFO[Skin.String(SwitchTimerActiveItems)]/10</label>
				<align>right</align>
				<aligny>center</aligny>
				<font>primal_16</font>
				<textcolor>$VAR[ColorFontNormal]</textcolor>
				<shadowcolor>$VAR[ColorFontShadow]</shadowcolor>
				<scroll>false</scroll>
			</control>
		</control>
		<control type="list" id="36100">
			<animation effect="fade" time="500">WindowOpen</animation>
			<left>200</left>
			<top>300</top>
			<width>1645</width>
			<height>620</height>
			<onright>9000</onright>
			<onleft>9000</onleft>
			<onup>36100</onup>
			<ondown>36100</ondown>
			<scrolltime tween="Quadratic" easing="out">500</scrolltime>
			<focusposition>0</focusposition>
			<orientation>vertical</orientation>
			<movement>1</movement>
			<itemlayout height="81" width="250">
				<control type="group">
					<control type="image">
						<left>0</left>
						<top>0</top>
						<width>1550</width>
						<height>1</height>
						<texture background="true">default/separator.png</texture>
					</control>
					<control type="image">
						<left>35</left>
						<top>22</top>
						<width>30</width>
						<height>30</height>
						<texture background="true">$INFO[ListItem.Property(Icon)]</texture>
						<colordiffuse>$VAR[ColorIcons]</colordiffuse>
					</control>
					<control type="label">
						<left>110</left>
						<top>20</top>
						<width>450</width>
						<height>36</height>
						<font>primal_20</font>
						<label>$INFO[ListItem.Label]</label>
						<textcolor>$VAR[ColorFontNormal]</textcolor>
						<shadowcolor>$VAR[ColorFontShadow]</shadowcolor>
						<align>left</align>
						<aligny>center</aligny>
					</control>
					<control type="label">
						<left>400</left>
						<top>20</top>
						<width>450</width>
						<height>36</height>
						<font>primal_20</font>
						<label>$INFO[ListItem.Label2]</label>
						<textcolor>$VAR[ColorFontNormal]</textcolor>
						<shadowcolor>$VAR[ColorFontShadow]</shadowcolor>
						<align>left</align>
						<aligny>center</aligny>
					</control>
					<control type="label">
						<left>700</left>
						<top>20</top>
						<width>450</width>
						<height>36</height>
						<font>primal_20</font>
						<label>$INFO[ListItem.Property(Title)]</label>
						<textcolor>$VAR[ColorFontNormal]</textcolor>
						<shadowcolor>$VAR[ColorFontShadow]</shadowcolor>
						<align>left</align>
						<aligny>center</aligny>
					</control>
				</control>
			</itemlayout>
			<focusedlayout height="81" width="250">
				<control type="image">
					<left>0</left>
					<top>0</top>
					<width>1550</width>
					<height>1</height>
					<texture background="true">default/separator.png</texture>
				</control>
				<control type="image">
					<left>0</left>
					<top>0</top>
					<width>1550</width>
					<height>80</height>
					<texture background="true">skin/button_klein.png</texture>
					<colordiffuse>$VAR[BackColorButton]</colordiffuse>
				</control>
				<control type="image">
					<left>35</left>
					<top>22</top>
					<width>30</width>
					<height>30</height>
					<texture background="true">$INFO[ListItem.Property(Icon)]</texture>
					<colordiffuse>$VAR[ColorIcons]</colordiffuse>
				</control>
				<control type="label">
					<left>110</left>
					<top>20</top>
					<width>450</width>
					<height>36</height>
					<font>primal_20</font>
					<label>$INFO[ListItem.Label]</label>
					<textcolor>$VAR[ColorFontNormal]</textcolor>
					<shadowcolor>$VAR[ColorFontShadow]</shadowcolor>
					<align>left</align>
					<aligny>center</aligny>
				</control>
				<control type="label">
					<left>400</left>
					<top>20</top>
					<width>450</width>
					<height>36</height>
					<font>primal_20</font>
					<label>$INFO[ListItem.Label2]</label>
					<textcolor>$VAR[ColorFontNormal]</textcolor>
					<shadowcolor>$VAR[ColorFontShadow]</shadowcolor>
					<align>left</align>
					<aligny>center</aligny>
				</control>
				<control type="label">
					<left>700</left>
					<top>20</top>
					<width>450</width>
					<height>36</height>
					<font>primal_20</font>
					<label>$INFO[ListItem.Property(Title)]</label>
					<textcolor>$VAR[ColorFontNormal]</textcolor>
					<shadowcolor>$VAR[ColorFontShadow]</shadowcolor>
					<align>left</align>
					<aligny>center</aligny>
				</control>
			</focusedlayout>
			<content>
				<include>KNSwitcherContent</include>
			</content>
		</control>
	</controls>
</window>
