﻿<?xml version="1.0" encoding="UTF-8"?>
<window id="502">
	<defaultcontrol always="true">55</defaultcontrol>
	<allowoverlay>no</allowoverlay>
	<include>ViewidAudio</include>
	<visible>!Skin.HasSetting(kiosk)</visible>
	<controls>
		
		
		
		
		
		
		
		<include>CommonHomeBack</include>
		<include>ViewsAudio</include>
		<include>SideBladeForViews</include>
		<include>BigInfosTime</include>
		<include>CommonHomeButton</include>
		<include>HomePlaying</include>
		<include>CommonPageCount</include>
		<include>JumpBarHorizontal</include>
		<control type="group">
			<visible>!Skin.HasSetting(kiosk)</visible>
			<animation effect="slide" start="0,0" end="480,0" time="400" tween="quadratic" easing="out" condition="ControlGroup(9020).HasFocus">Conditional</animation>
			<animation effect="slide" start="0,0" end="-570,0" time="400" tween="quadratic" easing="out" condition="ControlGroup(9020).HasFocus">WindowClose</animation>
						
			<control type="image">
				<left>-495</left>
				<top>0</top>
				<width>420</width>
				<height>1080</height>
				<texture background="true">skin/button_klein.png</texture>
				<bordertexture border="10">ThumbShadow2.png</bordertexture>
				<bordersize>7</bordersize>
				<colordiffuse>$VAR[ColorButtonDialogeBack]</colordiffuse>
				<aspectratio>stretch</aspectratio>
			</control>
			<!-- KM Control buttons -->
			<control type="group">
				<left>-457</left>
				<top>60</top>
				<control type="label">
					<description>View options</description>
					<left>0</left>
					<top>0</top>
					<width>375</width>
					<height>45</height>
					<font>primal_20</font>
					<textcolor>$VAR[ColorFontSelected]</textcolor>
					<shadowcolor>$VAR[ColorFontShadow]</shadowcolor>
					<scroll>false</scroll>
					<align>left</align>
					<aligny>center</aligny>
					<label>$LOCALIZE[14018]</label>
				</control>
			</control>
			<!-- MENU ITEMS BELOW -->
			<control type="grouplist" id="9020">
				<description>My first group list control</description>
				<left>-482</left>
				<top>120</top>
				<width>400</width>
				<height>800</height>
				<itemgap>2</itemgap>
				<pagecontrol>25</pagecontrol>
				<scrolltime tween="sine" easing="out">200</scrolltime>
				<orientation>vertical</orientation>
				<usecontrolcoords>false</usecontrolcoords>
				<visible>true</visible>
				<onleft>55</onleft>
				<onright>55</onright>
				<onup>9020</onup>
				<ondown>9020</ondown>
				<control type="button" id="1">
					<description>View</description>
					<height>60</height>
					<width>400</width>
					<label>457</label>
					<onclick>Control.SetFocus(9030)</onclick>
				</control>
				<control type="button" id="3">
					<description>Sort by button</description>
					<width>400</width>
					<height>60</height>
					<label>103</label>
					<onleft>55</onleft>
					<onright>4</onright>
					<onup>2</onup>
					<ondown>99</ondown>
				</control>
				<control type="togglebutton" id="4">
					<description>Sort asc</description>
					<width>400</width>
					<height>60</height>
					<label>50029</label>
					<altlabel>50324</altlabel>
					<onleft>3</onleft>
					<onright>55</onright>
					<onup>2</onup>
					<ondown>99</ondown>
				</control>
				<!-- <control type="radiobutton" id="16">
					<description>PartyMode</description>
					<width>400</width>
					<height>60</height>
					<label>589</label>
					<onleft>55</onleft>
					<onright>55</onright>
					<onup>99</onup>
					<ondown>19</ondown>
				</control> -->
				<control type="edit" id="19">
					<visible>Container.CanFilter + !Container.CanFilterAdvanced</visible>
					<description>Filter</description>
					<textwidth>230</textwidth>
					<width>400</width>
					<height>60</height>
					<label>587</label>
				</control>
				<!-- <control type="radiobutton" id="98">
					<visible>Container.CanFilterAdvanced</visible>
					<description>Filter</description>
					<width>400</width>
					<height>60</height>
					<label>587</label>
					<selected>Container.Filtered</selected>
					<onclick>right</onclick>
					<onclick>Filter</onclick>
				</control> -->
				<control type="togglebutton" id="20">
					<width>400</width>
					<height>60</height>
					<description>Update library</description>
					<label>653</label>
					<altlabel>13353</altlabel>
					<alttexturefocus border="5">button-focus.png</alttexturefocus>
					<alttexturenofocus>-</alttexturenofocus>
					<usealttexture>library.isscanningvideo</usealttexture>
					<onright>55</onright>
					<onup>19</onup>
					<ondown>8</ondown>
				</control>
				<control type="button" id="8">
					<description>Search</description>
					<width>400</width>
					<height>60</height>
					<label>137</label>
					<onleft>55</onleft>
					<onright>55</onright>
					<onup>20</onup>
					<ondown>201</ondown>
				</control>
				
				<control type="button" id="50">
					<description>Search</description>
					<width>400</width>
					<height>60</height>
					<label>소스추가</label>
					<onclick>ActivateWindow(music,Files,return)</onclick>
					<onleft>55</onleft>
					<onright>55</onright>
					<onup>20</onup>
					<ondown>201</ondown>
				</control>
				
				
				
				
				
				
				<!-- KM 뮤직 컨트롤키 추가 -->
				<control type="grouplist" id="100">
					<left>0</left>
					<top>500</top>
					<align>center</align>
					<animation effect="fade" start="0" end="100" time="400">WindowOpen</animation>
					<animation effect="fade" start="100" end="0" time="600">WindowClose</animation>
					<animation effect="fade" time="300">VisibleChange</animation>
					<itemgap>10</itemgap>
					<orientation>horizontal</orientation>
					<control type="togglebutton" id="1000">
						<width>80</width>
						<height>80</height>
						<texturefocus colordiffuse="$VAR[BackColorButton]">osd/pause.png</texturefocus>
						<texturenofocus colordiffuse="$VAR[ColorIcons]">osd/pause.png</texturenofocus>
						<usealttexture>Player.Paused | Player.Forwarding | Player.Rewinding</usealttexture>
						<alttexturefocus colordiffuse="$VAR[BackColorButton]">osd/play.png</alttexturefocus>
						<alttexturenofocus colordiffuse="$VAR[ColorIcons]">osd/play.png</alttexturenofocus>
						<onclick>PlayerControl(Play)</onclick>
					</control>
					<control type="button" id="1001">
						<width>80</width>
						<height>80</height>
						<texturefocus colordiffuse="$VAR[BackColorButton]">osd/stop.png</texturefocus>
						<texturenofocus colordiffuse="$VAR[ColorIcons]">osd/stop.png</texturenofocus>
						<onclick>PlayerControl(Stop)</onclick>
						<onclick>SetFocus(55)</onclick>
					</control>
					<control type="button" id="1002">
						<width>80</width>
						<height>80</height>
						<texturefocus colordiffuse="$VAR[BackColorButton]">osd/NextTrack.png</texturefocus>
						<texturenofocus colordiffuse="$VAR[ColorIcons]">osd/NextTrack.png</texturenofocus>
						<onclick>PlayerControl(Next)</onclick>
					</control>
					<control type="button" id="1003">
						<width>100</width>
						<height>80</height>
						<texturefocus colordiffuse="$VAR[BackColorButton]">osd/fullscreen.png</texturefocus>
						<texturenofocus colordiffuse="$VAR[ColorIcons]">osd/fullscreen.png</texturenofocus>
						<onclick>ActivateWindow(2006)</onclick>
						
					</control>
				</control>
			</control>
		</control>
		<include>ViewTypeList</include>
	</controls>
</window>