<?xml version="1.0" encoding="UTF-8"?>
<window>
	<defaultcontrol always="true">300</defaultcontrol>
	<include>Keyboard_Slide_Up</include>
	<depth>DepthDialog+</depth>
	<controls>
		<control type="group">
			<bottom>0</bottom>
			<width>100%</width>
			<visible>!Window.IsVisible(numericinput)</visible>
			<control type="image">
				<left>100</left>
				<top>30</top>
				<width>550</width>
				<height>1000</height>
				<texture>special://skin/media/globalsearch-overlay.jpg</texture>
			</control>
			<control type="image">
				<top>80</top>
				<left>150</left>
				<width>40</width>
				<height>40</height>
				<texture>special://skin/media/km_icon/keyboard/search_icon.png</texture>
			</control>
			<!-- 입력창 -->
			<control type="edit" id="312">
				<left>195</left>
				<top>60</top>
				<width>350</width>
				<height>100</height>
				<onright>9010</onright>
				<font>font37</font>
				<align>left</align>
				<aligny>left</aligny>
				<texturefocus />
				<texturenofocus />
			</control>
			<control type="button" id="300">
					<left>565</left>
					<onup>112</onup>
					<ondown>80001</ondown>
					<top>75</top>
					<width>40</width>
					<height>40</height>
					<label></label>
					<font></font>
					<texturefocus colordiffuse="button_focus">special://skin/media/km_icon/keyboard/go.png</texturefocus>
					<texturenofocus>special://skin/media/km_icon/keyboard/go.png</texturenofocus>
					<onright>9010</onright>
					<onup></onup>
					<ondown>32</ondown>
			</control>
			<!-- 키보드 start -->
			<control type="group" id="78500">
				<centerleft>27%</centerleft>
				<top>150</top>
				<height>1500</height>
				<width>1200</width>
				<control type="grouplist" id="80001">
					<left>200</left>
					<top>0</top>
					<itemgap>-20</itemgap>
					<orientation>horizontal</orientation>
					<onright>80001</onright>
					<control type="radiobutton" id="8">
						<include>KeyboardButton_search</include>
						<description>BACKSPACE button</description>
						<width>90</width>
						<height>90</height>
						<onup>300</onup>
						<onleft>32</onleft>
						<ondown>120</ondown>
						<texturenofocus />
						<textureradioonfocus colordiffuse="FFFFFFFF">icons/keyboard/backspace.png</textureradioonfocus>
						<textureradioonnofocus colordiffuse="FFFFFFFF">icons/keyboard/backspace.png</textureradioonnofocus>
						<textureradioofffocus colordiffuse="FFFFFFFF">icons/keyboard/backspace.png</textureradioofffocus>
						<textureradiooffnofocus colordiffuse="FFFFFFFF">icons/keyboard/backspace.png</textureradiooffnofocus>
						<radioposx>27</radioposx>
						<radiowidth>37</radiowidth>
						<radioheight>23</radioheight>
					</control>
					<control type="radiobutton" id="304">
						<include>KeyboardButton_search</include>
						<description>Symbols button</description>
						<width>90</width>
						<height>90</height>
						<onup>300</onup>
						<ondown>121</ondown>
						<texturenofocus />
						<textureradioonfocus colordiffuse="FFFFFFFF">icons/keyboard/letters.png</textureradioonfocus>
						<textureradioonnofocus colordiffuse="FFFFFFFF">icons/keyboard/letters.png</textureradioonnofocus>
						<textureradioofffocus colordiffuse="FFFFFFFF">icons/keyboard/accents.png</textureradioofffocus>
						<textureradiooffnofocus colordiffuse="FFFFFFFF">icons/keyboard/accents.png</textureradiooffnofocus>
						<radioposx>27</radioposx>
						<radiowidth>37</radiowidth>
						<radioheight>23</radioheight>
					</control>
					<control type="radiobutton" id="303">
						<include>KeyboardButton_search</include>
						<description>CAPS LOCK button</description>
						<width>90</width>
						<height>90</height>
						<onup>300</onup>
						<ondown>122</ondown>
						<texturenofocus />
						<textureradioonfocus colordiffuse="FFFFFFFF">icons/keyboard/capslock.png</textureradioonfocus>
						<textureradioonnofocus colordiffuse="button_focus">icons/keyboard/capslock.png</textureradioonnofocus>
						<textureradioofffocus colordiffuse="FFFFFFFF">icons/keyboard/capslock.png</textureradioofffocus>
						<textureradiooffnofocus colordiffuse="FFFFFFFF">icons/keyboard/capslock.png</textureradiooffnofocus>
						<radioposx>25</radioposx>
						<radiowidth>40</radiowidth>
						<radioheight>26</radioheight>
					</control>
					<control type="radiobutton" id="302">
						<include>KeyboardButton_search</include>
						<description>SHIFT button</description>
						<width>90</width>
						<height>90</height>
						<onup>300</onup>
						<ondown>123</ondown>
						<texturenofocus />
						<textureradioonfocus colordiffuse="FFFFFFFF">icons/keyboard/shift.png</textureradioonfocus>
						<textureradioonnofocus colordiffuse="button_focus">icons/keyboard/shift.png</textureradioonnofocus>
						<textureradioofffocus colordiffuse="FFFFFFFF">icons/keyboard/shift.png</textureradioofffocus>
						<textureradiooffnofocus colordiffuse="FFFFFFFF">icons/keyboard/shift.png</textureradiooffnofocus>
						<radioposx>27</radioposx>
						<radiowidth>37</radiowidth>
						<radioheight>23</radioheight>
					</control>
					<control type="radiobutton" id="305">
						<include>KeyboardButton_search</include>
						<description>previous button</description>
						<width>90</width>
						<height>90</height>
						<ondown>124</ondown>
						<onup>300</onup>
						<texturenofocus />
						<textureradioonfocus colordiffuse="FFFFFFFF">icons/keyboard/arrowleft.png</textureradioonfocus>
						<textureradioonnofocus colordiffuse="FFFFFFFF">icons/keyboard/arrowleft.png</textureradioonnofocus>
						<textureradioofffocus colordiffuse="FFFFFFFF">icons/keyboard/arrowleft.png</textureradioofffocus>
						<textureradiooffnofocus colordiffuse="FFFFFFFF">icons/keyboard/arrowleft.png</textureradiooffnofocus>
						<radioposx>27</radioposx>
						<radiowidth>37</radiowidth>
						<radioheight>23</radioheight>
					</control>
					<control type="radiobutton" id="306">
						<include>KeyboardButton_search</include>
						<description>next button</description>
						<width>90</width>
						<height>90</height>
						<ondown>125</ondown>
						<onup>300</onup>
						<texturenofocus />
						<textureradioonfocus colordiffuse="FFFFFFFF">icons/keyboard/arrowright.png</textureradioonfocus>
						<textureradioonnofocus colordiffuse="FFFFFFFF">icons/keyboard/arrowright.png</textureradioonnofocus>
						<textureradioofffocus colordiffuse="FFFFFFFF">icons/keyboard/arrowright.png</textureradioofffocus>
						<textureradiooffnofocus colordiffuse="FFFFFFFF">icons/keyboard/arrowright.png</textureradiooffnofocus>
						<radioposx>27</radioposx>
						<radiowidth>37</radiowidth>
						<radioheight>23</radioheight>
					</control>
					<control type="radiobutton" id="32">
							<include>KeyboardButton_search</include>
							<description>SPACE button</description>
							<width>90</width>
							<height>90</height>
							<onup>300</onup>
							<ondown>126</ondown>
							<texturefocus />
							<texturenofocus />
							<textureradioonfocus colordiffuse="FFFFFFFF">special://skin/media/km_icon/keyboard/space_64.png</textureradioonfocus>
							<textureradioonnofocus colordiffuse="FFFFFFFF">special://skin/media/km_icon/keyboard/space_64.png</textureradioonnofocus>
							<textureradioofffocus colordiffuse="FFFFFFFF">special://skin/media/km_icon/keyboard/space_64.png</textureradioofffocus>
							<textureradiooffnofocus colordiffuse="FFFFFFFF">special://skin/media/km_icon/keyboard/space_64.png</textureradiooffnofocus>
							<radioposx>27</radioposx>
							<radiowidth>37</radiowidth>
							<radioheight>23</radioheight>
					</control>
				</control>
				<control type="grouplist" id="80002">
					<left>200</left>
					<top>70</top>
					<itemgap>-20</itemgap>
					<orientation>horizontal</orientation>
					<onright>80002</onright>
					<control type="button" id="120">
						<description>(1,0) key button</description>
						<onup>8</onup>
						<ondown>127</ondown>
						<include>KeyboardButton_search</include>
					</control>
					<control type="button" id="121">
						<description>(1,1) key button</description>
						<onup>304</onup>
						<ondown>128</ondown>
						<include>KeyboardButton_search</include>
					</control>
					<control type="button" id="122">
						<description>(1,2) key button</description>
						<onup>303</onup>
						<ondown>129</ondown>
						<include>KeyboardButton_search</include>
					</control>
					<control type="button" id="123">
						<description>(1,3) key button</description>
						<onup>302</onup>
						<ondown>130</ondown>
						<include>KeyboardButton_search</include>
					</control>
					<control type="button" id="124">
						<description>(1,4) key button</description>
						<onup>305</onup>
						<ondown>140</ondown>
						<include>KeyboardButton_search</include>
					</control>
					<control type="button" id="125">
						<description>(1,5) key button</description>
						<onup>306</onup>
						<ondown>141</ondown>
						<include>KeyboardButton_search</include>
					</control>
					<control type="button" id="126">
						<description>(1,6) key button</description>
						<onup>32</onup>
						<ondown>142</ondown>
						<include>KeyboardButton_search</include>
					</control>
				</control>
				<control type="grouplist" id="80003">
					<left>200</left>
					<top>140</top>
					<itemgap>-20</itemgap>
					<orientation>horizontal</orientation>
					<onright>80003</onright>
					<control type="button" id="127">
						<description>(1,7) key button</description>
						<onup>120</onup>
						<ondown>143</ondown>
						<include>KeyboardButton_search</include>
					</control>
					<control type="button" id="128">
						<description>(1,8) key button</description>
						<onup>121</onup>
						<ondown>144</ondown>
						<include>KeyboardButton_search</include>
					</control>
					<control type="button" id="129">
						<description>(1,9) key button</description>
						<onup>122</onup>
						<ondown>145</ondown>
						<include>KeyboardButton_search</include>
					</control>
					<control type="button" id="130">
						<description>(1,10) key button</description>
						<onup>123</onup>
						<ondown>146</ondown>
						<include>KeyboardButton_search</include>
					</control>
					<control type="button" id="140">
						<description>(2,0) key button</description>
						<onup>124</onup>
						<ondown>147</ondown>
						<include>KeyboardButton_search</include>
					</control>
					<control type="button" id="141">
						<description>(2,1) key button</description>
						<onup>125</onup>
						<ondown>148</ondown>
						<include>KeyboardButton_search</include>
					</control>
					<control type="button" id="142">
						<description>(2,2) key button</description>
						<onup>126</onup>
						<ondown>149</ondown>
						<include>KeyboardButton_search</include>
					</control>
				</control>
				<control type="grouplist" id="80004">
					<left>200</left>
					<top>210</top>
					<orientation>horizontal</orientation>
					<onright>80004</onright>
					<itemgap>-20</itemgap>
						<control type="button" id="143">
						<description>(2,3) key button</description>
						<onup>127</onup>
						<ondown>150</ondown>
						<include>KeyboardButton_search</include>
					</control>
					<control type="button" id="144">
						<description>(2,4) key button</description>
						<onup>128</onup>
						<ondown>160</ondown>
						<include>KeyboardButton_search</include>
					</control>
					<control type="button" id="145">
						<description>(2,5) key button</description>
						<onup>129</onup>
						<ondown>161</ondown>
						<include>KeyboardButton_search</include>
					</control>
					<control type="button" id="146">
						<description>(2,6) key button</description>
						<onup>130</onup>
						<ondown>162</ondown>
						<include>KeyboardButton_search</include>
					</control>
					<control type="button" id="147">
						<description>(2,7) key button</description>
						<onup>140</onup>
						<ondown>163</ondown>
						<include>KeyboardButton_search</include>
					</control>
					<control type="button" id="148">
						<description>(2,8) key button</description>
						<onup>141</onup>
						<ondown>164</ondown>
						<include>KeyboardButton_search</include>
					</control>
					<control type="button" id="149">
						<description>(2,9) key button</description>
						<onup>142</onup>
						<ondown>165</ondown>
						<include>KeyboardButton_search</include>
					</control>
				</control>
				<control type="grouplist" id="80005">
					<left>200</left>
					<top>280</top>
					<orientation>horizontal</orientation>
					<onright>80005</onright>
					<itemgap>-20</itemgap>
					<control type="button" id="150">
						<description>(2,10) key button</description>
						<onup>143</onup>
						<ondown>166</ondown>
						<include>KeyboardButton_search</include>
					</control>
					<!-- ? -->
					<control type="button" id="151">
						<description>(2,11) key button</description>
						<onup>144</onup>
						<ondown>167</ondown>
						<include>KeyboardButton_search</include>
					</control>
					<control type="button" id="152">
						<description>(2,12) key button</description>
						<onup>145</onup>
						<ondown>172</ondown>
						<include>KeyboardButton_search</include>
					</control>
					<!-- ? -->
					<control type="button" id="160">
						<description>(3,0) key button</description>
						<onup>144</onup>
						<ondown>167</ondown>
						<include>KeyboardButton_search</include>
					</control>
					<control type="button" id="161">
						<description>(3,1) key button</description>
						<onup>145</onup>
						<ondown>168</ondown>
						<include>KeyboardButton_search</include>
					</control>
					<control type="button" id="162">
						<description>(3,2) key button</description>
						<onup>146</onup>
						<ondown>169</ondown>
						<include>KeyboardButton_search</include>
					</control>
					<control type="button" id="163">
						<description>(3,3) key button</description>
						<onup>147</onup>
						<ondown>170</ondown>
						<include>KeyboardButton_search</include>
					</control>
					<control type="button" id="164">
						<description>(3,4) key button</description>
						<onup>148</onup>
						<ondown>171</ondown>
						<include>KeyboardButton_search</include>
					</control>
					<control type="button" id="165">
						<description>(3,5) key button</description>
						<onup>149</onup>
						<ondown>172</ondown>
						<include>KeyboardButton_search</include>
					</control>
					
					
				</control>
				<control type="grouplist" id="80006">
					<left>200</left>
					<top>350</top>
					<orientation>horizontal</orientation>
					<onright>80006</onright>
					<itemgap>-20</itemgap>
					<control type="button" id="166">
						<description>(3,6) key button</description>
						<onup>150</onup>
						<ondown>100</ondown>
						<include>KeyboardButton_search</include>
					</control>
					<control type="button" id="167">
						<description>(3,7) key button</description>
						<onup>160</onup>
						<ondown>101</ondown>
						<include>KeyboardButton_search</include>
					</control>
					<control type="button" id="168">
						<description>(3,8) key button</description>
						<onup>161</onup>
						<ondown>102</ondown>
						<include>KeyboardButton_search</include>
					</control>
					<control type="button" id="169">
						<description>(3,9) key button</description>
						<onup>162</onup>
						<ondown>103</ondown>
						<include>KeyboardButton_search</include>
					</control>
					<control type="button" id="170">
						<description>(3,10) key button</description>
						<onup>163</onup>
						<ondown>104</ondown>
						<include>KeyboardButton_search</include>
					</control>
					<control type="button" id="171">
						<description>(3,11) key button</description>
						<onup>164</onup>
						<ondown>105</ondown>
						<include>KeyboardButton_search</include>
					</control>
					<control type="button" id="172">
						<description>(3,12) key button</description>
						<onup>165</onup>
						<ondown>106</ondown>
						<include>KeyboardButton_search</include>
					</control>
					
				</control>
				<control type="grouplist" id="80007">
					<left>200</left>
					<top>420</top>
					<orientation>horizontal</orientation>
					<onright>80007</onright>
					<itemgap>-20</itemgap>
					<control type="button" id="100">
						<description>(0,0) key button</description>
						<!-- <onup condition="!Integer.IsGreater(Container(9010).NumItems,0)">304</onup>
						<onup condition="Integer.IsGreater(Container(9010).NumItems,0)">9010</onup> -->
						<onup>166</onup>
						<ondown>107</ondown>
						<include>KeyboardButton_search</include>
					</control>
					<control type="button" id="101">
						<description>(0,1) key button</description>
						<!-- <onup condition="!Integer.IsGreater(Container(9010).NumItems,0)">303</onup>
						<onup condition="Integer.IsGreater(Container(9010).NumItems,0)">9010</onup> -->
						<onup>167</onup>
						<ondown>108</ondown>
						<include>KeyboardButton_search</include>
					</control>
					<control type="button" id="102">
						<description>(0,2) key button</description>
						<!-- <onup condition="!Integer.IsGreater(Container(9010).NumItems,0)">302</onup>
						<onup condition="Integer.IsGreater(Container(9010).NumItems,0)">9010</onup> -->
						<onup>168</onup>
						<ondown>109</ondown>
						<include>KeyboardButton_search</include>
					</control>
					<control type="button" id="103">
						<description>(0,3) key button</description>
						<!-- <onup condition="!Integer.IsGreater(Container(9010).NumItems,0)">32</onup>
						<onup condition="Integer.IsGreater(Container(9010).NumItems,0)">9010</onup> -->
						<onup>169</onup>
						<ondown>131</ondown>

						<include>KeyboardButton_search</include>
					</control>
					<control type="button" id="104">
						<description>(0,4) key button</description>
						<!-- <onup condition="!Integer.IsGreater(Container(9010).NumItems,0)">32</onup>
						<onup condition="Integer.IsGreater(Container(9010).NumItems,0)">9010</onup> -->
						<onup>163</onup>
						<ondown>132</ondown>
						<include>KeyboardButton_search</include>
					</control>
					<control type="button" id="105">
						<description>(0,5) key button</description>
						<!-- <onup condition="!Integer.IsGreater(Container(9010).NumItems,0)">32</onup>
						<onup condition="Integer.IsGreater(Container(9010).NumItems,0)">9010</onup> -->
						<onup>164</onup>
						<ondown>301</ondown>
						<include>KeyboardButton_search</include>
					</control>
					<control type="button" id="106">
						<description>(0,6) key button</description>
						<!-- <onup condition="!Integer.IsGreater(Container(9010).NumItems,0)">32</onup>
						<onup condition="Integer.IsGreater(Container(9010).NumItems,0)">9010</onup> -->
						<onup>165</onup>
						<ondown>301</ondown>
						<include>KeyboardButton_search</include>
					</control>
				</control>
				<control type="grouplist" id="80008">
					<left>200</left>
					<top>490</top>
					<itemgap>-20</itemgap>
					<orientation>horizontal</orientation>
					<onright>80008</onright>
					<control type="button" id="107">
						<description>(0,7) key button</description>
						<!-- <onup condition="!Integer.IsGreater(Container(9010).NumItems,0)">305</onup>
						<onup condition="Integer.IsGreater(Container(9010).NumItems,0)">9010</onup> -->
						<onup>100</onup>
						<ondown>301</ondown>
						<include>KeyboardButton_search</include>
					</control>
					<control type="button" id="108">
						<description>(0,8) key button</description>
						<!-- <onup condition="!Integer.IsGreater(Container(9010).NumItems,0)">306</onup>
						<onup condition="Integer.IsGreater(Container(9010).NumItems,0)">9010</onup> -->
						<onup>101</onup>
						<ondown>111</ondown>
						<include>KeyboardButton_search</include>
					</control>
					<control type="button" id="109">
						<description>(0,9) key button</description>
						<!-- <onup condition="!Integer.IsGreater(Container(9010).NumItems,0)">8</onup>
						<onup condition="Integer.IsGreater(Container(9010).NumItems,0)">9010</onup> -->
						<onup>102</onup>
						<ondown>112</ondown>
						<include>KeyboardButton_search</include>
					</control>
					

				</control>
				<control type="grouplist" id="80009">
				<left>200</left>
					<top>560</top>
					<itemgap>-20</itemgap>
					<orientation>horizontal</orientation>
					<onright>95200</onright>
					<control type="button" id="110">
						<description>(0,10) key button</description>
						<!-- <onup condition="!Integer.IsGreater(Container(9010).NumItems,0)">170</onup>
						<onup condition="Integer.IsGreater(Container(9010).NumItems,0)">9010</onup> -->
						<onup>107</onup>
						<ondown>309</ondown>
						<include>KeyboardButton_search</include>
					</control>
					<control type="button" id="111">
						<description>(0,11) key button</description>
						<!-- <onup condition="!Integer.IsGreater(Container(9010).NumItems,0)">171</onup>
						<onup condition="Integer.IsGreater(Container(9010).NumItems,0)">9010</onup> -->
						<onup>108</onup>
						<ondown>309</ondown>
						<include>KeyboardButton_search</include>
					</control>
					<control type="button" id="112">
						<description>(0,12) key button</description>
						<!-- <onup condition="!Integer.IsGreater(Container(9010).NumItems,0)">172</onup>
						<onup condition="Integer.IsGreater(Container(9010).NumItems,0)">9010</onup> -->
						<onup>109</onup>
						<ondown>309</ondown>
						<include>KeyboardButton_search</include>
					</control>
					<control type="button" id="131">
						<description>(1,11) key button</description>
						<onup>103</onup>
						<ondown>309</ondown>
						<include>KeyboardButton_search</include>
					</control>
					<control type="button" id="132">
						<description>(1,12) key button</description>
						<onup>104</onup>
						<ondown>307</ondown>
						<include>KeyboardButton_search</include>
					</control>
					<control type="radiobutton" id="301">
						<include>KeyboardButton_search</include>
						<width>90</width>
						<height>90</height>
						<onup>107</onup>
						<ondown>309</ondown>
						<texturenofocus />
						<textureradioonfocus colordiffuse="FFFFFFFF">special://skin/media/icons/disable.png</textureradioonfocus>
						<textureradioonnofocus colordiffuse="FFFFFFFF">special://skin/media/icons/disable.png</textureradioonnofocus>
						<textureradioofffocus colordiffuse="FFFFFFFF">special://skin/media/icons/disable.png</textureradioofffocus>
						<textureradiooffnofocus colordiffuse="FFFFFFFF">special://skin/media/icons/disable.png</textureradiooffnofocus>
						<radioposx>20</radioposx>
						<radiowidth>50</radiowidth>
						<radioheight>50</radioheight>
					</control>
				</control>
				<control type="grouplist" id="80010">
					<left>200</left>
					<top>680</top>
					<itemgap>-25</itemgap>
					<orientation>horizontal</orientation>
					<onright>80010</onright>
					<!-- 한영변환 -->
					<control type="button" id="309">
						<include>KeyboardButton_search_fuction</include>
						<description>BACKSPACE button</description>
						<width>300</width>
						<height>90</height>
						<onup>301</onup>
						<ondown>310</ondown>
						<textureradiooffnofocus border="21" colordiffuse="D0FFFFFF">special://skin/media/km_icon/button-nofo.png</textureradiooffnofocus>
					</control>
					<!-- IP -->
					<control type="button" id="307">
						<include>KeyboardButton_search_fuction</include>
						<description>BACKSPACE button</description>
						<width>100</width>
						<label>IP</label>
						<height>90</height>
						<onup>132</onup>
						<onright>9010</onright>
						<ondown>310</ondown>
						<textureradiooffnofocus border="21" colordiffuse="D0FFFFFF">special://skin/media/km_icon/button-nofo.png</textureradiooffnofocus>
					</control>
				</control>
				<control type="grouplist">
					<left>200</left>
					<top>750</top>
					<itemgap>-20</itemgap>
					<orientation>horizontal</orientation>
					<onright>95200</onright>
					<control type="button" id="310">
						<include>KeyboardButton_search_fuction</include>
						<width>300</width>
						<!-- <label>CANCEL</label> -->
						<height>90</height>
						<onup>309</onup>
						<!-- <ondown>109</ondown> -->
						<!-- <textureradiooffnofocus border="21" colordiffuse="D0FFFFFF">special://skin/media/km_icon/button-nofo.png</textureradiooffnofocus> -->
					</control>
				</control>
			</control>
			<!-- 키보드 end -->
			<control type="grouplist" id="95200">
				<top>100</top>
				<height>460</height>
				<centerleft>20%</centerleft>
				<itemgap>dialogbuttons_itemgap</itemgap>
				<onup condition="!Integer.IsGreater(Container(9010).NumItems,0)">95200</onup>
				<onup condition="Integer.IsGreater(Container(9010).NumItems,0)">9010</onup>
				<ondown>95200</ondown>
				<onleft>78500</onleft>
				<onright>140</onright>
				<width>350</width>
				<orientation>vertical</orientation>
				
				<!-- <include content="DefaultDialogButton">
					<param name="id" value="300" />
					<param name="label" value="$LOCALIZE[12321]" />
					<param name="width" value="350" />
				</include> -->
				<!-- <include content="DefaultDialogButton">
					<param name="id" value="301" />
					<param name="label" value="$LOCALIZE[222]" />
					<param name="width" value="350" />
				</include> -->
				<!-- <include content="DefaultDialogButton">
					<param name="id" value="310" />
					<param name="width" value="350" />
				</include> -->
				<!-- <include content="DefaultDialogButton">
					<param name="id" value="309" />
					<param name="width" value="350" />
				</include> -->
				<!-- <include content="DefaultDialogButton">
					<param name="id" value="307" />
					<param name="label" value="$LOCALIZE[1006]" />
					<param name="width" value="350" />
				</include> -->
			</control>
			<!-- 확인/취소/한영/IP주소 end -->

			<!-- 오토키워드 start -->

			<control type="panel" id="9010">
				<left>700</left>
				<top>180</top>
				<width>1000</width>
				<height>300</height>
				<scrolltime tween="cubic" easing="out">500</scrolltime>
				<orientation>vertical</orientation>
				<focusposition>1</focusposition>
				<onleft>9010</onleft>
				<onright>9010</onright>
				<onup>noop</onup>
				<ondown>300</ondown>
				<visible>!Control.IsVisible(313)</visible>
				<itemlayout width="500" height="60">
					<control type="image">
						<left>10</left>
						<top>0</top>
						<width>480</width>
						<height>50</height>
						<texture colordiffuse="Search_dialog_tint">colors/white.png</texture>
					</control>
					<control type="label">
						<textoffsetx>30</textoffsetx>
						<top>0</top>
						<width>500</width>
						<height>50</height>
						<label>$INFO[ListItem.Label]</label>
						<font>font12</font>
						<shadowcolor>text_shadow</shadowcolor>
						<aligny>center</aligny>
					</control>
					
				</itemlayout>
				<focusedlayout width="500" height="60">
					<control type="group">
						<control type="image">
							<left>10</left>
							<top>0</top>
							<width>480</width>
							<height>50</height>
							<texture colordiffuse="dialog_tint">colors/white.png</texture>
						</control>
						<control type="image">
							<left>10</left>
							<width>480</width>
							<height>50</height>
							<texture colordiffuse="button_focus">colors/grey.png</texture>
							<include>Animation_FocusTextureFade</include>
						</control>
						<control type="label">
							<textoffsetx>30</textoffsetx>
							<top>0</top>
							<width>500</width>
							<height>50</height>
							<label>$INFO[ListItem.Label]</label>
							<font>font12</font>
							<shadowcolor>text_shadow</shadowcolor>
							<aligny>center</aligny>
						</control>

					
					</control>
				</focusedlayout>
				<content>$VAR[AutoCompletionContentVar]</content>
			</control>

			




			<!-- 오토키워드 end -->
			<!-- PKC 서치 -->
			<!-- <control type="group">
				<visible>true</visible>
				<top>50</top>
				<height>643</height>
				<control type="group">
					<control type="label">
						<left>55</left>
						<top>80</top>
						<width>900</width>
						<height>90</height>
						<align>left</align>
						<label>$LOCALIZE[3]</label>
						<textcolor>ffffffff</textcolor>
						<shadowcolor>50000000</shadowcolor>
						<font>font13</font>
					</control>
					<control type="panel" id="9030">
						<movement>6</movement>
						<top>115</top>
						<width>100%</width>
						<ondown>10055</ondown>
						<onup>10053</onup>
						<scrolltime tween="cubic" easing="out">500</scrolltime>
						<orientation>horizontal</orientation>
						<onleft>9000</onleft>
						<onright>noop</onright>
						<preloaditems>2</preloaditems>
						<itemlayout width="586" height="489">
							<control type="group">
								<left>68</left>
								<top>10</top>
								<control type="image">
									<left>15</left>
									<top>-10</top>
									<width>583</width>
									<height>403</height>
									<texture>dialogs/dialog-bg-nobo.png</texture>
									<bordertexture border="21">overlays/shadow.png</bordertexture>
									<bordersize>20</bordersize>
								</control>
								<control type="image">
									<left>15</left>
									<top>-10</top>
									<width>583</width>
									<height>328</height>
									<texture background="true">$INFO[ListItem.Icon]</texture>
									<aspectratio>scale</aspectratio>
									<bordersize>20</bordersize>
								</control>
								<control type="group">
									<left>29</left>
									<top>303</top>
									<control type="label">
										<width>557</width>
										<label>$INFO[ListItem.Label]</label>
										<font>font10</font>
										<shadowcolor>50000000</shadowcolor>
										<textoffsetx>10</textoffsetx>
										<scroll>false</scroll>
										<align>center</align>
									</control>
									<control type="label">
										<top>28</top>
										<width>557</width>
										<label>$INFO[ListItem.label2]</label>
										<font>font12</font>
										<shadowcolor>50000000</shadowcolor>
										<textoffsetx>10</textoffsetx>
										<scroll>false</scroll>
										<align>center</align>
									</control>
								</control>
							</control>
						</itemlayout>
						<focusedlayout width="586" height="489">
							<control type="group">
								<left>68</left>
								<top>10</top>
								<animation type="Focus">
									<effect type="zoom" start="100" end="110" time="200" tween="sine" easing="inout" center="366,65" />
								</animation>
								<animation type="Unfocus">
									<effect type="zoom" start="110" end="100" time="200" tween="sine" easing="inout" center="366,65" />
								</animation>
								<control type="image">
									<left>15</left>
									<top>-10</top>
									<width>583</width>
									<height>403</height>
									<texture>dialogs/dialog-bg-nobo.png</texture>
									<bordertexture border="21">overlays/shadow.png</bordertexture>
									<bordersize>20</bordersize>
								</control>
								<control type="image">
									<left>11</left>
									<top>-14</top>
									<width>591</width>
									<height>408</height>
									<texture colordiffuse="button_focus">colors/grey.png</texture>
									<bordertexture border="21">overlays/shadow.png</bordertexture>
									<bordersize>20</bordersize>
									<animation effect="fade" start="0" end="100" time="200" tween="sine">Focus</animation>
									<animation effect="fade" start="100" end="0" time="0">UnFocus</animation>
								</control>
								<control type="image">
									<left>15</left>
									<top>-10</top>
									<width>583</width>
									<height>328</height>
									<texture background="true">$INFO[ListItem.Icon]</texture>
									<aspectratio>scale</aspectratio>
									<bordersize>20</bordersize>
								</control>
								<control type="group">
									<left>29</left>
									<top>303</top>
									<control type="label">
										<width>555</width>
										<label>$INFO[ListItem.Label]</label>
										<font>font10</font>
										<shadowcolor>50000000</shadowcolor>
										<textoffsetx>10</textoffsetx>
										<scroll>true</scroll>
										<align>center</align>
									</control>
									<control type="label">
										<top>28</top>
										<width>555</width>
										<label>$INFO[ListItem.label2]</label>
										<font>font12</font>
										<shadowcolor>50000000</shadowcolor>
										<textoffsetx>10</textoffsetx>
										<scroll>true</scroll>
										<align>center</align>
									</control>
								</control>
							</control>
						</focusedlayout>
						<content>$VAR[AutoCompletionContentVar]</content>
					</control>
				</control>
			</control> -->

			<control type="label" id="313">
				<centerleft>50%</centerleft>
				<top>290</top>
				<width>1480</width>
				<height>90</height>
				<font>font37</font>
				<shadowcolor>text_shadow</shadowcolor>
				<aligny>center</aligny>
			</control>
			<control type="group">
				<visible>Control.IsVisible(313)</visible>
				<control type="image">
					<centerleft>50%</centerleft>
					<top>290</top>
					<width>1560</width>
					<height>90</height>
					<texture border="40">buttons/dialogbutton-nofo.png</texture>
				</control>
				<control type="image">
					<centerleft>50%</centerleft>
					<top>370</top>
					<width>1560</width>
					<height>90</height>
					<texture border="40">buttons/dialogbutton-nofo.png</texture>
				</control>
				<control type="label" id="314">
					<centerleft>50%</centerleft>
					<top>370</top>
					<width>1480</width>
					<height>90</height>
					<font>font37</font>
					<shadowcolor>text_shadow</shadowcolor>
					<aligny>center</aligny>
				</control>
			</control>
		</control>
	</controls>
</window>
