<?xml version="1.0" encoding="UTF-8"?>
<includes>
	<include name="View_300_Movie_Wall">
		<control type="group">
			<include>OpenClose_Right</include>
			<left>50</left>
			<top>0</top>
			<visible>Control.IsVisible(300)</visible>
			<include>Visible_Right</include>
			<control type="panel" id="300">
				<left>100</left>
				<top>0</top>
				<width>98%</width>
				<height>100%</height>
				<onleft>9000</onleft>
				<onright>531</onright>
				<onup condition="Integer.IsGreater(Container.NumPages,1)">300</onup>
				<onup condition="!Integer.IsGreater(Container.NumPages,1)">9000</onup>
				<ondown>300</ondown>
				<viewtype label="32123">icon</viewtype>
				<preloaditems>2</preloaditems>
				<pagecontrol>531</pagecontrol>
				<scrolltime tween="cubic" easing="out">300</scrolltime>
				<visible>Container.Content(movies) | Container.Content(sets)</visible>
				<itemlayout height="445" width="300" condition="Container.Content(movies) | Container.Content(sets)">
					<control type="group">
						<top>120</top>
						<include>InfoWallMovieLayout</include>
					</control>
				</itemlayout>
				<focusedlayout height="445" width="300" condition="Container.Content(movies) | Container.Content(sets)">
					<control type="group">
						<depth>DepthContentPopout</depth>
						<animation effect="zoom" start="100" end="110" time="200" tween="sine" easing="inout" center="160,300">Focus</animation>
						<animation effect="zoom" start="110" end="100" time="200" tween="sine" easing="inout" center="160,300">UnFocus</animation>
						<top>120</top>
						<include content="InfoWallMovieLayout">
							<param name="focused" value="true" />
						</include>
					</control>
				</focusedlayout>
				<onclick>info</onclick>
			</control>
		</control>
	</include>
</includes>
