<?xml version='1.0' encoding='UTF-8'?>
<shortcuts>
    <shortcut>
		<defaultID>home</defaultID>
		<label>홈</label>
		<label2>Custom shortcut</label2>
		<icon>special://skin/media/DefaultShortcut.png</icon>
		<thumb>special://skin/media/km_icon/home_icon/home.png</thumb>
		<action>noop</action>
	</shortcut>
	<shortcut>
		<defaultID>plugin.video.netflix</defaultID>
		<label>Netflix</label>
		<label2>Custom shortcut</label2>
		<icon>DefaultShortcut.png</icon>
		<thumb>special://skin/media/km_icon/ott_icon/netflix.png</thumb>
		<action>RunAddon(plugin.video.netflix)</action>
        <visible>System.HasAddon(plugin.video.netflix)</visible>
	</shortcut>
     <shortcut>
		<defaultID>plugin.video.wavvem</defaultID>
		<label>Wavve</label>
		<label2>Custom shortcut</label2>
		<icon>DefaultShortcut.png</icon>
		<thumb>special://skin/media/km_icon/ott_icon/wavve.png</thumb>
		<action>RunAddon(plugin.video.wavvem)</action>
        <visible>System.HasAddon(plugin.video.wavvem)</visible>
	</shortcut>
    <shortcut>
		<defaultID>plugin.video.tvingm</defaultID>
		<label>Tving</label>
		<label2>Custom shortcut</label2>
		<icon>DefaultShortcut.png</icon>
		<thumb>special://skin/media/km_icon/ott_icon/tving.png</thumb>
		<action>RunAddon(plugin.video.tvingm)</action>
        <visible>System.HasAddon(plugin.video.tvingm)</visible>
	</shortcut>
    <shortcut>
		<defaultID>plugin.video.watcham</defaultID>
		<label>Watcha</label>
		<label2>Custom shortcut</label2>
		<icon>DefaultShortcut.png</icon>
		<thumb>special://skin/media/km_icon/ott_icon/watcha.png</thumb>
		<action>RunAddon(plugin.video.watcham)</action>
        <visible>System.HasAddon(plugin.video.watcham)</visible>
	</shortcut>
    <shortcut>
		<defaultID>plugin.video.spotvm</defaultID>
		<label>Spotv</label>
		<label2>Custom shortcut</label2>
		<icon>DefaultShortcut.png</icon>
		<thumb>special://skin/media/km_icon/ott_icon/spotv.png</thumb>
		<action>RunAddon(plugin.video.spotvm)</action>
        <visible>System.HasAddon(plugin.video.spotvm)</visible>
	</shortcut>
    <shortcut>
		<defaultID>plugin.video.samsungtvm</defaultID>
		<label>Samsungtv</label>
		<label2>Custom shortcut</label2>
		<icon>DefaultShortcut.png</icon>
		<thumb>special://skin/media/km_icon/ott_icon/samsungtv.png</thumb>
		<action>RunAddon(plugin.video.samsungtvm)</action>
        <visible>System.HasAddon(plugin.video.samsungtvm)</visible>
	</shortcut>
    <shortcut>
		<defaultID>plugin.video.kakaotvm</defaultID>
		<label>Kakaotv</label>
		<label2>Custom shortcut</label2>
		<icon>DefaultShortcut.png</icon>
		<thumb>special://skin/media/km_icon/ott_icon/kakaotv.png</thumb>
		<action>RunAddon(plugin.video.kakaotvm)</action>
        <visible>System.HasAddon(plugin.video.kakaotvm)</visible>
	</shortcut>
    <shortcut>
		<defaultID>plugin.video.nsportsm</defaultID>
		<label>Nsports</label>
		<label2>Custom shortcut</label2>
		<icon>DefaultShortcut.png</icon>
		<thumb>special://skin/media/km_icon/ott_icon/nsports.png</thumb>
		<action>RunAddon(plugin.video.nsportsm)</action>
        <visible>System.HasAddon(plugin.video.nsportsm)</visible>
	</shortcut>
	<shortcut>
        <label>427</label>
        <label2>Common Shortcut</label2>
        <defaultID>disc</defaultID>
        <icon>special://skin/media/DefaultShortcut.png</icon>
		<thumb>special://skin/media/km_icon/home_icon/disc.png</thumb>
        <action>PlayDisc</action>
        <visible>System.HasMediaDVD</visible>
    </shortcut>
	
	<shortcut>
        <label>427</label>
        <label2>Common Shortcut</label2>
        <defaultID>disc</defaultID>
        <icon>special://skin/media/DefaultShortcut.png</icon>
		<thumb>special://skin/media/km_icon/home_icon/disc.png</thumb>
        <action>PlayDisc</action>
        <visible>System.HasMediaDVD</visible>
    </shortcut>
    <shortcut>
        <label>342</label>
        <label2>Common Shortcut</label2>
        <defaultID>movies</defaultID>
        <icon>special://skin/media/DefaultShortcut.png</icon>
		<thumb>special://skin/media/km_icon/home_icon/movies.png</thumb>
        <action>ActivateWindow(Videos,videodb://movies/titles/,return)</action>
        <visible>Library.HasContent(movies) + !Skin.HasSetting(hide_moviescategory)</visible>
    </shortcut>
    <shortcut>
        <label>342</label>
        <label2>Common Shortcut</label2>
        <defaultID>movies</defaultID>
        <icon>special://skin/media/DefaultShortcut.png</icon>
		<thumb>special://skin/media/km_icon/home_icon/movies.png</thumb>
        <action>ActivateWindow(Videos,videodb://movies/,return)</action>
        <visible>Library.HasContent(movies) + Skin.HasSetting(hide_moviescategory)</visible>
    </shortcut>
    <shortcut>
        <label>342</label>
        <label2>Common Shortcut</label2>
        <defaultID>movies</defaultID>
        <icon>special://skin/media/DefaultShortcut.png</icon>
		<thumb>special://skin/media/km_icon/home_icon/movies.png</thumb>
        <action>ActivateWindow(Videos,sources://video/,return)</action>
        <visible>!Library.HasContent(movies)</visible>
    </shortcut>
    <shortcut>
        <label>20343</label>
        <label2>Common Shortcut</label2>
        <defaultID>tvshows</defaultID>
        <icon>icons/sidemenu/tv.png</icon>
		<thumb>special://skin/media/km_icon/home_icon/tvshows.png</thumb>
        <action>ActivateWindow(Videos,videodb://tvshows/titles/,return)</action>
        <visible>Library.HasContent(tvshows) + !Skin.HasSetting(hide_tvshowscategory)</visible>
    </shortcut>
    <shortcut>
        <label>20343</label>
        <label2>Common Shortcut</label2>
        <defaultID>tvshows</defaultID>
        <icon>icons/sidemenu/tv.png</icon>
        <thumb>special://skin/media/km_icon/home_icon/tvshows.png</thumb>
		<action>ActivateWindow(Videos,videodb://tvshows/,return)</action>
        <visible>Library.HasContent(tvshows) + Skin.HasSetting(hide_tvshowscategory)</visible>
    </shortcut>
    <shortcut>
        <label>20343</label>
        <label2>Common Shortcut</label2>
        <defaultID>tvshows</defaultID>
        <icon>icons/sidemenu/tv.png</icon>
		<thumb>special://skin/media/km_icon/home_icon/tvshows.png</thumb>
        <action>ActivateWindow(Videos,sources://video/,return)</action>
        <visible>!Library.HasContent(tvshows)</visible>
    </shortcut>
    <shortcut>
        <label>2</label>
        <label2>Common Shortcut</label2>
        <defaultID>music</defaultID>
        <icon>icons/sidemenu/music.png</icon>
		<thumb>special://skin/media/km_icon/home_icon/music.png</thumb>
        <action>ActivateWindow(Music,musicdb://artists/,return)</action>
        <visible>Library.HasContent(music) + !Skin.HasSetting(hide_musiccategory)</visible>
    </shortcut>
    <shortcut>
        <label>2</label>
        <label2>Common Shortcut</label2>
        <defaultID>music</defaultID>
        <icon>icons/sidemenu/music.png</icon>
        <thumb>special://skin/media/km_icon/home_icon/music.png</thumb>
		<action>ActivateWindow(Music,root,return)</action>
        <visible>Library.HasContent(music) + Skin.HasSetting(hide_musiccategory)</visible>
    </shortcut>
    <shortcut>
        <label>2</label>
        <label2>Common Shortcut</label2>
        <defaultID>music</defaultID>
        <icon>icons/sidemenu/music.png</icon>
        <thumb>special://skin/media/km_icon/home_icon/music.png</thumb>
		<action>ActivateWindow(Music,Files,return)</action>
        <visible>!Library.HasContent(music)</visible>
    </shortcut>
    <shortcut>
        <label>20389</label>
        <label2>Common Shortcut</label2>
        <defaultID>musicvideos</defaultID>
        <icon>icons/sidemenu/musicvideos.png</icon>
		<thumb>special://skin/media/km_icon/home_icon/musicvideos.png</thumb>
        <action>ActivateWindow(Videos,videodb://musicvideos/titles/,return)</action>
        <visible>Library.HasContent(musicvideos) + !Skin.HasSetting(hide_musicvideocategory)</visible>
    </shortcut>
    <shortcut>
        <label>20389</label>
        <label2>Common Shortcut</label2>
        <defaultID>musicvideos</defaultID>
        <icon>icons/sidemenu/musicvideos.png</icon>
		<thumb>special://skin/media/km_icon/home_icon/musicvideos.png</thumb>
        <action>ActivateWindow(Videos,musicvideos,return)</action>
        <visible>Library.HasContent(musicvideos) + Skin.HasSetting(hide_musicvideocategory)</visible>
    </shortcut>
    <shortcut>
        <label>20389</label>
        <label2>Common Shortcut</label2>
        <defaultID>musicvideos</defaultID>
        <icon>icons/sidemenu/musicvideos.png</icon>
		<thumb>special://skin/media/km_icon/home_icon/musicvideos.png</thumb>
        <action>ActivateWindow(videos,files,return)</action>
        <visible>!Library.HasContent(musicvideos)</visible>
    </shortcut>
    <shortcut>
        <label>19020</label>
        <label2>Common Shortcut</label2>
        <defaultID>livetv</defaultID>
        <icon>icons/sidemenu/livetv.png</icon>
		<thumb>special://skin/media/km_icon/home_icon/livetv.png</thumb>
        <action>ActivateWindow(TVChannels)</action>
    </shortcut>
    <shortcut>
        <label>19021</label>
        <label2>Common Shortcut</label2>
        <defaultID>radio</defaultID>
        <icon>icons/sidemenu/radio.png</icon>
		<thumb>special://skin/media/km_icon/home_icon/radio.png</thumb>
        <action>ActivateWindow(RadioChannels)</action>
    </shortcut>
    <shortcut>
        <label>15016</label>
        <label2>Common Shortcut</label2>
        <defaultID>games</defaultID>
        <icon>icons/sidemenu/games.png</icon>
		<thumb>special://skin/media/km_icon/home_icon/games.png</thumb>
        <action>ActivateWindow(Games)</action>
        <visible>System.GetBool(gamesgeneral.enable)</visible>
    </shortcut>
    <shortcut>
        <label>24001</label>
        <label2>Common Shortcut</label2>
        <defaultID>addons</defaultID>
        <icon>icons/sidemenu/addons.png</icon>
		<thumb>special://skin/media/km_icon/home_icon/addons.png</thumb>
        <action>ActivateWindow(1100)</action>
    </shortcut>
    <shortcut>
        <label>1</label>
        <label2>Common Shortcut</label2>
        <defaultID>pictures</defaultID>
        <icon>icons/sidemenu/pictures.png</icon>
		<thumb>special://skin/media/km_icon/home_icon/photo.png</thumb>
        <action>ActivateWindow(Pictures)</action>
    </shortcut>
    <shortcut>
        <label>3</label>
        <label2>Common Shortcut</label2>
        <defaultID>video</defaultID>
        <icon>icons/sidemenu/videos.png</icon>
		<thumb>special://skin/media/km_icon/home_icon/videos.png</thumb>
        <action>ActivateWindow(Videos,root)</action>
    </shortcut>
        <shortcut>
        <label>10134</label>
        <label2>Common Shortcut</label2>
        <defaultID>favorites</defaultID>
        <icon>icons/sidemenu/favourites.png</icon>
		<thumb>special://skin/media/km_icon/home_icon/fav.png</thumb>
        <action>ActivateWindow(favouritesbrowser)</action>
    </shortcut>
    <shortcut>
        <label>8</label>
        <label2>Common Shortcut</label2>
        <defaultID>weather</defaultID>
        <icon>icons/sidemenu/weather.png</icon>
		<thumb>special://skin/media/km_icon/home_icon/weather.png</thumb>
        <action>ActivateWindow(Weather)</action>
        <visible>!String.IsEmpty(Weather.Plugin)</visible>
    </shortcut>
    <shortcut>
        <label>8</label>
        <label2>Common Shortcut</label2>
        <defaultID>weather</defaultID>
        <icon>icons/sidemenu/weather.png</icon>
		<thumb>special://skin/media/km_icon/home_icon/weather.png</thumb>
        <action>ReplaceWindow(servicesettings,weather)</action>
        <visible>String.IsEmpty(Weather.Plugin)</visible>
    </shortcut>
    <shortcut>
		<defaultID>settings</defaultID>
		<label>10004</label>
		<label2>Common Shortcut</label2>
		<icon>DefaultShortcut.png</icon>
		<thumb>special://skin/media/km_icon/home_icon/set.png</thumb>
		<action>ActivateWindowAndFocus(Settings,9000,0)</action>
        
	</shortcut>
	<shortcut>
        <label>LibreELEC</label>
        <label2>Common Shortcut</label2>
        <defaultID>libreelec</defaultID>
        <icon>icons/sidemenu/libreelec.png</icon>
		<thumb>special://skin/media/km_icon/home_icon/libreelec.png</thumb>
        <action>RunAddon(service.libreelec.settings)</action>
        <visible>System.HasAddon(service.libreelec.settings)</visible>
    </shortcut>
    <shortcut>
        <label>CoreELEC</label>
        <label2>Common Shortcut</label2>
        <defaultID>coreelec</defaultID>
        <icon>icons/sidemenu/coreelec.png</icon>
		<thumb>special://skin/media/km_icon/home_icon/coreelec.png</thumb>
        <action>RunAddon(service.coreelec.settings)</action>
        <visible>System.HasAddon(service.coreelec.settings)</visible>
    </shortcut>
	<shortcut>
		<defaultID>exit</defaultID>
		<label>13012</label>
		<label2>Kodi Command</label2>
		<icon>DefaultShortcut.png</icon>
		<thumb>special://skin/media/km_icon/home_icon/power.png</thumb>
		<action>ActivateWindow(ShutdownMenu)</action>
	</shortcut>
  </shortcuts>
