﻿<?xml version="1.0" encoding="UTF-8"?>
<window id="7">
	<defaultcontrol always="true">95</defaultcontrol>
	<allowoverlay>no</allowoverlay>
	<controls>
		<control type="group">
			<left>0</left>
			<top>0</top>
			<include>CommonHomeBack</include>
			<include>CommonAllFront2</include>
			<include>SideBladeForViews</include>
			<include>BigInfosTime</include>
			<include>BigInfosDatabaseCount</include>
			<include>BigInfosWeather</include>
			<include>CommonHomeButton</include>
			<include>HomePlaying</include>
			<control type="grouplist" id="9000">
				<include>Animation.ZoomIn</include>
				<left>185</left>
				<top>165</top>
				<width>310</width>
				<height>755</height>
				<itemgap>1</itemgap>
				<onleft>1799</onleft>
				<ondown>9000</ondown>
				<control type="button" id="95">
					<description>Button Summary Values</description>
					<height>90</height>
					<width>310</width>
					<textoffsetx>45</textoffsetx>
					<align>right</align>
					<aligny>center</aligny>
					<font>primal_20</font>
					<pulseonselect>false</pulseonselect>
					<label>20037</label>
				</control>
				<control type="button" id="94">
					<description>Button Storage</description>
					<height>90</height>
					<width>310</width>
					<textoffsetx>45</textoffsetx>
					<align>right</align>
					<aligny>center</aligny>
					<font>primal_20</font>
					<pulseonselect>false</pulseonselect>
					<label>13277</label>
				</control>
				<control type="button" id="92">
					<description>Button HDD</description>
					<height>90</height>
					<width>310</width>
					<textoffsetx>45</textoffsetx>
					<align>right</align>
					<aligny>center</aligny>
					<font>primal_20</font>
					<pulseonselect>false</pulseonselect>
					<label>13275</label>
					<visible>System.Platform.Xbox</visible>
				</control>
				<control type="button" id="93">
					<description>Button DVD</description>
					<height>90</height>
					<width>310</width>
					<textoffsetx>45</textoffsetx>
					<align>right</align>
					<aligny>center</aligny>
					<font>primal_20</font>
					<pulseonselect>false</pulseonselect>
					<label>13276</label>
					<visible>System.Platform.Xbox</visible>
				</control>
				<control type="button" id="96">
					<description>Button Network</description>
					<height>90</height>
					<width>310</width>
					<textoffsetx>45</textoffsetx>
					<align>right</align>
					<aligny>center</aligny>
					<font>primal_20</font>
					<pulseonselect>false</pulseonselect>
					<label>13279</label>
				</control>
				<control type="button" id="97">
					<description>Button Video</description>
					<height>90</height>
					<width>310</width>
					<textoffsetx>45</textoffsetx>
					<align>right</align>
					<aligny>center</aligny>
					<font>primal_20</font>
					<pulseonselect>false</pulseonselect>
					<label>13280</label>
				</control>
				<control type="button" id="98">
					<description>Button Hardware</description>
					<height>90</height>
					<width>310</width>
					<textoffsetx>45</textoffsetx>
					<align>right</align>
					<aligny>center</aligny>
					<font>primal_20</font>
					<pulseonselect>false</pulseonselect>
					<label>13281</label>
				</control>
				<control type="button" id="100">
					<description>Button Policy</description>
					<height>90</height>
					<width>310</width>
					<textoffsetx>45</textoffsetx>
					<align>right</align>
					<aligny>center</aligny>
					<font>primal_20</font>
					<pulseonselect>false</pulseonselect>
					<label>$LOCALIZE[12389]</label>
				</control>
			</control>
			<control type="label">
				<include>Animation.ZoomIn</include>
				<description>header label</description>
				<left>550</left>
				<top>190</top>
				<width>1110</width>
				<height>45</height>
				<font>primal_26</font>
				<label>$LOCALIZE[130] - $INFO[Control.GetLabel(40)]</label>
				<align>left</align>
				<aligny>center</aligny>
				<textcolor>$VAR[ColorFontNormal]</textcolor>
				<shadowcolor>$VAR[ColorFontShadow]</shadowcolor>
			</control>
			<control type="label" id="52">
				<include>Animation.ZoomIn</include>
				<description>XBMC XBE BUILD Version</description>
				<left>550</left>
				<top>240</top>
				<height>45</height>
				<width>1125</width>
				<label>144</label>
				<font>primal_16</font>
				<textcolor>$VAR[ColorFontSelected]</textcolor>
				<shadowcolor>$VAR[ColorFontShadow]</shadowcolor>
			</control>
			<control type="label" id="40">
				<description>Hiddenlabel to pass to above</description>
				<visible>false</visible>
			</control>
			<control type="group">
				<left>550</left>
				<top>300</top>
				<include>Animation.ZoomIn</include>
				<control type="label" id="2">
					<description>Label 2</description>
					<left>0</left>
					<top>0</top>
					<height>45</height>
					<width>1125</width>
					<label>-</label>
					<font>primal_20</font>
				</control>
				<control type="label" id="3">
					<description>Label 3</description>
					<left>0</left>
					<top>52</top>
					<height>45</height>
					<width>1125</width>
					<label>-</label>
					<font>primal_20</font>
				</control>
				<control type="label" id="4">
					<description>Label 4</description>
					<left>0</left>
					<top>105</top>
					<height>45</height>
					<width>1125</width>
					<label>-</label>
					<font>primal_20</font>
				</control>
				<control type="label" id="5">
					<description>Label 5</description>
					<left>0</left>
					<top>158</top>
					<height>45</height>
					<width>1125</width>
					<label>-</label>
					<font>primal_20</font>
				</control>
				<control type="label" id="6">
					<description>Label 6</description>
					<left>0</left>
					<top>210</top>
					<height>45</height>
					<width>1125</width>
					<label>-</label>
					<font>primal_20</font>
				</control>
				<control type="label" id="7">
					<description>Label 7</description>
					<left>0</left>
					<top>262</top>
					<height>45</height>
					<width>1125</width>
					<label>-</label>
					<font>primal_20</font>
				</control>
				<control type="label" id="8">
					<description>Label 8</description>
					<left>0</left>
					<top>315</top>
					<height>45</height>
					<width>1125</width>
					<label>-</label>
					<font>primal_20</font>
				</control>
				<control type="label" id="9">
					<description>Label 9</description>
					<left>0</left>
					<top>368</top>
					<height>45</height>
					<width>1125</width>
					<label>-</label>
					<font>primal_20</font>
				</control>
				<control type="label" id="10">
					<description>Label 10</description>
					<left>0</left>
					<top>420</top>
					<height>45</height>
					<width>1125</width>
					<label>-</label>
					<font>primal_20</font>
				</control>
				<control type="label" id="11">
					<description>Label 11</description>
					<left>0</left>
					<top>472</top>
					<height>45</height>
					<width>1125</width>
					<label>-</label>
					<font>primal_20</font>
				</control>
				<control type="label" id="52">
					<description>CPU Text</description>
					<left>260</left>
					<top>630</top>
					<width>500</width>
					<height>38</height>
					<label>$LOCALIZE[13271] $INFO[System.CPUUsage]</label>
					<align>right</align>
					<aligny>center</aligny>
					<textcolor>$VAR[ColorFontNormal]</textcolor>
					<shadowcolor>$VAR[ColorFontShadow]</shadowcolor>
					<font>primal_16_Bold</font>
				</control>
				<control type="progress">
					<description>CPU BAR</description>
					<left>805</left>
					<top>642</top>
					<width>480</width>
					<height>14</height>
					<info>System.CPUUsage</info>
				</control>
				<control type="label" id="52">
					<description>Memory Text</description>
					<left>260</left>
					<top>575</top>
					<width>500</width>
					<height>38</height>
					<label>$LOCALIZE[50076] $INFO[system.memory(used.percent)]</label>
					<align>right</align>
					<aligny>center</aligny>
					<textcolor>$VAR[ColorFontNormal]</textcolor>
					<shadowcolor>$VAR[ColorFontShadow]</shadowcolor>
					<font>primal_16_Bold</font>
				</control>
				<control type="progress">
					<description>Memory BAR</description>
					<left>805</left>
					<top>586</top>
					<width>480</width>
					<height>14</height>
					<info>system.memory(used)</info>
				</control>
				<control type="textbox" id="30">
					<left>0</left>
					<top>105</top>
					<height>500</height>
					<width>1200</width>
					<align>justify</align>
					<font>primal_18</font>
					<textcolor>$VAR[ColorFontNormal]</textcolor>
					<shadowcolor>$VAR[ColorFontShadow]</shadowcolor>
					<pagecontrol>60</pagecontrol>
					<autoscroll delay="5000" repeat="7500" time="5000">true</autoscroll>
				</control>
			</control>
		</control>
	</controls>
</window>