<?xml version="1.0" encoding="UTF-8"?>
<overrides>

    <!-- Power menu: close before opening other window -->
     <groupoverride group="powermenu" condition="Window.IsActive(DialogButtonMenu.xml)">Close</groupoverride>
     
    <override action="dialog.close(all,true)">
        <action>System.LogOff</action>
    </override>
    
    <!-- Settings -->
    <widgetRename>True</widgetRename>

    <!-- Icons overrides -->
    <icon image="DefaultShortcut.png">special://skin/extras/icons/DefaultAddonVideo.png</icon>
    <icon labelID="videos">special://skin/extras/icons/DefaultAddonVideo.png</icon>
    <icon labelID="livetv">special://skin/extras/icons/DefaultTVGuide.png</icon>
    <icon labelID="radio">special://skin/extras/icons/DefaultRadioGuide.png</icon>
    
    <!-- Default Widgets -->
    <widgetdefault labelID="disc">DiscWidget</widgetdefault>
    <widgetdefault labelID="movies">MoviesWidget</widgetdefault>
    <widgetdefault labelID="tvshows">TVShowsWidget</widgetdefault>
    <widgetdefault labelID="music">MusicWidget</widgetdefault>
    <widgetdefault labelID="musicvideos">MusicVideosWidget</widgetdefault>
    <widgetdefault labelID="livetv">LiveTVWidget</widgetdefault>
    <widgetdefault labelID="radio">RadioWidget</widgetdefault>
    <widgetdefault labelID="games">GamesWidget</widgetdefault>
    <widgetdefault labelID="addons">AddonsWidget</widgetdefault>
    <widgetdefault labelID="pictures">PicturesWidget</widgetdefault>
    <widgetdefault labelID="video">VideoWidget</widgetdefault>
    <widgetdefault labelID="favorites">FavoritesWidget</widgetdefault>
    <widgetdefault labelID="weather">WeatherWidget</widgetdefault>
    
    <!-- Additionnal Widgets -->
    <widget label="427" icon="icons/sidemenu/disc.png">DiscWidget</widget>
    <widget label="342" icon="icons/sidemenu/movies.png">MoviesWidget</widget>
    <widget label="20343" icon="icons/sidemenu/tv.png">TVShowsWidget</widget>
    <widget label="2" icon="icons/sidemenu/music.png" >MusicWidget</widget>
    <widget label="20389" icon="icons/sidemenu/musicvideos.png">MusicVideosWidget</widget>
    <widget label="19020" icon="icons/sidemenu/livetv.png">LiveTVWidget</widget>
    <widget label="19021" icon="icons/sidemenu/radio.png">RadioWidget</widget>
    <widget label="15016" icon="icons/sidemenu/games.png">GamesWidget</widget>
    <widget label="24001" icon="icons/sidemenu/addons.png">AddonsWidget</widget>
    <widget label="1" icon="icons/sidemenu/pictures.png">PicturesWidget</widget>
    <widget label="3" icon="icons/sidemenu/videos.png">VideoWidget</widget>
    <widget label="10134" icon="icons/sidemenu/favourites.png">FavoritesWidget</widget>
    <widget label="8" icon="icons/sidemenu/weather.png">WeatherWidget</widget>
    <widget label="31366" icon="icons/PersonalList.png">PersonalWidgetList</widget>
    <widget label="31405" icon="icons/PersonalPanel.png">PersonalWidgetPanel</widget>

    <!-- Default Backgrounds -->
    <backgrounddefault labelID="disc">special://skin/extras/home-images/disc.jpg</backgrounddefault>
    <backgrounddefault labelID="movies">special://skin/extras/home-images/movies.jpg</backgrounddefault>
    <backgrounddefault labelID="tvshows">special://skin/extras/home-images/tvshows.jpg</backgrounddefault>
    <backgrounddefault labelID="music">special://skin/extras/home-images/music.jpg</backgrounddefault>
    <backgrounddefault labelID="musicvideos">special://skin/extras/home-images/musicvideos.jpg</backgrounddefault>
    <backgrounddefault labelID="livetv">special://skin/extras/home-images/livetv.jpg</backgrounddefault>
    <backgrounddefault labelID="radio">special://skin/extras/home-images/radio.jpg</backgrounddefault>
    <backgrounddefault labelID="games">special://skin/extras/home-images/games.jpg</backgrounddefault>
    <backgrounddefault labelID="addons">special://skin/extras/home-images/addons.jpg</backgrounddefault>
    <backgrounddefault labelID="pictures">special://skin/extras/home-images/pictures.jpg</backgrounddefault>
    <backgrounddefault labelID="video">special://skin/extras/home-images/video.jpg</backgrounddefault>
    <backgrounddefault labelID="favorites">special://skin/extras/home-images/favorites.jpg</backgrounddefault>
    <backgrounddefault labelID="weather">special://skin/extras/home-images/weather.jpg</backgrounddefault>
    <backgrounddefault labelID="libreelec">special://skin/extras/home-images/libreelec.png</backgrounddefault>
    <backgrounddefault labelID="coreelec">special://skin/extras/home-images/coreelec.png</backgrounddefault>

    <!-- Background -->
    <background label="smartshortcuts">||BROWSE||special://skin/extras/home-images</background>
    <backgroundBrowse default="protocol://">True</backgroundBrowse>

    <!-- Icons Directory -->
    <thumbnailBrowseDefault>special://skin/extras/user_home_icons/</thumbnailBrowseDefault>

     <!-- Context Menu -->
    <contextmenu>
        <enableon>211</enableon>
        <item control="303">$LOCALIZE[31328]</item>
        <item control="304">$LOCALIZE[31329]</item>
        <item control="313" condition="String.IsEqual(Container(211).ListItem.Property(skinshortcuts-disabled),False)">$LOCALIZE[31332]</item>
        <item control="313" condition="String.IsEqual(Container(211).ListItem.Property(skinshortcuts-disabled),True)">$LOCALIZE[31333]</item>
        <item control="301">$LOCALIZE[31330]</item>
        <item control="302">$LOCALIZE[31331]</item>
    </contextmenu>

    <!-- Widgets Settings -->
    <propertySettings property="widgetAspect.1" buttonID="14751" showNone="False" title="$LOCALIZE[31337] 1" />
	<property property="widgetAspect.1">$LOCALIZE[31338]</property>
	<property property="widgetAspect.1">$LOCALIZE[31339]</property>
	<property property="widgetAspect.1">$LOCALIZE[31321]</property>
	<property property="widgetAspect.1">$LOCALIZE[31340]</property>
	<property property="widgetAspect.1">$LOCALIZE[31410]</property>
	<property property="widgetAspect.1">$LOCALIZE[135]</property>
	<propertySettings property="widgetAspect.2" buttonID="14761" showNone="False" title="$LOCALIZE[31337] 2" />
	<property property="widgetAspect.2">$LOCALIZE[31338]</property>
	<property property="widgetAspect.2">$LOCALIZE[31339]</property>
	<property property="widgetAspect.2">$LOCALIZE[31321]</property>
	<property property="widgetAspect.2">$LOCALIZE[31340]</property>
	<property property="widgetAspect.2">$LOCALIZE[31410]</property>
	<property property="widgetAspect.2">$LOCALIZE[135]</property>
	<propertySettings property="widgetAspect.3" buttonID="14771" showNone="False" title="$LOCALIZE[31337] 3" />
	<property property="widgetAspect.3">$LOCALIZE[31338]</property>
	<property property="widgetAspect.3">$LOCALIZE[31339]</property>
	<property property="widgetAspect.3">$LOCALIZE[31321]</property>
	<property property="widgetAspect.3">$LOCALIZE[31340]</property>
	<property property="widgetAspect.3">$LOCALIZE[31410]</property>
	<property property="widgetAspect.3">$LOCALIZE[135]</property>
	<propertySettings property="widgetAspect.4" buttonID="14781" showNone="False" title="$LOCALIZE[31337] 4" />
	<property property="widgetAspect.4">$LOCALIZE[31338]</property>
	<property property="widgetAspect.4">$LOCALIZE[31339]</property>
	<property property="widgetAspect.4">$LOCALIZE[31321]</property>
	<property property="widgetAspect.4">$LOCALIZE[31340]</property>
	<property property="widgetAspect.4">$LOCALIZE[31410]</property>
	<property property="widgetAspect.4">$LOCALIZE[135]</property>
	<propertySettings property="widgetAspect.5" buttonID="14791" showNone="False" title="$LOCALIZE[31337] 5" />
	<property property="widgetAspect.5">$LOCALIZE[31338]</property>
	<property property="widgetAspect.5">$LOCALIZE[31339]</property>
	<property property="widgetAspect.5">$LOCALIZE[31321]</property>
	<property property="widgetAspect.5">$LOCALIZE[31340]</property>
	<property property="widgetAspect.5">$LOCALIZE[31410]</property>
	<property property="widgetAspect.5">$LOCALIZE[135]</property>
	<propertySettings property="widgetAspect.6" buttonID="14801" showNone="False" title="$LOCALIZE[31337] 6" />
	<property property="widgetAspect.6">$LOCALIZE[31338]</property>
	<property property="widgetAspect.6">$LOCALIZE[31339]</property>
	<property property="widgetAspect.6">$LOCALIZE[31321]</property>
	<property property="widgetAspect.6">$LOCALIZE[31340]</property>
	<property property="widgetAspect.6">$LOCALIZE[31410]</property>
	<property property="widgetAspect.6">$LOCALIZE[135]</property>
	<propertySettings property="widgetAspect.7" buttonID="14811" showNone="False" title="$LOCALIZE[31337] 7" />
	<property property="widgetAspect.7">$LOCALIZE[31338]</property>
	<property property="widgetAspect.7">$LOCALIZE[31339]</property>
	<property property="widgetAspect.7">$LOCALIZE[31321]</property>
	<property property="widgetAspect.7">$LOCALIZE[31340]</property>
	<property property="widgetAspect.7">$LOCALIZE[31410]</property>
	<property property="widgetAspect.7">$LOCALIZE[135]</property>
	<propertySettings property="widgetAspect.8" buttonID="14821" showNone="False" title="$LOCALIZE[31337] 8" />
	<property property="widgetAspect.8">$LOCALIZE[31338]</property>
	<property property="widgetAspect.8">$LOCALIZE[31339]</property>
	<property property="widgetAspect.8">$LOCALIZE[31321]</property>
	<property property="widgetAspect.8">$LOCALIZE[31340]</property>
	<property property="widgetAspect.8">$LOCALIZE[31410]</property>
	<property property="widgetAspect.8">$LOCALIZE[135]</property>
	<propertySettings property="widgetAspect.9" buttonID="14831" showNone="False" title="$LOCALIZE[31337]" />
	<property property="widgetAspect.9">$LOCALIZE[31403]</property>
	<property property="widgetAspect.9">$LOCALIZE[31406]</property>
	<property property="widgetAspect.9">$LOCALIZE[31407]</property>
	<property property="widgetAspect.9">$LOCALIZE[31408]</property>
	<property property="widgetAspect.9">$LOCALIZE[31409]</property>
	<property property="widgetAspect.9">$LOCALIZE[31411]</property>
	<property property="widgetAspect.9">$LOCALIZE[31466]</property>

	<propertySettings property="widgetSortBy.1" buttonID="14752" showNone="True" title="$LOCALIZE[31367] 1" />
	<property property="widgetSortBy.1">$LOCALIZE[551]</property>
	<property property="widgetSortBy.1">$LOCALIZE[562]</property>
	<property property="widgetSortBy.1">$LOCALIZE[563]</property>
	<property property="widgetSortBy.1">$LOCALIZE[180]</property>
	<property property="widgetSortBy.1">$LOCALIZE[570]</property>
    <property property="widgetSortBy.1">$LOCALIZE[567]</property>
    <property property="widgetSortBy.1">$LOCALIZE[568]</property>
    <property property="widgetSortBy.1">$LOCALIZE[12012]</property>
    <property property="widgetSortBy.1">$LOCALIZE[135]</property>
    <property property="widgetSortBy.1">$LOCALIZE[590]</property>
    <propertySettings property="widgetSortBy.2" buttonID="14762" showNone="True" title="$LOCALIZE[31367] 2" />
	<property property="widgetSortBy.2">$LOCALIZE[551]</property>
	<property property="widgetSortBy.2">$LOCALIZE[562]</property>
	<property property="widgetSortBy.2">$LOCALIZE[563]</property>
	<property property="widgetSortBy.2">$LOCALIZE[180]</property>
	<property property="widgetSortBy.2">$LOCALIZE[570]</property>
    <property property="widgetSortBy.2">$LOCALIZE[567]</property>
    <property property="widgetSortBy.2">$LOCALIZE[568]</property>
    <property property="widgetSortBy.2">$LOCALIZE[12012]</property>
    <property property="widgetSortBy.2">$LOCALIZE[135]</property>
    <property property="widgetSortBy.2">$LOCALIZE[590]</property>
    <propertySettings property="widgetSortBy.3" buttonID="14772" showNone="True" title="$LOCALIZE[31367] 3" />
	<property property="widgetSortBy.3">$LOCALIZE[551]</property>
	<property property="widgetSortBy.3">$LOCALIZE[562]</property>
	<property property="widgetSortBy.3">$LOCALIZE[563]</property>
	<property property="widgetSortBy.3">$LOCALIZE[180]</property>
	<property property="widgetSortBy.3">$LOCALIZE[570]</property>
    <property property="widgetSortBy.3">$LOCALIZE[567]</property>
    <property property="widgetSortBy.3">$LOCALIZE[568]</property>
    <property property="widgetSortBy.3">$LOCALIZE[12012]</property>
    <property property="widgetSortBy.3">$LOCALIZE[135]</property>
    <property property="widgetSortBy.3">$LOCALIZE[590]</property>
    <propertySettings property="widgetSortBy.4" buttonID="14782" showNone="True" title="$LOCALIZE[31367] 4" />
	<property property="widgetSortBy.4">$LOCALIZE[551]</property>
	<property property="widgetSortBy.4">$LOCALIZE[562]</property>
	<property property="widgetSortBy.4">$LOCALIZE[563]</property>
	<property property="widgetSortBy.4">$LOCALIZE[180]</property>
	<property property="widgetSortBy.4">$LOCALIZE[570]</property>
    <property property="widgetSortBy.4">$LOCALIZE[567]</property>
    <property property="widgetSortBy.4">$LOCALIZE[568]</property>
    <property property="widgetSortBy.4">$LOCALIZE[12012]</property>
    <property property="widgetSortBy.4">$LOCALIZE[135]</property>
    <property property="widgetSortBy.4">$LOCALIZE[590]</property>
    <propertySettings property="widgetSortBy.5" buttonID="14792" showNone="True" title="$LOCALIZE[31367] 5" />
	<property property="widgetSortBy.5">$LOCALIZE[551]</property>
	<property property="widgetSortBy.5">$LOCALIZE[562]</property>
	<property property="widgetSortBy.5">$LOCALIZE[563]</property>
	<property property="widgetSortBy.5">$LOCALIZE[180]</property>
	<property property="widgetSortBy.5">$LOCALIZE[570]</property>
    <property property="widgetSortBy.5">$LOCALIZE[567]</property>
    <property property="widgetSortBy.5">$LOCALIZE[568]</property>
    <property property="widgetSortBy.5">$LOCALIZE[12012]</property>
    <property property="widgetSortBy.5">$LOCALIZE[135]</property>
    <property property="widgetSortBy.5">$LOCALIZE[590]</property>
    <propertySettings property="widgetSortBy.6" buttonID="14802" showNone="True" title="$LOCALIZE[31367] 6" />
	<property property="widgetSortBy.6">$LOCALIZE[551]</property>
	<property property="widgetSortBy.6">$LOCALIZE[562]</property>
	<property property="widgetSortBy.6">$LOCALIZE[563]</property>
	<property property="widgetSortBy.6">$LOCALIZE[180]</property>
	<property property="widgetSortBy.6">$LOCALIZE[570]</property>
    <property property="widgetSortBy.6">$LOCALIZE[567]</property>
    <property property="widgetSortBy.6">$LOCALIZE[568]</property>
    <property property="widgetSortBy.6">$LOCALIZE[12012]</property>
    <property property="widgetSortBy.6">$LOCALIZE[135]</property>
    <property property="widgetSortBy.6">$LOCALIZE[590]</property>
    <propertySettings property="widgetSortBy.7" buttonID="14812" showNone="True" title="$LOCALIZE[31367] 7" />
	<property property="widgetSortBy.7">$LOCALIZE[551]</property>
	<property property="widgetSortBy.7">$LOCALIZE[562]</property>
	<property property="widgetSortBy.7">$LOCALIZE[563]</property>
	<property property="widgetSortBy.7">$LOCALIZE[180]</property>
	<property property="widgetSortBy.7">$LOCALIZE[570]</property>
    <property property="widgetSortBy.7">$LOCALIZE[567]</property>
    <property property="widgetSortBy.7">$LOCALIZE[568]</property>
    <property property="widgetSortBy.7">$LOCALIZE[12012]</property>
    <property property="widgetSortBy.7">$LOCALIZE[135]</property>
    <property property="widgetSortBy.7">$LOCALIZE[590]</property>
    <propertySettings property="widgetSortBy.8" buttonID="14822" showNone="True" title="$LOCALIZE[31367] 8" />
	<property property="widgetSortBy.8">$LOCALIZE[551]</property>
	<property property="widgetSortBy.8">$LOCALIZE[562]</property>
	<property property="widgetSortBy.8">$LOCALIZE[563]</property>
	<property property="widgetSortBy.8">$LOCALIZE[180]</property>
	<property property="widgetSortBy.8">$LOCALIZE[570]</property>
    <property property="widgetSortBy.8">$LOCALIZE[567]</property>
    <property property="widgetSortBy.8">$LOCALIZE[568]</property>
    <property property="widgetSortBy.8">$LOCALIZE[12012]</property>
    <property property="widgetSortBy.8">$LOCALIZE[135]</property>
    <property property="widgetSortBy.8">$LOCALIZE[590]</property>
    <propertySettings property="widgetSortBy.9" buttonID="14832" showNone="True" title="$LOCALIZE[31367]" />
	<property property="widgetSortBy.9">$LOCALIZE[551]</property>
	<property property="widgetSortBy.9">$LOCALIZE[562]</property>
	<property property="widgetSortBy.9">$LOCALIZE[563]</property>
	<property property="widgetSortBy.9">$LOCALIZE[180]</property>
	<property property="widgetSortBy.9">$LOCALIZE[570]</property>
    <property property="widgetSortBy.9">$LOCALIZE[567]</property>
    <property property="widgetSortBy.9">$LOCALIZE[568]</property>
    <property property="widgetSortBy.9">$LOCALIZE[12012]</property>
    <property property="widgetSortBy.9">$LOCALIZE[135]</property>
    <property property="widgetSortBy.9">$LOCALIZE[590]</property>

    <propertySettings property="widgetSortDirection.1" buttonID="14753" showNone="True" title="$LOCALIZE[31368] 1" />
    <property property="widgetSortDirection.1">$LOCALIZE[584]</property>
    <property property="widgetSortDirection.1">$LOCALIZE[585]</property>
    <propertySettings property="widgetSortDirection.2" buttonID="14763" showNone="True" title="$LOCALIZE[31368] 2" />
    <property property="widgetSortDirection.2">$LOCALIZE[584]</property>
    <property property="widgetSortDirection.2">$LOCALIZE[585]</property>
    <propertySettings property="widgetSortDirection.3" buttonID="14773" showNone="True" title="$LOCALIZE[31368] 3" />
    <property property="widgetSortDirection.3">$LOCALIZE[584]</property>
    <property property="widgetSortDirection.3">$LOCALIZE[585]</property>
    <propertySettings property="widgetSortDirection.4" buttonID="14783" showNone="True" title="$LOCALIZE[31368] 4" />
    <property property="widgetSortDirection.4">$LOCALIZE[584]</property>
    <property property="widgetSortDirection.4">$LOCALIZE[585]</property>
    <propertySettings property="widgetSortDirection.5" buttonID="14793" showNone="True" title="$LOCALIZE[31368] 5" />
    <property property="widgetSortDirection.5">$LOCALIZE[584]</property>
    <property property="widgetSortDirection.5">$LOCALIZE[585]</property>
    <propertySettings property="widgetSortDirection.6" buttonID="14803" showNone="True" title="$LOCALIZE[31368] 6" />
    <property property="widgetSortDirection.6">$LOCALIZE[584]</property>
    <property property="widgetSortDirection.6">$LOCALIZE[585]</property>
    <propertySettings property="widgetSortDirection.7" buttonID="14813" showNone="True" title="$LOCALIZE[31368] 7" />
    <property property="widgetSortDirection.7">$LOCALIZE[584]</property>
    <property property="widgetSortDirection.7">$LOCALIZE[585]</property>
    <propertySettings property="widgetSortDirection.8" buttonID="14823" showNone="True" title="$LOCALIZE[31368] 8" />
    <property property="widgetSortDirection.8">$LOCALIZE[584]</property>
    <property property="widgetSortDirection.8">$LOCALIZE[585]</property>
    <propertySettings property="widgetSortDirection.9" buttonID="14833" showNone="True" title="$LOCALIZE[31368]" />
    <property property="widgetSortDirection.9">$LOCALIZE[584]</property>
    <property property="widgetSortDirection.9">$LOCALIZE[585]</property>

	<propertySettings toggle="HideSubMenu" buttonID="3129" templateonly="True" />

	<propertySettings property="ParentalControl" buttonID="993" title="$LOCALIZE[31386]" showNone="False" imageBrowse="False" />
	<property property="ParentalControl" label="$LOCALIZE[106]" icon="icons/parental-control/lock_no.png">No</property>
	<property property="ParentalControl" label="$LOCALIZE[107]" icon="icons/parental-control/lock_yes.png">Yes</property>
	<alwaysReset>True</alwaysReset>

    <!-- Groupings -->
    <groupings>
        <node label="32030">
            <content>video</content>
            <node label="32040">
                <content>playlist-video</content>
            </node>
            <node label="32010">
                <shortcut label="1037" type="32014" icon="DefaultAddonVideo.png">ActivateWindow(Videos,Addons,return)</shortcut>
                <content>addon-video</content>
            </node>
            <node label="32075">
                <content>videosources</content>
                <content>upnp-video</content>
            </node>
        </node>
        <node label="32031">
            <content>music</content>
            <node label="32040">
                <content>playlist-audio</content>
            </node>
            <node label="32011">
                <shortcut label="1038" type="32019" icon="DefaultAddonMusic.png">ActivateWindow(MusicLibrary,Addons,return)</shortcut>
                <content>addon-audio</content>
            </node>
            <node label="32075">
                <content>musicsources</content>
                <content>upnp-music</content>
            </node>
        </node>
        <node label="32017" condition="System.GetBool(pvrmanager.enabled)" version="13">
            <content>pvr</content>
            <node label="19023">
                <content>pvr-tv</content>
            </node>
            <node label="19024">
                <content>pvr-radio</content>
            </node>
        </node>
        <node label="32017" condition="PVR.HasTVChannels">
            <content>pvr</content>
            <node label="19023">
                <content>pvr-tv</content>
            </node>
        </node>
        <node label="32087" condition="PVR.HasRadioChannels">
            <content>radio</content>
            <node label="19024">
                <content>pvr-radio</content>
            </node>
        </node>
        <node label="32020">
            <content>picturesources</content>
        </node>
        <node label="32007">
            <node label="32009">
                <shortcut label="10001" type="32021" icon="DefaultAddonProgram.png">ActivateWindow(Programs,Addons,return)</shortcut>
                <shortcut label="20244" type="32021" icon="DefaultAddonProgram.png" condition="System.Platform.Android">ActivateWindow(Programs,androidapp://sources/apps,return)</shortcut>
                <content>addon-program</content>
            </node>
            <node label="32010">
                <shortcut label="1037" type="32014" icon="DefaultAddonVideo.png">ActivateWindow(Videos,Addons,return)</shortcut>
                <content>addon-video</content>
            </node>
            <node label="32011">
                <shortcut label="1038" type="32019" icon="DefaultAddonMusic.png">ActivateWindow(MusicLibrary,Addons,return)</shortcut>
                <content>addon-audio</content>
            </node>
            <node label="32012">
                <shortcut label="1039" type="32020" icon="DefaultAddonPicture.png">ActivateWindow(Pictures,Addons,return)</shortcut>
                <content>addon-image</content>
            </node>
        </node>
        <node label="32006">
            <content>favourite</content>
        </node>
        <node label="10004">
            <content>settings</content>
        </node>
        <node label="32054">
            <shortcut label="20183" type="32054" icon="ReloadSkin.png">ReloadSkin()</shortcut>
            <content>commands</content>
        </node>
    </groupings>
    <widget-groupings>
        <node label="31327" condition="!String.IsEmpty(Window(home).Property(WidgetVisibility))">
            <shortcut label="427" icon="icons/sidemenu/disc.png" widget="DiscWidget" condition="System.HasMediaDVD">DiscWidget</shortcut>
            <shortcut label="342" icon="icons/sidemenu/movies.png" widget="MoviesWidget">MoviesWidget</shortcut>
            <shortcut label="20343" icon="icons/sidemenu/tv.png" widget="TVShowsWidget">TVShowsWidget</shortcut>
            <shortcut label="2" icon="icons/sidemenu/music.png" widget="MusicWidget">MusicWidget</shortcut>
            <shortcut label="20389" icon="icons/sidemenu/musicvideos.png" widget="MusicVideosWidget">MusicVideosWidget</shortcut>
            <shortcut label="19020" icon="icons/sidemenu/livetv.png" widget="LiveTVWidget">LiveTVWidget</shortcut>
            <shortcut label="19021" icon="icons/sidemenu/radio.png" widget="RadioWidget">RadioWidget</shortcut>
            <shortcut label="15016" icon="icons/sidemenu/games.png" widget="GamesWidget" condition="System.GetBool(gamesgeneral.enable)">GamesWidget</shortcut>
            <shortcut label="24001" icon="icons/sidemenu/addons.png" widget="AddonsWidget">AddonsWidget</shortcut>
            <shortcut label="1" icon="icons/sidemenu/pictures.png" widget="PicturesWidget">PicturesWidget</shortcut>
            <shortcut label="3" icon="icons/sidemenu/videos.png" widget="VideoWidget">VideoWidget</shortcut>
            <shortcut label="10134" icon="icons/sidemenu/favourites.png" widget="FavoritesWidget">FavoritesWidget</shortcut>
            <shortcut label="8" icon="icons/sidemenu/weather.png" widget="WeatherWidget">WeatherWidget</shortcut>
        </node>
        <!-- <node label="31404" condition="!String.IsEmpty(Window(home).Property(WidgetVisibility))">
            <shortcut label="31366" icon="icons/PersonalList.png" widget="PersonalWidgetList">PersonalWidgetList</shortcut>
            <shortcut label="31405" icon="icons/PersonalPanel.png" widget="PersonalWidgetPanel">PersonalWidgetPanel</shortcut>
        </node> -->
        <node label="32030" condition="String.IsEmpty(Window(home).Property(WidgetVisibility))">
            <content>video</content>
            <node label="32040">
                <content>playlist-video</content>
            </node>
            <node label="32010">
                <content>addon-video</content>
            </node>
            <node label="32075">
                <content>videosources</content>
            </node>
        </node>
        <node label="32031" condition="String.IsEmpty(Window(home).Property(WidgetVisibility))">
            <content>music</content>
            <node label="32040">
                <content>playlist-audio</content>
            </node>
            <node label="32011">
                <content>addon-audio</content>
            </node>
            <node label="32075">
                <content>musicsources</content>
            </node>
        </node>
        <node label="32020" condition="String.IsEmpty(Window(home).Property(WidgetVisibility))">
            <content>picturesources</content>
        </node>
        <node label="32007" condition="String.IsEmpty(Window(home).Property(WidgetVisibility))">
            <node label="32009">
                <content>addon-program-plugin</content>
            </node>
            <node label="32010">
                <content>addon-video</content>
            </node>
            <node label="32011">
                <content>addon-audio</content>
            </node>
            <node label="32012">
                <content>addon-image</content>
            </node>
            <shortcut label="10001" type="32021" icon="DefaultAddonProgram.png" widget="addon" widgetType="program" widgetTarget="programs">addons://sources/executable</shortcut>
            <shortcut label="20244" type="32021" icon="DefaultAddonProgram.png" widget="addon" widgetType="program" widgetTarget="programs" condition="System.Platform.Android">androidapp://sources/apps</shortcut>
            <shortcut label="1037" type="32014" icon="DefaultAddonVideo.png" widget="addon" widgetType="video" widgetTarget="video">addons://sources/video</shortcut>
            <shortcut label="1038" type="32019" icon="DefaultAddonMusic.png" widget="addon" widgetType="music" widgetTarget="music">addons://sources/audio</shortcut>
            <shortcut label="1039" type="32020" icon="DefaultAddonPicture.png" widget="addon" widgetType="picture" widgetTarget="pictures">addons://sources/image</shortcut>
        </node>
    </widget-groupings>
</overrides>