<?xml version="1.0" encoding="UTF-8"?>
<!-- Estuary KM 2023.04 -->
<window>
	<onload>RunScript(script.skinshortcuts,type=buildxml&amp;mainmenuID=9000&amp;group=mainmenu)</onload>
	<defaultcontrol>9000</defaultcontrol>
	<controls>
			<control type="button" id="1104">
					<top>30</top>
					<left>150</left>
					<ondown>100</ondown>
					<width>50</width>
					<height>50</height>
					<texturefocus colordiffuse="button_focus">special://skin/media/km_icon/keyboard/search_icon.png</texturefocus>
					<texturenofocus>special://skin/media/km_icon/keyboard/search_icon.png</texturenofocus>
					<onleft>9000</onleft>
					<onfocus condition="!System.HasAddon(script.globalsearch)">InstallAddon(script.globalsearch)</onfocus>
					<onfocus>RunScript(script.globalsearch)</onfocus>
					<visible>String.IsEqual(Container(9000).ListItem.Property(defaultID),home)</visible>
			</control>
		<control type="button" id="20000">
			<include>HiddenObject</include>
			<animation effect="fade" time="300" start="100" end="0">Focus</animation>
			<onfocus>SetFocus(22000)</onfocus>
			<onclick>noop</onclick>
			<visible allowhiddenfocus="true">Control.HasFocus(20000)</visible>
		</control>
		<control type="button" id="20001">
			<include>HiddenObject</include>
			<animation effect="fade" time="300" start="100" end="0">Focus</animation>
			<onfocus>SetFocus(22000)</onfocus>
			<onclick>noop</onclick>
			<visible allowhiddenfocus="true">Control.HasFocus(20001)</visible>
		</control>
		<include>DefaultBackground</include>
		<control type="multiimage">
			<depth>DepthBackground</depth>
			<include>FullScreenDimensions</include>
			<aspectratio>scale</aspectratio>
			<fadetime>600</fadetime>
			<animation effect="zoom" center="auto" end="102,102" time="0" condition="Integer.IsGreater(System.StereoscopicMode,0)">conditional</animation>
			<animation effect="fade" start="0" end="100" time="400">WindowOpen</animation>
			<animation effect="fade" start="100" end="0" time="300">WindowClose</animation>
			<animation effect="fade" time="400">VisibleChange</animation>
			<visible>!Player.HasMedia</visible>
		</control>
		<control type="group">
		</control>
		<control type="group">
			<animation type="Conditional" condition="String.IsEqual(Container(9000).ListItem.Property(defaultID),home)" reversible="false"><effect type="fade" start="0" end="100" time="250" delay="1000" /></animation>
			<animation type="Conditional" condition="String.IsEqual(Container(9000).ListItem.Property(widget),MoviesWidget)" reversible="false"><effect type="fade" start="0" end="100" time="250" delay="1000" /></animation>
			<animation type="Conditional" condition="String.IsEqual(Container(9000).ListItem.Property(widget),TVShowsWidget)" reversible="false"><effect type="fade" start="0" end="100" time="250" delay="1000" /></animation>
			<visible>Library.HasContent(movies) | Library.HasContent(TVShows) </visible>
			<include content="Wraplist_Home_buttons"></include>
		</control>
		<!-- Home Random Widet - Home -->
		<control type="group">
			<visible>String.IsEqual(Container(9000).ListItem.Property(defaultID),home) + !ControlGroup(4000).HasFocus</visible>
			<animation type="Conditional" condition="String.IsEqual(Container(9000).ListItem.Property(defaultID),home)" reversible="false"><effect type="fade" start="0" end="100" time="250" delay="250" /></animation>
			<control type="wraplist" id="1000">
				<top>-3000</top>
				<left>-3000</left>
				<scrolltime tween="sine" easing="out">9000</scrolltime>
				<autoscroll>true</autoscroll>
				<focusposition>3</focusposition>
				<preloaditems>3</preloaditems>
				<width>1</width>
				<height>1</height>
				<itemlayout/>
				<focusedlayout></focusedlayout>
				<content>special://skin/playlists/random_movies.xsp</content>
			</control>
			<include content="Meta_wraplist_Home"></include>
			<include content="Wraplist_Home_Corner_fanart_Home"></include>
			<include content="Wraplist_BusyListSpinner_Small"></include>
		</control>
		<!-- Home Random Widet - Movie -->
		<control type="group">
			<visible>String.IsEqual(Container(9000).ListItem.Property(widget),MoviesWidget) + !ControlGroup(5000).HasFocus</visible>
			<animation type="Conditional" condition="String.IsEqual(Container(9000).ListItem.Property(widget),MoviesWidget)" reversible="false"><effect type="fade" start="0" end="100" time="250" delay="250" /></animation>
			<control type="wraplist" id="2000">
				<!-- <visible>Integer.IsGreater(Container(5000).NumItems,0) | Container(5000).IsUpdating</visible> -->
				<top>-3000</top>
				<left>-3000</left>
			    <scrolltime tween="sine" easing="out">18000</scrolltime>
				<autoscroll>true</autoscroll>
				<focusposition>3</focusposition>
				<preloaditems>3</preloaditems>
				<width>1</width>
				<height>1</height>
				<itemlayout/>
				<focusedlayout></focusedlayout>
				<content>special://skin/playlists/TopRatedMovies.xsp</content>
			</control>
			<include content="Meta_wraplist_Movie"></include>
			<include content="Wraplist_Home_Corner_fanart_Movie"></include>
			<include content="Wraplist_BusyListSpinner_Small"></include>
		</control>
		<!-- Home Random Widet - TVshows -->
		<control type="group">
			<visible>String.IsEqual(Container(9000).ListItem.Property(widget),TVShowsWidget) + !ControlGroup(6000).HasFocus </visible>
			<animation type="Conditional" condition="String.IsEqual(Container(9000).ListItem.Property(widget),TVShowsWidget)" reversible="false"><effect type="fade" start="0" end="100" time="250" delay="250" /></animation>
			<control type="wraplist" id="3000">
				<top>-3000</top>
				<left>-3000</left>
				<scrolltime tween="sine" easing="out">18000</scrolltime>
				<autoscroll>true</autoscroll>
				<focusposition>0</focusposition>
				<preloaditems>3</preloaditems>
				<width>1</width>
				<height>1</height>
				<itemlayout/>
				<focusedlayout></focusedlayout>
				<content>special://skin/playlists/RandomTvShows.xsp</content>
			</control>
			<include content="Meta_wraplist_TVshows"></include>
			<include content="Wraplist_Home_Corner_fanart_TVShows"></include>
			<include content="Wraplist_BusyListSpinner_Small"></include>
		</control>
		<control type="group">
			<animation effect="fade" start="100" end="0" time="200" tween="sine" condition="$EXP[infodialog_active]">Conditional</animation>
			<control type="group" id="22000">
				<left>150</left>
				<animation type="Conditional" condition="Control.IsVisible(20000)" reversible="false">
					<effect type="slide" end="0,20" time="60" tween="sine" />
					<effect type="slide" end="0,-20" time="180" tween="sine" delay="80" />
				</animation>
				<animation type="Conditional" condition="Control.IsVisible(20001)" reversible="false">
					<effect type="slide" end="0,-20" time="60" tween="sine" />
					<effect type="slide" end="0,20" time="180" tween="sine" delay="80" />
				</animation>
				<include>OpenClose_Right</include>
				<!-- Home -->
				<control type="group" id="4000">
					<visible>String.IsEqual(Container(9000).ListItem.Property(defaultID),home)</visible>
					<!-- <include content="Visible_Right_Delayed">
					<param name="id" value="home"/>
					</include> -->
					<include content="Meta_Home_Corner_fanart"></include>
					<include content="Meta_Home_A"></include>
					<include content="Meta_Home_B"></include>
					<include content="Meta_Home_C"></include>
					<control type="grouplist" id="4501">
						<top>520</top>
						<include>WidgetGroupListCommon</include>
						<pagecontrol>4010</pagecontrol>
						<include content="WidgetListPoster_Home" condition="Library.HasContent(movies)">
							<param name="content_path" value="special://skin/playlists/inprogress_movies.xsp"/>
							<param name="sortby" value="lastplayed"/>
							<param name="sortorder" value="descending"/>
							<param name="widget_header" value="이어보기-영화"/>
							<param name="widget_target" value="videos"/>
							<param name="list_id" value="4510"/>
						</include>
						<include content="WidgetListPoster_Home" condition="Library.HasContent(tvshows)">
							<param name="content_path" value="videodb://inprogresstvshows"/>
							<param name="sortby" value="lastplayed"/>
							<param name="sortorder" value="descending"/>
							<param name="widget_header" value="이어보기-TV쇼"/>
							<param name="widget_target" value="videos"/>
							<param name="list_id" value="4520"/>
						</include>
						<include content="WidgetListPoster_Home" condition="Library.HasContent(movies)">
							<param name="content_path" value="videodb://recentlyaddedmovies"/>
							<param name="widget_header" value="최근 추가-영화"/>
							<param name="widget_target" value="videos"/>
							<param name="list_id" value="4530"/>
						</include>
						<include content="WidgetListPoster_Home" condition="Library.HasContent(tvshows)">
							<param name="content_path" value="special://skin/playlists/recentlyaddedshows.xsp"/>
							<param name="widget_header" value="최근 추가-TV쇼"/>
							<param name="widget_target" value="videos"/>
							<param name="list_id" value="4540"/>
						</include>
					</control>
					<include content="ImageWidget" condition="!Library.HasContent(movies)">
						<param name="text_label" value="$LOCALIZE[31104]" />
						<param name="button_label" value="$LOCALIZE[31110]" />
						<param name="button_onclick" value="ActivateWindow(videos,files,return)"/>
						<param name="button_id" value="4500"/>
						<param name="button2_onclick" value="Skin.SetBool(HomeMenuNoMovieButton)"/>
					</include>
					<include content="WidgetScrollbar" condition="Skin.HasSetting(touchmode)">
						<param name="scrollbar_id" value="4010"/>
					</include>
				</control>
				<!-- Home Movies -->
				<control type="group" id="5000">
					<visible>String.IsEqual(Container(9000).ListItem.Property(widget),MoviesWidget)</visible>
					<include content="Meta_Home_Corner_fanart"></include>
					<include content="Meta_Home_A"></include>
					<include content="Meta_Home_B"></include>
					<include content="Meta_Home_C"></include>
					<control type="grouplist" id="5501">
						<top>520</top>
						<include>WidgetGroupListCommon</include>
						<pagecontrol>5010</pagecontrol>
						<include content="WidgetListPoster" condition="Library.HasContent(movies)">
							<param name="content_path" value="special://skin/playlists/inprogress_movies.xsp"/>
							<param name="widget_header" value="이어보기"/>
							<param name="widget_target" value="videos"/>
							<param name="list_id" value="5510"/>
						</include>
						<include content="WidgetListPoster" condition="Library.HasContent(movies)">
							<param name="content_path" value="special://skin/playlists/Spotlight.xsp"/>
							<param name="widget_header" value="최근개봉"/>
							<param name="sortorder" value="year"/>
							<param name="widget_target" value="videos"/>
							<param name="list_id" value="5520"/>
						</include>
						<include content="WidgetListPoster" condition="Library.HasContent(movies)">
							<param name="content_path" value="videodb://recentlyaddedmovies/"/>
							<param name="widget_header" value="최근 추가"/>
							<param name="sortorder" value="year"/>
							<param name="widget_target" value="videos"/>
							<param name="list_id" value="5530"/>
						</include>
						<include content="WidgetListPoster" condition="Library.HasContent(movies)">
							<param name="content_path" value="special://skin/playlists/TopRatedMovies.xsp"/>
							<param name="widget_header" value="평점순"/>
							<param name="widget_target" value="videos"/>
							<param name="list_id" value="5540"/>
						</include>
						<include content="WidgetListPoster" condition="Library.HasContent(movies)">
							<param name="content_path" value="special://skin/playlists/4KMovies.xsp"/>
							<param name="widget_header" value="UHD"/>
							<param name="widget_target" value="videos"/>
							<param name="list_id" value="5550"/>
						</include>
						<include content="WidgetListPoster" condition="Library.HasContent(movies)">
							<param name="content_path" value="special://skin/playlists/watched_movies.xsp"/>
							<param name="widget_header" value="최근 감상"/>
							<param name="widget_target" value="videos"/>
							<param name="list_id" value="5560"/>
						</include>
						<include content="WidgetListPoster" condition="Library.HasContent(movies)">
							<param name="content_path" value="special://skin/playlists/random_movies.xsp"/>
							<param name="widget_header" value="무작위"/>
							<param name="widget_target" value="videos"/>
							<param name="list_id" value="5570"/>
						</include>
					</control>
					<include content="ImageWidget" condition="!Library.HasContent(movies)">
						<param name="text_label" value="$LOCALIZE[31104]" />
						<param name="button_label" value="$LOCALIZE[31110]" />
						<param name="button_onclick" value="ActivateWindow(videos,files,return)"/>
						<param name="button_id" value="5500"/>
						<param name="button2_onclick" value="Skin.SetBool(HomeMenuNoMovieButton)"/>
					</include>
					<include content="WidgetScrollbar" condition="Skin.HasSetting(touchmode)">
						<param name="scrollbar_id" value="5010"/>
					</include>
				</control>
				<!-- Home TV shows -->
				<control type="group" id="6000">
					<visible>String.IsEqual(Container(9000).ListItem.Property(widget),TVShowsWidget)</visible>
					<animation type="Conditional" condition="String.IsEqual(Container(9000).ListItem.Property(widget),TVShowsWidget)" reversible="false"><effect type="fade" start="0" end="100" time="250" delay="500" /></animation>
					<include content="Meta_Home_Corner_fanart"></include>
					<include content="Meta_Home_A_Show"></include>
					<include content="Meta_Home_TVshow"></include>
					<include content="Meta_Home_C"></include>
					<control type="grouplist" id="6001">
						<top>520</top>
						<pagecontrol>6010</pagecontrol>
						<include>WidgetGroupListCommon</include>
						<include content="WidgetListPoster_tvshow" condition="Library.HasContent(tvshows)">
							<param name="content_path" value="special://skin/playlists/RecentShows.xsp"/>
							<param name="sortby" value="lastplayed"/>
							<param name="sortorder" value="descending"/>
							<param name="widget_header" value="이어보기"/>
							<param name="widget_target" value="videos"/>
							<param name="list_id" value="6100"/>
							<param name="onclick_condition" value="true"/>
						</include>
						<include content="WidgetListEpisodes" condition="Library.HasContent(tvshows)">
							<param name="content_path" value="special://skin/playlists/InProgressEpisodes.xsp"/>
							<param name="widget_header" value="시청중인 에피소드"/>
							<param name="widget_target" value="videos"/>
							<param name="list_id" value="6200"/>
						</include>
						<include content="WidgetListPoster_tvshow" condition="Library.HasContent(tvshows)">
							<param name="content_path" value="special://skin/playlists/recentlyaddedshows.xsp"/>
							<param name="sortby" value="lastplayed"/>
							<param name="sortorder" value="descending"/>
							<param name="widget_header" value="최근 추가 TV쇼"/>
							<param name="widget_target" value="videos"/>
							<param name="list_id" value="6300"/>
							<param name="onclick_condition" value="true"/>
						</include>
						<include content="WidgetListEpisodes" condition="Library.HasContent(tvshows)">
							<param name="content_path" value="special://skin/playlists/recent_unwatched_episodes.xsp"/>
							<param name="widget_header" value="$LOCALIZE[20387]"/>
							<param name="widget_target" value="videos"/>
							<param name="list_id" value="6400"/>
						</include>
						
						<include content="WidgetListPoster_tvshow" condition="Library.HasContent(tvshows)">
							<param name="content_path" value="special://skin/playlists/unwatched_tvshows.xsp"/>
							<param name="widget_header" value="$LOCALIZE[31122]"/>
							<param name="widget_target" value="videos"/>
							<param name="list_id" value="6500"/>
							<param name="onclick_condition" value="true"/>
						</include>
						<include content="WidgetListPoster_tvshow" condition="Library.HasContent(tvshows)">
							<param name="content_path" value="special://skin/playlists/RandomTvShows.xsp"/>
							<param name="widget_header" value="무작위"/>
							<param name="widget_target" value="videos"/>
							<param name="list_id" value="6600"/>
							<param name="onclick_condition" value="true"/>
						</include>
					</control>
					<include content="ImageWidget" condition="!Library.HasContent(tvshows)">
						<param name="text_label" value="$LOCALIZE[31104]" />
						<param name="button_label" value="$LOCALIZE[31110]" />
						<param name="button_onclick" value="ActivateWindow(videos,files,return)"/>
						<param name="button_id" value="6700"/>
						<param name="button2_onclick" value="Skin.SetBool(HomeMenuNoTVShowButton)"/>
					</include>
					<include content="WidgetScrollbar" condition="Skin.HasSetting(touchmode)">
						<param name="scrollbar_id" value="6010"/>
					</include>
				</control>
				<!-- Home Music -->
				<control type="group" id="7000">
					<visible>String.IsEqual(Container(9000).ListItem.Property(widget),MusicWidget)</visible>
					<animation type="Conditional" condition="String.IsEqual(Container(9000).ListItem.Property(widget),MusicWidget)" reversible="false"><effect type="fade" start="0" end="100" time="250" delay="500" /></animation>
					<control type="grouplist" id="7001">
						<top>100</top>
						<pagecontrol>7010</pagecontrol>
						<include>WidgetGroupListCommon</include>
						<include content="WidgetListCategories" condition="Library.HasContent(music) + !Skin.HasSetting(home_no_categories_widget)">
							<param name="content_path" value="library://music/"/>
							<param name="widget_header" value="$LOCALIZE[31148]"/>
							<param name="widget_target" value="music"/>
							<param name="list_id" value="7900"/>
						</include>
						<include content="WidgetListSquare" condition="Library.HasContent(music)">
							<param name="content_path" value="musicdb://recentlyplayedalbums"/>
							<param name="widget_header" value="$LOCALIZE[517]"/>
							<param name="widget_target" value="music"/>
							<param name="list_id" value="7100"/>
							<param name="fallback_icon" value="DefaultMusicAlbums.png"/>
							<param name="onclick_condition" value="true"/>
							<param name="onclick_action" value="$VAR[AlbumOnClickActionVar]"/>
						</include>
						<include content="WidgetListSquare" condition="Library.HasContent(music)">
							<param name="content_path" value="musicdb://recentlyaddedalbums/"/>
							<param name="widget_header" value="$LOCALIZE[359]"/>
							<param name="widget_target" value="music"/>
							<param name="list_id" value="7200"/>
							<param name="fallback_icon" value="DefaultMusicAlbums.png"/>
							<param name="onclick_condition" value="true"/>
							<param name="onclick_action" value="$VAR[AlbumOnClickActionVar]"/>
						</include>
						<include content="WidgetListSquare" condition="Library.HasContent(music)">
							<param name="content_path" value="special://skin/playlists/random_albums.xsp"/>
							<param name="widget_header" value="$LOCALIZE[31012]"/>
							<param name="widget_target" value="music"/>
							<param name="list_id" value="7300"/>
							<param name="fallback_icon" value="DefaultMusicAlbums.png"/>
							<param name="onclick_condition" value="true"/>
							<param name="onclick_action" value="$VAR[AlbumOnClickActionVar]"/>
						</include>
						<include content="WidgetListSquare" condition="Library.HasContent(music)">
							<param name="content_path" value="special://skin/playlists/random_artists.xsp"/>
							<param name="widget_header" value="$LOCALIZE[31013]"/>
							<param name="widget_target" value="music"/>
							<param name="list_id" value="7400"/>
							<param name="fallback_icon" value="DefaultMusicArtists.png"/>
						</include>
						<include content="WidgetListSquare" condition="Library.HasContent(music)">
							<param name="content_path" value="special://skin/playlists/unplayed_albums.xsp"/>
							<param name="widget_header" value="$LOCALIZE[31014]"/>
							<param name="widget_target" value="music"/>
							<param name="list_id" value="7500"/>
							<param name="fallback_icon" value="DefaultMusicAlbums.png"/>
							<param name="onclick_condition" value="true"/>
							<param name="onclick_action" value="$VAR[AlbumOnClickActionVar]"/>
						</include>
						<include content="WidgetListSquare" condition="Library.HasContent(music)">
							<param name="content_path" value="special://skin/playlists/mostplayed_albums.xsp"/>
							<param name="widget_header" value="$LOCALIZE[31011]"/>
							<param name="widget_target" value="music"/>
							<param name="list_id" value="7600"/>
							<param name="fallback_icon" value="DefaultMusicAlbums.png"/>
							<param name="sortby" value="playcount"/>
							<param name="sortorder" value="descending"/>
							<param name="onclick_condition" value="true"/>
							<param name="onclick_action" value="$VAR[AlbumOnClickActionVar]"/>
						</include>
					</control>
					<include content="ImageWidget" condition="!Library.HasContent(music)">
						<param name="text_label" value="$LOCALIZE[31104]" />
						<param name="button_label" value="$LOCALIZE[31110]" />
						<param name="button_onclick" value="ActivateWindow(music,files)"/>
						<param name="button_id" value="7600"/>
						<param name="button2_onclick" value="Skin.SetBool(HomeMenuNoMusicButton)"/>
					</include>
					<include content="WidgetScrollbar" condition="Skin.HasSetting(touchmode)">
						<param name="scrollbar_id" value="7010"/>
					</include>
				</control>
				<!-- Home Musicvideo -->
				<control type="group" id="16000">
					<visible>String.IsEqual(Container(9000).ListItem.Property(widget),MusicVideosWidget)</visible>
					<animation type="Conditional" condition="String.IsEqual(Container(9000).ListItem.Property(widget),MusicVideosWidget)" reversible="false"><effect type="fade" start="0" end="100" time="250" delay="500" /></animation>
					<control type="grouplist" id="16001">
						<top>100</top>
						<pagecontrol>16010</pagecontrol>
						<include>WidgetGroupListCommon</include>
						<include content="WidgetListCategories" condition="Library.HasContent(musicvideos) + !Skin.HasSetting(home_no_categories_widget)">
							<param name="content_path" value="library://video/musicvideos/"/>
							<param name="widget_header" value="$LOCALIZE[31148]"/>
							<param name="widget_target" value="videos"/>
							<param name="list_id" value="16900"/>
						</include>
						<include content="WidgetListEpisodes" condition="Library.HasContent(musicvideos) + !Skin.HasSetting(show_musicvideoposter)">
							<param name="content_path" value="videodb://recentlyaddedmusicvideos/"/>
							<param name="widget_header" value="$LOCALIZE[20390]"/>
							<param name="widget_target" value="videos"/>
							<param name="main_label" value="$INFO[ListItem.Label]" />
							<param name="sub_label" value="$INFO[ListItem.Artist]" />
							<param name="thumb_label" value="$INFO[ListItem.Year]" />
							<param name="fallback_image" value="DefaultMusicSongs.png" />
							<param name="list_id" value="16300"/>
						</include>
						<include content="WidgetListPoster" condition="Library.HasContent(musicvideos) + Skin.HasSetting(show_musicvideoposter)">
							<param name="content_path" value="videodb://recentlyaddedmusicvideos/"/>
							<param name="widget_header" value="$LOCALIZE[20390]"/>
							<param name="widget_target" value="videos"/>
							<param name="fallback_image" value="DefaultMusicSongs.png" />
							<param name="list_id" value="16300"/>
						</include>
						<include content="WidgetListEpisodes" condition="Library.HasContent(musicvideos) + !Skin.HasSetting(show_musicvideoposter)">
							<param name="content_path" value="special://skin/playlists/unwatched_musicvideos.xsp"/>
							<param name="widget_header" value="$LOCALIZE[31151]"/>
							<param name="widget_target" value="videos"/>
							<param name="main_label" value="$INFO[ListItem.Label]" />
							<param name="sub_label" value="$INFO[ListItem.Artist]" />
							<param name="thumb_label" value="$INFO[ListItem.Year]" />
							<param name="fallback_image" value="DefaultMusicSongs.png" />
							<param name="list_id" value="16400"/>
						</include>
						<include content="WidgetListPoster" condition="Library.HasContent(musicvideos) + Skin.HasSetting(show_musicvideoposter)">
							<param name="content_path" value="special://skin/playlists/unwatched_musicvideos.xsp"/>
							<param name="widget_header" value="$LOCALIZE[31151]"/>
							<param name="widget_target" value="videos"/>
							<param name="fallback_image" value="DefaultMusicSongs.png" />
							<param name="list_id" value="16400"/>
						</include>
						<include content="WidgetListSquare" condition="Library.HasContent(musicvideos)">
							<param name="content_path" value="special://skin/playlists/random_musicvideo_artists.xsp"/>
							<param name="widget_header" value="$LOCALIZE[31013]"/>
							<param name="widget_target" value="music"/>
							<param name="list_id" value="16200"/>
							<param name="widget_limit" value="10"/>
						</include>
						<include content="WidgetListEpisodes" condition="Library.HasContent(musicvideos) + !Skin.HasSetting(show_musicvideoposter)">
							<param name="content_path" value="special://skin/playlists/random_musicvideos.xsp"/>
							<param name="widget_header" value="$LOCALIZE[31152]"/>
							<param name="widget_target" value="videos"/>
							<param name="main_label" value="$INFO[ListItem.Label]" />
							<param name="sub_label" value="$INFO[ListItem.Artist]" />
							<param name="thumb_label" value="$INFO[ListItem.Year]" />
							<param name="fallback_image" value="DefaultMusicSongs.png" />
							<param name="list_id" value="16500"/>
						</include>
						<include content="WidgetListPoster" condition="Library.HasContent(musicvideos) + Skin.HasSetting(show_musicvideoposter)">
							<param name="content_path" value="special://skin/playlists/random_musicvideos.xsp"/>
							<param name="widget_header" value="$LOCALIZE[31152]"/>
							<param name="widget_target" value="videos"/>
							<param name="fallback_image" value="DefaultMusicSongs.png" />
							<param name="list_id" value="16500"/>
						</include>
						<include content="WidgetListCategories" condition="Library.HasContent(musicvideos)">
							<param name="content_path" value="videodb://musicvideos/studios/"/>
							<param name="widget_header" value="$LOCALIZE[20388]"/>
							<param name="widget_target" value="music"/>
							<param name="list_id" value="16600"/>
							<param name="icon" value="$VAR[WidgetStudioIconVar]"/>
							<param name="icon_height" value="70"/>
						</include>
					</control>
					<include content="ImageWidget" condition="!Library.HasContent(musicvideos)">
						<param name="text_label" value="$LOCALIZE[31104]" />
						<param name="button_label" value="$LOCALIZE[31110]" />
						<param name="button_onclick" value="ActivateWindow(videos,files,return)"/>
						<param name="button_id" value="16800"/>
						<param name="button2_onclick" value="Skin.SetBool(HomeMenuNoMusicVideoButton)"/>
					</include>
					<include content="WidgetScrollbar" condition="Skin.HasSetting(touchmode)">
						<param name="scrollbar_id" value="16010"/>
					</include>
				</control>
				<!-- Home livetv -->
				<control type="group" id="12000">
					<visible>String.IsEqual(Container(9000).ListItem.Property(widget),LiveTVWidget)</visible>
					<animation type="Conditional" condition="String.IsEqual(Container(9000).ListItem.Property(widget),LiveTVWidget)" reversible="false"><effect type="fade" start="0" end="100" time="250" delay="500" /></animation>
					<control type="grouplist" id="12001">
						<top>100</top>
						<pagecontrol>12010</pagecontrol>
						<include content="WidgetListCategories" condition="System.HasPVRAddon">
							<param name="content_path" value="pvr://tv/"/>
							<param name="widget_header" value="$LOCALIZE[31148]"/>
							<param name="list_id" value="12900"/>
						</include>
						<include content="WidgetListPVR" condition="System.HasPVRAddon">
							<param name="content_path" value="pvr://channels/tv/*?view=lastplayed"/>
							<param name="sortby" value="lastplayed"/>
							<param name="sortorder" value="descending"/>
							<param name="widget_header" value="$LOCALIZE[31016]"/>
							<param name="item_limit" value="15"/>
							<param name="list_id" value="12200"/>
							<param name="info_update" value="5000"/>
						</include>
						<include content="WidgetListPVR" condition="System.HasPVRAddon">
							<param name="content_path" value="pvr://recordings/tv/active?view=flat"/>
							<param name="sortby" value="date"/>
							<param name="sortorder" value="descending"/>
							<param name="widget_header" value="$LOCALIZE[31015]"/>
							<param name="item_limit" value="15"/>
							<param name="list_id" value="12300"/>
							<param name="label" value="$INFO[ListItem.Title]$INFO[ListItem.Date, (,)]"/>
							<param name="label2" value="$VAR[SeasonEpisodeLabel]$INFO[ListItem.EpisodeName]"/>
						</include>
						<include content="WidgetListPVR" condition="System.HasPVRAddon">
							<param name="content_path" value="pvr://timers/tv/timers/?view=hidedisabled"/>
							<param name="sortorder" value="ascending"/>
							<param name="sortby" value="date"/>
							<param name="widget_header" value="$LOCALIZE[19040]"/>
							<param name="widget_target" value="tvtimers"/>
							<param name="item_limit" value="15"/>
							<param name="list_id" value="12400"/>
							<param name="label" value="$INFO[ListItem.Title]$INFO[ListItem.Date, (,)]"/>
							<param name="label2" value="$VAR[SeasonEpisodeLabel]$INFO[ListItem.EpisodeName]"/>
						</include>
						<include content="WidgetListPVR" condition="System.HasPVRAddon">
							<param name="content_path" value="pvr://channels/tv"/>
							<param name="widget_header" value="$LOCALIZE[19173]"/>
							<param name="widget_target" value="tvguide"/>
							<param name="list_id" value="12500"/>
							<param name="item_treshold" value="1"/>
						</include>
						<include content="WidgetListPVR" condition="System.HasPVRAddon">
							<param name="content_path" value="pvr://search/tv/savedsearches"/>
							<param name="sortorder" value="descending"/>
							<param name="sortby" value="date"/>
							<param name="widget_header" value="$LOCALIZE[19337]"/>
							<param name="widget_target" value="tvsearch"/>
							<param name="list_id" value="12600"/>
						</include>
					</control>
					<include content="ImageWidget" condition="!System.HasPVRAddon">
						<param name="text_label" value="$LOCALIZE[31143]" />
						<param name="button_label" value="$LOCALIZE[31144]" />
						<param name="button_onclick" value="ActivateWindow(addonbrowser,addons://all/xbmc.pvrclient,return)"/>
						<param name="button_id" value="12400"/>
						<param name="visible_2" value="false"/>
					</include>
					<include content="WidgetScrollbar" condition="Skin.HasSetting(touchmode)">
						<param name="scrollbar_id" value="12010"/>
					</include>
				</control>
				<!-- Home Addon -->
				<control type="group" id="8000">
					<visible>String.IsEqual(Container(9000).ListItem.Property(widget),AddonsWidget)</visible>
					<animation type="Conditional" condition="String.IsEqual(Container(9000).ListItem.Property(widget),AddonsWidget)" reversible="false"><effect type="fade" start="0" end="100" time="250" delay="500" /></animation>
					<top>100</top>
					<control type="grouplist" id="8001">
						<pagecontrol>8010</pagecontrol>
						<include>WidgetGroupListCommon</include>
						<include content="WidgetListCategories" condition="!Skin.HasSetting(home_no_categories_widget)" >
							<param name="content_path" value="addons://"/>
							<param name="widget_header" value="$LOCALIZE[31148]"/>
							<param name="widget_target" value="addonbrowser"/>
							<param name="list_id" value="8900"/>
							<param name="visible" value="Integer.IsGreater(Container(8100).NumItems,0) | Integer.IsGreater(Container(8200).NumItems,0) | Integer.IsGreater(Container(8300).NumItems,0) | Integer.IsGreater(Container(8400).NumItems,0) | Integer.IsGreater(Container(8500).NumItems,0) | Integer.IsGreater(Container(8700).NumItems,0)"/>
						</include>
						<include content="WidgetListSquare">
							<param name="content_path" value="addons://sources/video/"/>
							<param name="widget_header" value="$LOCALIZE[1037]"/>
							<param name="widget_target" value="videos"/>
							<param name="sortby" value="lastused"/>
							<param name="sortorder" value="descending"/>
							<param name="list_id" value="8100"/>
							<param name="fallback_icon" value="DefaultAddon.png"/>
						</include>
						<include content="WidgetListSquare">
							<param name="content_path" value="addons://sources/audio/"/>
							<param name="widget_header" value="$LOCALIZE[1038]"/>
							<param name="widget_target" value="music"/>
							<param name="sortby" value="lastused"/>
							<param name="sortorder" value="descending"/>
							<param name="list_id" value="8200"/>
							<param name="fallback_icon" value="DefaultAddon.png"/>
						</include>
						<include content="WidgetListSquare">
							<param name="content_path" value="addons://sources/game/"/>
							<param name="widget_header" value="$LOCALIZE[35049]"/>
							<param name="widget_target" value="games"/>
							<param name="sortby" value="lastused"/>
							<param name="sortorder" value="descending"/>
							<param name="list_id" value="8700"/>
							<param name="fallback_icon" value="DefaultAddonGame.png"/>
							<param name="visible" value="System.GetBool(gamesgeneral.enable)"/>
						</include>
						<include content="WidgetListSquare">
							<param name="content_path" value="addons://sources/executable/"/>
							<param name="widget_header" value="$LOCALIZE[1043]"/>
							<param name="widget_target" value="programs"/>
							<param name="sortby" value="lastused"/>
							<param name="sortorder" value="descending"/>
							<param name="list_id" value="8300"/>
							<param name="fallback_icon" value="DefaultAddon.png"/>
						</include>
						<include content="WidgetListSquare" condition="System.Platform.Android">
							<param name="content_path" value="androidapp://sources/apps/"/>
							<param name="widget_header" value="$LOCALIZE[20244]"/>
							<param name="widget_target" value="programs"/>
							<param name="sortby" value="lastused"/>
							<param name="sortorder" value="descending"/>
							<param name="list_id" value="8400"/>
							<param name="fallback_icon" value="DefaultAddon.png"/>
						</include>
						<include content="WidgetListSquare">
							<param name="content_path" value="addons://sources/image/"/>
							<param name="widget_header" value="$LOCALIZE[1039]"/>
							<param name="widget_target" value="pictures"/>
							<param name="sortby" value="lastused"/>
							<param name="sortorder" value="descending"/>
							<param name="list_id" value="8500"/>
						</include>
					</control>
					<include content="ImageWidget">
						<param name="text_label" value="$LOCALIZE[31119]" />
						<param name="button_label" value="$LOCALIZE[31118]" />
						<param name="button_onclick" value="ActivateWindow(addonbrowser)"/>
						<param name="button_id" value="8600"/>
						<param name="visible" value="!Integer.IsGreater(Container(8001).NumItems,0)"/>
						<param name="button2_onclick" value="Skin.SetBool(HomeMenuNoProgramsButton)"/>
					</include>
					<include content="WidgetScrollbar" condition="Skin.HasSetting(touchmode)">
						<param name="scrollbar_id" value="8010"/>
					</include>
				</control>
				<!-- Home Video -->
				<control type="group" id="11000">
					<visible>String.IsEqual(Container(9000).ListItem.Property(widget),VideoWidget)</visible>
					<animation type="Conditional" condition="String.IsEqual(Container(9000).ListItem.Property(widget),VideoWidget)" reversible="false"><effect type="fade" start="0" end="100" time="250" delay="500" /></animation>
					<control type="grouplist" id="11001">
						<top>100</top>
						<pagecontrol>11010</pagecontrol>
						<include>WidgetGroupListCommon</include>
						<include content="WidgetListCategories">
							<param name="content_path" value="library://video/"/>
							<param name="widget_header" value="$LOCALIZE[31148]"/>
							<param name="widget_target" value="videos"/>
							<param name="list_id" value="11900"/>
						</include>
						<include content="WidgetListCategories">
							<param name="content_path" value="sources://video/"/>
							<param name="widget_header" value="$LOCALIZE[20094]"/>
							<param name="widget_target" value="videos"/>
							<param name="list_id" value="11100"/>
						</include>
						<include content="WidgetListCategories">
							<param name="content_path" value="special://videoplaylists/"/>
							<param name="widget_header" value="$LOCALIZE[136]"/>
							<param name="widget_target" value="videos"/>
							<param name="list_id" value="11200"/>
							<param name="icon" value="DefaultPlaylist.png"/>
						</include>
					</control>
					<include content="ImageWidget">
						<param name="text_label" value="$LOCALIZE[31105]" />
						<param name="button_label" value="$LOCALIZE[31110]" />
						<param name="button_onclick" value="ActivateWindow(videos,root)"/>
						<param name="button_id" value="11300"/>
						<param name="visible" value="!Integer.IsGreater(Container(11001).NumItems,0)"/>
						<param name="button2_onclick" value="Skin.SetBool(HomeMenuNoVideosButton)"/>
					</include>
					<include content="WidgetScrollbar" condition="Skin.HasSetting(touchmode)">
						<param name="scrollbar_id" value="11010"/>
					</include>
				</control>
				<!-- Home radio  -->
				<control type="group" id="13000">
					<visible>String.IsEqual(Container(9000).ListItem.Property(widget),RadioWidget)</visible>
					<animation type="Conditional" condition="String.IsEqual(Container(9000).ListItem.Property(widget),RadioWidget)" reversible="false"><effect type="fade" start="0" end="100" time="250" delay="500" /></animation>
					<control type="grouplist" id="13001">
						<top>100</top>
						<pagecontrol>13010</pagecontrol>
						<include>WidgetGroupListCommon</include>
						<include content="WidgetListCategories" condition="System.HasPVRAddon">
							<param name="content_path" value="pvr://radio/"/>
							<param name="widget_header" value="$LOCALIZE[31148]"/>
							<param name="list_id" value="13900"/>
						</include>
						<include content="WidgetListPVR" condition="System.HasPVRAddon">
							<param name="content_path" value="pvr://channels/radio/*?view=lastplayed"/>
							<param name="sortby" value="lastplayed"/>
							<param name="sortorder" value="descending"/>
							<param name="widget_header" value="$LOCALIZE[31018]"/>
							<param name="item_limit" value="15"/>
							<param name="list_id" value="13200"/>
							<param name="info_update" value="5000"/>
						</include>
						<include content="WidgetListPVR" condition="System.HasPVRAddon">
							<param name="content_path" value="pvr://recordings/radio/active?view=flat"/>
							<param name="sortby" value="date"/>
							<param name="sortorder" value="descending"/>
							<param name="widget_header" value="$LOCALIZE[31015]"/>
							<param name="item_limit" value="15"/>
							<param name="list_id" value="13300"/>
							<param name="label" value="$INFO[ListItem.Title]$INFO[ListItem.Date, (,)]"/>
							<param name="label2" value="$VAR[SeasonEpisodeLabel]$INFO[ListItem.EpisodeName]"/>
						</include>
						<include content="WidgetListPVR" condition="System.HasPVRAddon">
							<param name="content_path" value="pvr://timers/radio/timers/?view=hidedisabled"/>
							<param name="sortorder" value="ascending"/>
							<param name="sortby" value="date"/>
							<param name="widget_header" value="$LOCALIZE[19040]"/>
							<param name="widget_target" value="radiotimers"/>
							<param name="item_limit" value="15"/>
							<param name="list_id" value="13400"/>
							<param name="label" value="$INFO[ListItem.Title]$INFO[ListItem.Date, (,)]"/>
							<param name="label2" value="$VAR[SeasonEpisodeLabel]$INFO[ListItem.EpisodeName]"/>
						</include>
						<include content="WidgetListPVR" condition="System.HasPVRAddon">
							<param name="content_path" value="pvr://channels/radio"/>
							<param name="widget_header" value="$LOCALIZE[19174]"/>
							<param name="widget_target" value="radioguide"/>
							<param name="list_id" value="13500"/>
							<param name="item_treshold" value="1"/>
						</include>
						<include content="WidgetListPVR" condition="System.HasPVRAddon">
							<param name="content_path" value="pvr://search/radio/savedsearches"/>
							<param name="sortorder" value="descending"/>
							<param name="sortby" value="date"/>
							<param name="widget_header" value="$LOCALIZE[19337]"/>
							<param name="widget_target" value="radiosearch"/>
							<param name="list_id" value="13600"/>
						</include>
					</control>
					<include content="ImageWidget" condition="!System.HasPVRAddon">
						<param name="text_label" value="$LOCALIZE[31143]" />
						<param name="button_label" value="$LOCALIZE[31144]" />
						<param name="button_onclick" value="ActivateWindow(addonbrowser,addons://default_binary_addons_source/kodi.pvrclient,return)"/>
						<param name="button_id" value="13400"/>
						<param name="button2_onclick" value="Skin.SetBool(HomeMenuNoRadioButton)"/>
					</include>
					<include content="WidgetScrollbar" condition="Skin.HasSetting(touchmode)">
						<param name="scrollbar_id" value="13010"/>
					</include>
				</control>
				<!-- Home favorites -->
				<control type="group" id="14000">
					<visible>String.IsEqual(Container(9000).ListItem.Property(widget),FavoritesWidget)</visible>
					<animation type="Conditional" condition="String.IsEqual(Container(9000).ListItem.Property(widget),FavoritesWidget)" reversible="false"><effect type="fade" start="0" end="100" time="250" delay="500" /></animation>
					<control type="panel" id="14100">
						<left>65</left>
						<top>0</top>
						<right>0</right>
						<bottom>0</bottom>
						<onleft>9000</onleft>
						<onright>9000</onright>
						<onup>14100</onup>
						<ondown>14100</ondown>
						<preloaditems>2</preloaditems>
						<scrolltime tween="cubic" easing="out">500</scrolltime>
						<orientation>vertical</orientation>
						<pagecontrol>14010</pagecontrol>
						<visible>Integer.IsGreater(Container(14100).NumItems,0) | Container(14100).IsUpdating</visible>
						<itemlayout width="330" height="401">
							<control type="group">
								<top>130</top>
								<include content="InfoWallMusicLayout">
									<param name="fallback_image" value="DefaultFavourites.png" />
									<param name="focused" value="false" />
								</include>
							</control>
						</itemlayout>
						<focusedlayout width="330" height="401">
							<control type="group">
								<depth>DepthContentPopout</depth>
								<top>130</top>
								<animation effect="zoom" start="100" end="110" time="200" tween="sine" easing="inout" center="170,320">Focus</animation>
								<animation effect="zoom" start="110" end="100" time="200" tween="sine" easing="inout" center="170,320">UnFocus</animation>
								<include content="InfoWallMusicLayout">
									<param name="fallback_image" value="DefaultFavourites.png" />
									<param name="focused" value="true" />
								</include>
							</control>
						</focusedlayout>
						<content>favourites://</content>
					</control>

					<include content="ImageWidget">
						<param name="text_label" value="$LOCALIZE[31025]" />
						<param name="button_label" value="$LOCALIZE[31116]" />
						<param name="button_onclick" value=""/>
						<param name="button_id" value="5500"/>
						<param name="visible" value="!Integer.IsGreater(Container(14100).NumItems,0) + !Container(14100).IsUpdating"/>
						<param name="visible_1" value="false"/>
						<param name="button2_onclick" value="Skin.SetBool(HomeMenuNoFavButton)"/>
					</include>
					<include content="WidgetScrollbar" condition="Skin.HasSetting(touchmode)">
						<param name="scrollbar_id" value="14010"/>
					</include>
				</control>
				<!-- Home weather -->
				<control type="group" id="15000">
					<visible>String.IsEqual(Container(9000).ListItem.Property(widget),WeatherWidget)</visible>
					<animation type="Conditional" condition="String.IsEqual(Container(9000).ListItem.Property(widget),WeatherWidget)" reversible="false"><effect type="fade" start="0" end="100" time="250" delay="500" /></animation>
					<control type="grouplist" id="15001">
						<include>WidgetGroupListCommon</include>
						<pagecontrol>15010</pagecontrol>
						<control type="group" id="16678">
							<description>Weather info</description>
							<left>68</left>
							<right>70</right>
							<top>102</top>
							<height>360</height>
							<visible>!String.IsEmpty(Weather.plugin)</visible>
							<control type="image">
								<bottom>90</bottom>
								<width>100%</width>
								<texture border="21">dialogs/dialog-bg.png</texture>
							</control>
							<control type="label">
								<left>840</left>
								<top>60</top>
								<aligny>center</aligny>
								<height>24</height>
								<right>60</right>
								<align>right</align>
								<font>font30_title</font>
								<label>$INFO[Weather.Location]</label>
							</control>
							<control type="label">
								<left>840</left>
								<top>120</top>
								<aligny>center</aligny>
								<height>24</height>
								<right>60</right>
								<align>right</align>
								<font>font14</font>
								<label>$INFO[Weather.Conditions]</label>
							</control>
							<control type="label">
								<left>840</left>
								<top>180</top>
								<aligny>center</aligny>
								<height>24</height>
								<right>60</right>
								<align>right</align>
								<font>font14</font>
								<label>$INFO[Weather.Temperature]</label>
							</control>
							<control type="grouplist">
								<top>50</top>
								<left>50</left>
								<right>20</right>
								<orientation>horizontal</orientation>
								<align>left</align>
								<itemgap>-110</itemgap>
								<include content="WeatherIconHome" condition="!String.IsEmpty(Weather.Plugin)">
									<param name="label" value="Window(weather).Property(Current.Wind)" />
									<param name="texture" value="icons/weather/wind.png" />
									<param name="header" value="404" />
								</include>
								<include content="WeatherIconHome" condition="!String.IsEmpty(Weather.Plugin)">
									<param name="label" value="Window(weather).Property(Current.Humidity)" />
									<param name="texture" value="icons/weather/humidity.png" />
									<param name="header" value="406" />
								</include>
								<include content="WeatherIconHome" condition="!String.IsEmpty(Weather.Plugin)">
									<param name="label" value="Window(weather).Property(Current.Precipitation)" />
									<param name="texture" value="icons/weather/rain.png" />
									<param name="header" value="33021" />
								</include>
								<include content="WeatherIconHome" condition="!String.IsEmpty(Weather.Plugin)">
									<param name="label" value="Window(weather).Property(Today.Sunrise)" />
									<param name="texture" value="icons/weather/sunrise.png" />
									<param name="header" value="405" />
								</include>
								<include content="WeatherIconHome" condition="!String.IsEmpty(Weather.Plugin)">
									<param name="label" value="Window(weather).Property(Today.Sunset)" />
									<param name="texture" value="icons/weather/sunset.png" />
									<param name="header" value="403" />
								</include>
							</control>
						</control>
						<include content="WeatherWidget" condition="!String.IsEmpty(Weather.Plugin)">
							<param name="content_include" value="DailyItems" />
							<param name="list_id" value="15200" />
							<param name="widget_header" value="$LOCALIZE[31019]"/>
							<param name="visible" value="!String.IsEmpty(Window(weather).Property(Daily.IsFetched))" />
						</include>
						<include content="WeatherWidget" condition="!String.IsEmpty(Weather.Plugin)">
							<param name="content_include" value="HourlyItems" />
							<param name="list_id" value="15100" />
							<param name="widget_header" value="$LOCALIZE[33036]"/>
							<param name="visible" value="!String.IsEmpty(Window(weather).Property(Hourly.IsFetched))" />
						</include>
					</control>
					<include content="ImageWidget" condition="String.IsEmpty(Weather.plugin)">
						<param name="text_label" value="$LOCALIZE[31120]" />
						<param name="button_label" value="$LOCALIZE[31121]" />
						<param name="button_onclick" value="ActivateWindow(servicesettings,weather)"/>
						<param name="button_id" value="15300"/>
						<param name="button2_onclick" value="Skin.SetBool(HomeMenuNoWeatherButton)"/>
					</include>
					<include content="WidgetScrollbar" condition="Skin.HasSetting(touchmode)">
						<param name="scrollbar_id" value="15010"/>
					</include>
				</control>
				<!-- Home GAME -->
				<control type="group" id="17000">
					<visible>String.IsEqual(Container(9000).ListItem.Property(widget),GamesWidget)</visible>
					<animation type="Conditional" condition="String.IsEqual(Container(9000).ListItem.Property(widget),GamesWidget)" reversible="false"><effect type="fade" start="0" end="100" time="250" delay="500" /></animation>
					<control type="grouplist" id="17001">
						<include>WidgetGroupListCommon</include>
						<pagecontrol>17010</pagecontrol>
						<include content="WidgetListSquare">
							<param name="content_path" value="addons://sources/game/"/>
							<param name="widget_header" value="$LOCALIZE[35049]"/>
							<param name="widget_target" value="games"/>
							<param name="sortby" value="lastused"/>
							<param name="sortorder" value="descending"/>
							<param name="list_id" value="17200"/>
							<param name="fallback_icon" value="DefaultAddonGame.png"/>
						</include>
					</control>
					<include content="ImageWidget">
						<param name="text_label" value="$LOCALIZE[31162]" />
						<param name="button_label" value="$LOCALIZE[31144]" />
						<param name="button_onclick" value="ActivateWindow(addonbrowser,addons://default_binary_addons_source/category.gameaddons,return)"/>
						<param name="button_id" value="17100"/>
						<param name="visible" value="!Integer.IsGreater(Container(17001).NumItems,0)"/>
						<param name="button2_onclick" value="Skin.SetBool(HomeMenuNoGamesButton)"/>
					</include>
					<include content="WidgetScrollbar" condition="Skin.HasSetting(touchmode)">
						<param name="scrollbar_id" value="17010"/>
					</include>
				</control>
				<!-- Home pictures -->
				<control type="group" id="4000">
					<visible>String.IsEqual(Container(9000).ListItem.Property(widget),PicturesWidget)</visible>
					<animation type="Conditional" condition="String.IsEqual(Container(9000).ListItem.Property(widget),PicturesWidget)" reversible="false"><effect type="fade" start="0" end="100" time="250" delay="500" /></animation>
					<control type="grouplist" id="4001">
					<top>100</top>
						<include content="WidgetListCategories" condition="!Skin.HasSetting(HomeMenuNoPicturesButton)">
							<param name="content_path" value="sources://pictures/"/>
							<param name="widget_header" value="$LOCALIZE[20094]"/>
							<param name="widget_target" value="pictures"/>
							<param name="list_id" value="4100"/>
							<param name="icon_height" value="110"/>
						</include>
					</control>
					<include content="WidgetScrollbar" condition="Skin.HasSetting(touchmode)">
						<param name="scrollbar_id" value="4010"/>
					</include>
				</control>
				<!-- Home disc -->
				<control type="group" id="21000">
					<visible>String.IsEqual(Container(9000).ListItem.Property(widget),DiscWidget)</visible>
					<animation type="Conditional" condition="String.IsEqual(Container(9000).ListItem.Property(widget),DiscWidget)" reversible="false"><effect type="fade" start="0" end="100" time="250" delay="500" /></animation>
					<include content="ImageWidget">
						<param name="text_label" value="$INFO[System.DVDLabel]" />
						<param name="button_label" value="$LOCALIZE[341]" />
						<param name="button_onclick" value="PlayDisc"/>
						<param name="button_id" value="21100"/>
						<param name="visible" value="true"/>
						<param name="button2_label" value="$LOCALIZE[13391]"/>
						<param name="button2_onclick" value="EjectTray()"/>
						<param name="button3_label" value="$LOCALIZE[600]"/>
						<param name="button3_onclick" value="RipCD"/>
						<param name="visible_3" value="System.HasMediaAudioCD"/>
					</include>
				</control>
				<!-- User Home Menus -->
				<control type="group" id="40000">
					<visible>String.IsEqual(Container(9000).ListItem.Property(UserHomeMenuProperty),UserHomeMenu)</visible>
					<animation type="Conditional" condition="Container(9000).HasFocus(1)" reversible="false"><effect type="fade" start="0" end="100" time="250" delay="500" /></animation>
					<animation type="Conditional" condition="Container(9000).HasFocus(2)" reversible="false"><effect type="fade" start="0" end="100" time="250" delay="500" /></animation>
					<animation type="Conditional" condition="Container(9000).HasFocus(3)" reversible="false"><effect type="fade" start="0" end="100" time="250" delay="500" /></animation>
					<animation type="Conditional" condition="Container(9000).HasFocus(4)" reversible="false"><effect type="fade" start="0" end="100" time="250" delay="500" /></animation>
					<animation type="Conditional" condition="Container(9000).HasFocus(5)" reversible="false"><effect type="fade" start="0" end="100" time="250" delay="500" /></animation>
					<animation type="Conditional" condition="Container(9000).HasFocus(6)" reversible="false"><effect type="fade" start="0" end="100" time="250" delay="500" /></animation>
					<animation type="Conditional" condition="Container(9000).HasFocus(7)" reversible="false"><effect type="fade" start="0" end="100" time="250" delay="500" /></animation>
					<animation type="Conditional" condition="Container(9000).HasFocus(8)" reversible="false"><effect type="fade" start="0" end="100" time="250" delay="500" /></animation>
					<animation type="Conditional" condition="Container(9000).HasFocus(9)" reversible="false"><effect type="fade" start="0" end="100" time="250" delay="500" /></animation>
					<animation type="Conditional" condition="Container(9000).HasFocus(10)" reversible="false"><effect type="fade" start="0" end="100" time="250" delay="500" /></animation>
					<animation type="Conditional" condition="Container(9000).HasFocus(11)" reversible="false"><effect type="fade" start="0" end="100" time="250" delay="500" /></animation>
					<animation type="Conditional" condition="Container(9000).HasFocus(12)" reversible="false"><effect type="fade" start="0" end="100" time="250" delay="500" /></animation>
					<animation type="Conditional" condition="Container(9000).HasFocus(13)" reversible="false"><effect type="fade" start="0" end="100" time="250" delay="500" /></animation>
					<animation type="Conditional" condition="Container(9000).HasFocus(14)" reversible="false"><effect type="fade" start="0" end="100" time="250" delay="500" /></animation>
					<animation type="Conditional" condition="Container(9000).HasFocus(15)" reversible="false"><effect type="fade" start="0" end="100" time="250" delay="500" /></animation>
					<animation type="Conditional" condition="Container(9000).HasFocus(16)" reversible="false"><effect type="fade" start="0" end="100" time="250" delay="500" /></animation>
					<animation type="Conditional" condition="Container(9000).HasFocus(17)" reversible="false"><effect type="fade" start="0" end="100" time="250" delay="500" /></animation>
					<animation type="Conditional" condition="Container(9000).HasFocus(18)" reversible="false"><effect type="fade" start="0" end="100" time="250" delay="500" /></animation>
					<animation type="Conditional" condition="Container(9000).HasFocus(19)" reversible="false"><effect type="fade" start="0" end="100" time="250" delay="500" /></animation>
					<animation type="Conditional" condition="Container(9000).HasFocus(20)" reversible="false"><effect type="fade" start="0" end="100" time="250" delay="500" /></animation>
					<animation type="Conditional" condition="Container(9000).HasFocus(21)" reversible="false"><effect type="fade" start="0" end="100" time="250" delay="500" /></animation>
					<animation type="Conditional" condition="Container(9000).HasFocus(22)" reversible="false"><effect type="fade" start="0" end="100" time="250" delay="500" /></animation>
					<animation type="Conditional" condition="Container(9000).HasFocus(23)" reversible="false"><effect type="fade" start="0" end="100" time="250" delay="500" /></animation>
					<animation type="Conditional" condition="Container(9000).HasFocus(24)" reversible="false"><effect type="fade" start="0" end="100" time="250" delay="500" /></animation>
					<animation type="Conditional" condition="Container(9000).HasFocus(25)" reversible="false"><effect type="fade" start="0" end="100" time="250" delay="500" /></animation>
					<control type="grouplist" id="40100">
						<top>100</top>
						<pagecontrol>45010</pagecontrol>
						<include>WidgetGroupListCommon</include>
						<include content="WidgetListPoster_USERHomeMenu">
						<param name="content_path" value="$VAR[UserHomeContent]"/>
						<param name="widget_header" value="$VAR[UserHomeContent_Label] 이어보기"/>
						<param name="sortby" value="lastplayed"/>
						<param name="sortorder" value="descending"/>
						<param name="widget_target" value="videos"/>
						<param name="list_id" value="40200"/>
						</include>
						<include content="WidgetListPoster_USERHomeMenu" condition="Library.HasContent(movies)">
							<param name="content_path" value="$VAR[UserHomeContent]"/>
							<param name="widget_header" value="$VAR[UserHomeContent_Label] 최근 추가"/>
							<param name="sortby" value="dateadded"/>
							<param name="sortorder" value="descending"/>
							<param name="widget_target" value="videos"/>
							<param name="list_id" value="40300"/>
						</include>
						<include content="WidgetListPoster_USERHomeMenu" condition="Library.HasContent(movies)">
							<param name="content_path" value="$VAR[UserHomeContent]"/>
							<param name="widget_header" value="$VAR[UserHomeContent_Label] 최근 감상"/>
							<param name="sortby" value="playcount"/>
							<param name="sortorder" value="descending"/>
							<param name="widget_target" value="videos"/>
							<param name="list_id" value="40400"/>
						</include>
						<include content="WidgetListPoster_USERHomeMenu" condition="Library.HasContent(movies)">
							<param name="content_path" value="$VAR[UserHomeContent]"/>
							<param name="widget_header" value="$VAR[UserHomeContent_Label] 무작위"/>
							<param name="sortby" value="random"/>
							<param name="sortorder" value="descending"/>
							<param name="widget_target" value="videos"/>
							<param name="list_id" value="40500"/>
						</include>
					</control>
					<include content="ImageWidget" condition="!Library.HasContent(movies)">
						<param name="text_label" value="$LOCALIZE[31104]" />
						<param name="button_label" value="$LOCALIZE[31110]" />
						<param name="button_onclick" value="ActivateWindow(videos,files,return)"/>
						<param name="button_id" value="40900"/>
						<param name="button2_onclick" value="Skin.SetBool(HomeMenuNoMovieButton)"/>
					</include>
					<include content="WidgetScrollbar" condition="Skin.HasSetting(touchmode)">
						<param name="scrollbar_id" value="45010"/>
					</include>
				</control>
				<!-- Home Power -->
				<control type="group" id="50000">
					<visible>String.IsEqual(Container(9000).ListItem.Property(defaultID),exit)</visible>
							<control type="image">
							<animation type="Conditional" condition="true" loop="true" reversible="false" ></animation>
							    <effect type="fade" start="100" end="100" time="2000" />
								<texture>special://skin/extras/home-wallpaper/power.jpg</texture>
								<left>-60</left>
								<width>110%</width>
								<height>100%</height>
								<aspectratio>scale</aspectratio>
							</control>
							<control type="image">
							<animation type="Conditional" condition="true" loop="true" reversible="false" >
            				<effect type="fade" start="100" end="100" time="6000" />
            				<effect type="fade" start="0" end="100" delay="2000" />
        					</animation>
								<left>-60</left>
								<width>110%</width>
								<height>100%</height>
								<aspectratio>scale</aspectratio>
								<texture>special://skin/extras/home-wallpaper/power_off.jpg</texture>
							</control>
				</control>
				<!-- Home Settings -->
				<control type="group" id="60000">
					<visible>String.IsEqual(Container(9000).ListItem.Property(defaultID),settings)</visible>
					<animation type="Conditional" condition="String.IsEqual(Container(9000).ListItem.Property(defaultID),settings)" reversible="false"><effect type="fade" start="0" end="100" time="250" delay="500" /></animation>
						<control type="image">
							<centerleft>50%</centerleft>
							<centertop>50%</centertop>
							<width>512</width>
							<height>512</height>
							<aspectratio>keep</aspectratio>
							<texture>special://skin/extras/home-wallpaper/setting_wall_big.png</texture>
						</control>
				</control>
				<!-- Home Netflix -->
				<control type="group" id="31000">
					<visible>String.IsEqual(Container(9000).ListItem.Property(defaultID),plugin.video.netflix)</visible>
					<animation type="Conditional" condition="String.IsEqual(Container(9000).ListItem.Property(defaultID),plugin.video.netflix)" reversible="false"><effect type="fade" start="0" end="100" time="250" delay="500" /></animation>
					<control type="grouplist" id="40000">
						<top>100</top>
						<pagecontrol>42000</pagecontrol>
						<include>WidgetGroupListCommon</include>
						<include content="WidgetListPoster_OTT">
							<param name="content_path" value="$VAR[Home_Netflix_path_1]"/>
							<param name="widget_header" value="내가 찜한 콘텐츠"/>
							<param name="widget_target" value="videos"/>
							<param name="list_id" value="40010"/>
						</include>
						<include content="WidgetListPoster_OTT">
							<param name="content_path" value="$VAR[Home_Netflix_path_2]"/>
							<param name="widget_header" value="시청 중인 콘텐츠"/>
							<param name="sortorder" value="year"/>
							<param name="widget_target" value="videos"/>
							<param name="list_id" value="40020"/>
						</include>
						<include content="WidgetListPoster_OTT">
							<param name="content_path" value="$VAR[Home_Netflix_path_3]"/>
							<param name="widget_header" value="NEW! 요즘 대세 콘텐츠"/>
							<param name="sortorder" value="year"/>
							<param name="widget_target" value="videos"/>
							<param name="list_id" value="40030"/>
						</include>
						<include content="WidgetListPoster_OTT">
							<param name="content_path" value="$VAR[Home_Netflix_path_4]"/>
							<param name="widget_header" value="최신등록콘텐츠"/>
							<param name="sortorder" value="year"/>
							<param name="widget_target" value="videos"/>
							<param name="list_id" value="40040"/>
						</include>
						<include content="WidgetListPoster_OTT">
							<param name="content_path" value="$VAR[Home_Netflix_path_5]"/>
							<param name="widget_header" value="넷플릭스 인기 콘텐츠"/>
							<param name="sortorder" value="year"/>
							<param name="widget_target" value="videos"/>
							<param name="list_id" value="40040"/>
						</include>
						<include content="WidgetListPoster_OTT">
							<param name="content_path" value="$VAR[Home_Netflix_path_6]"/>
							<param name="widget_header" value="음성지원"/>
							<param name="sortorder" value="year"/>
							<param name="widget_target" value="videos"/>
							<param name="list_id" value="40050"/>
						</include>
						
					</control>
					<include content="ImageWidget" condition="!Library.HasContent(movies)">
						<param name="text_label" value="$LOCALIZE[31104]" />
						<param name="button_label" value="$LOCALIZE[31110]" />
						<param name="button_onclick" value="ActivateWindow(videos,files,return)"/>
						<param name="button_id" value="41000"/>
						<param name="button2_onclick" value="Skin.SetBool(HomeMenuNoMovieButton)"/>
					</include>
					<include content="WidgetScrollbar" condition="Skin.HasSetting(touchmode)">
						<param name="scrollbar_id" value="42000"/>
					</include>
				</control>
				<!-- Home Wavve -->
				<control type="group" id="32000">
					<visible>String.IsEqual(Container(9000).ListItem.Property(defaultID),plugin.video.wavvem)</visible>
					<animation type="Conditional" condition="String.IsEqual(Container(9000).ListItem.Property(defaultID),plugin.video.wavvem)" reversible="false"><effect type="fade" start="0" end="100" time="250" delay="500" /></animation>
					<control type="grouplist" id="50000">
						<top>100</top>
						<pagecontrol>502000</pagecontrol>
						<include>WidgetGroupListCommon</include>
						<include content="WidgetListPoster_OTT">
							<param name="content_path" value="$VAR[Home_wavve_path_1]"/>
							<param name="widget_header" value="지금 핫한 프로그램"/>
							<param name="widget_target" value="videos"/>
							<param name="list_id" value="50010"/>
						</include>
						<include content="WidgetListPoster_OTT">
							<param name="content_path" value="$VAR[Home_wavve_path_2]"/>
							<param name="widget_header" value="인기 드라마"/>
							<param name="sortorder" value="year"/>
							<param name="widget_target" value="videos"/>
							<param name="list_id" value="50020"/>
						</include>
						<include content="WidgetListPoster_OTT">
							<param name="content_path" value="$VAR[Home_wavve_path_3]"/>
							<param name="widget_header" value="인기 예능"/>
							<param name="sortorder" value="year"/>
							<param name="widget_target" value="videos"/>
							<param name="list_id" value="50030"/>
						</include>
						
						 <include content="WidgetListPoster_OTT">
							<param name="content_path" value="$VAR[Home_wavve_path_4]"/>
							<param name="widget_header" value="오직 웨이브에서"/>
							<param name="sortorder" value="year"/>
							<param name="widget_target" value="videos"/>
							<param name="list_id" value="50040"/>
						</include>
						

					</control>
					<include content="ImageWidget" condition="!Library.HasContent(movies)">
						<param name="text_label" value="$LOCALIZE[31104]" />
						<param name="button_label" value="$LOCALIZE[31110]" />
						<param name="button_onclick" value="ActivateWindow(videos,files,return)"/>
						<param name="button_id" value="501000"/>
						<param name="button2_onclick" value="Skin.SetBool(HomeMenuNoMovieButton)"/>
					</include>
					<include content="WidgetScrollbar" condition="Skin.HasSetting(touchmode)">
						<param name="scrollbar_id" value="502000"/>
					</include>
				</control>
				<!-- Home Tving -->
				<control type="group" id="33000">
					<visible>String.IsEqual(Container(9000).ListItem.Property(defaultID),plugin.video.tvingm)</visible>
					<animation type="Conditional" condition="String.IsEqual(Container(9000).ListItem.Property(defaultID),plugin.video.tvingm)" reversible="false"><effect type="fade" start="0" end="100" time="250" delay="500" /></animation>
					<control type="grouplist" id="60000">
						<top>100</top>
						<pagecontrol>601000</pagecontrol>
						<include>WidgetGroupListCommon</include>
						<include content="WidgetListPoster_OTT">
							<param name="content_path" value="$VAR[Home_tving_path_1]"/>
							<param name="widget_header" value="오직 티빙에만"/>
							<param name="widget_target" value="videos"/>
							<param name="list_id" value="60010"/>
						</include>
						<include content="WidgetListPoster_OTT">
							<param name="content_path" value="$VAR[Home_tving_path_2]"/>
							<param name="widget_header" value="VOD 방송 - 4K"/>
							<param name="sortorder" value="year"/>
							<param name="widget_target" value="videos"/>
							<param name="list_id" value="60020"/>
						</include>
						<include content="WidgetListPoster_OTT">
							<param name="content_path" value="$VAR[Home_tving_path_5]"/>
							<param name="widget_header" value="영화(Movie) - 4K"/>
							<param name="sortorder" value="year"/>
							<param name="widget_target" value="videos"/>
							<param name="list_id" value="60030"/>
						</include>
					</control>
					<include content="WidgetScrollbar" condition="Skin.HasSetting(touchmode)">
						<param name="scrollbar_id" value="601000"/>
					</include>
				</control>
				<!-- Home Watcha -->
				<control type="group" id="34000">
					<visible>String.IsEqual(Container(9000).ListItem.Property(defaultID),plugin.video.watcham)</visible>
					<animation type="Conditional" condition="String.IsEqual(Container(9000).ListItem.Property(defaultID),plugin.video.watcham)" reversible="false"><effect type="fade" start="0" end="100" time="250" delay="500" /></animation>
					<control type="grouplist" id="70000">
						<top>100</top>
						<pagecontrol>71000</pagecontrol>
						<include>WidgetGroupListCommon</include>
						<include content="WidgetListPoster_OTT">
							<param name="content_path" value="$VAR[Home_watcha_path_1]"/>
							<param name="widget_header" value="오직 왓챠에서!"/>
							<param name="widget_target" value="videos"/>
							<param name="list_id" value="70010"/>
						</include>
						<include content="WidgetListPoster_OTT">
							<param name="content_path" value="$VAR[Home_watcha_path_2]"/>
							<param name="widget_header" value="왓플 최고 인기작"/>
							<param name="sortorder" value="year"/>
							<param name="widget_target" value="videos"/>
							<param name="list_id" value="70020"/>
						</include>
						<include content="WidgetListPoster_OTT">
							<param name="content_path" value="$VAR[Home_watcha_path_3]"/>
							<param name="widget_header" value="4K / HDR, ATOMOS 지원작"/>
							<param name="sortorder" value="year"/>
							<param name="widget_target" value="videos"/>
							<param name="list_id" value="70030"/>
						</include>
						<include content="WidgetListPoster_OTT">
							<param name="content_path" value="$VAR[Home_watcha_path_4]"/>
							<param name="widget_header" value="새로 올라온 작품"/>
							<param name="sortorder" value="year"/>
							<param name="widget_target" value="videos"/>
							<param name="list_id" value="70040"/>
						</include>
					</control>
					<include content="WidgetScrollbar" condition="Skin.HasSetting(touchmode)">
						<param name="scrollbar_id" value="71000"/>
					</include>
				</control>
				<!-- Home Spotv -->
				<control type="group" id="35000">
					<visible>String.IsEqual(Container(9000).ListItem.Property(defaultID),plugin.video.spotvm)</visible>
					<animation type="Conditional" condition="String.IsEqual(Container(9000).ListItem.Property(defaultID),plugin.video.spotvm)" reversible="false"><effect type="fade" start="0" end="100" time="250" delay="500" /></animation>
					<control type="grouplist" id="80000">
						<top>100</top>
						<pagecontrol>81000</pagecontrol>
						<include>WidgetGroupListCommon</include>
						<include content="WidgetListPoster_OTT">
							<param name="content_path" value="$VAR[Home_spotv_path_1]"/>
							<param name="widget_header" value="오늘의 추천 VOD"/>
							<param name="widget_target" value="videos"/>
							<param name="list_id" value="80010"/>
						</include>
						<include content="WidgetListPoster_OTT">
							<param name="content_path" value="$VAR[Home_spotv_path_2]"/>
							<param name="widget_header" value="인기영상 5"/>
							<param name="sortorder" value="year"/>
							<param name="widget_target" value="videos"/>
							<param name="list_id" value="80020"/>
						</include>
						<include content="WidgetListPoster_OTT">
							<param name="content_path" value="$VAR[Home_spotv_path_3]"/>
							<param name="widget_header" value="VOD (리그, 경기별)"/>
							<param name="sortorder" value="year"/>
							<param name="widget_target" value="videos"/>
							<param name="list_id" value="80030"/>
						</include>
					</control>
					<include content="WidgetScrollbar" condition="Skin.HasSetting(touchmode)">
						<param name="scrollbar_id" value="81000"/>
					</include>
				</control>
				<!-- Home Samsungtv -->
				<control type="group" id="36000">
					<visible>String.IsEqual(Container(9000).ListItem.Property(defaultID),plugin.video.samsungtvm)</visible>
					<animation type="Conditional" condition="String.IsEqual(Container(9000).ListItem.Property(defaultID),plugin.video.samsungtvm)" reversible="false"><effect type="fade" start="0" end="100" time="250" delay="500" /></animation>
					<control type="grouplist" id="90000">
						<top>100</top>
						<pagecontrol>5010</pagecontrol>
						<include>WidgetGroupListCommon</include>
						<include content="WidgetListPoster_OTT">
							<param name="content_path" value="$VAR[Home_samsungtv_path_1]"/>
							<param name="widget_header" value="실시간 (전체)"/>
							<param name="widget_target" value="videos"/>
							<param name="list_id" value="90010"/>
						</include>
						<include content="WidgetListPoster_OTT">
							<param name="content_path" value="$VAR[Home_samsungtv_path_2]"/>
							<param name="widget_header" value="실시간 (장르별)"/>
							<param name="widget_target" value="videos"/>
							<param name="list_id" value="90020"/>
						</include>
					</control>
					<include content="WidgetScrollbar" condition="Skin.HasSetting(touchmode)">
						<param name="scrollbar_id" value="5010"/>
					</include>
				</control>
				<!-- Home kakaotv -->
				<control type="group" id="37000">
					<visible>String.IsEqual(Container(9000).ListItem.Property(defaultID),plugin.video.kakaotvm)</visible>
					<animation type="Conditional" condition="String.IsEqual(Container(9000).ListItem.Property(defaultID),plugin.video.kakaotvm)" reversible="false"><effect type="fade" start="0" end="100" time="250" delay="500" /></animation>
					<control type="grouplist" id="100000">
						<top>100</top>
						<pagecontrol>101000</pagecontrol>
						<include>WidgetGroupListCommon</include>
						<include content="WidgetListPoster_OTT">
							<param name="content_path" value="$VAR[Home_kakaotv_path_1]"/>
							<param name="widget_header" value="인기 오리지널"/>
							<param name="widget_target" value="videos"/>
							<param name="list_id" value="100010"/>
						</include>
						<include content="WidgetListPoster_OTT">
							<param name="content_path" value="$VAR[Home_kakaotv_path_2]"/>
							<param name="widget_header" value="인기 라이브 (360P)"/>
							<param name="widget_target" value="videos"/>
							<param name="list_id" value="100020"/>
						</include>
					</control>
					<include content="WidgetScrollbar" condition="Skin.HasSetting(touchmode)">
						<param name="scrollbar_id" value="101000"/>
					</include>
				</control>
				<!-- Home nsports -->
				<control type="group" id="38000">
					<visible>String.IsEqual(Container(9000).ListItem.Property(defaultID),plugin.video.nsportsm)</visible>
					<animation type="Conditional" condition="String.IsEqual(Container(9000).ListItem.Property(defaultID),plugin.video.nsportsm)" reversible="false"><effect type="fade" start="0" end="100" time="250" delay="500" /></animation>
					<control type="grouplist" id="110000">
						<top>100</top>
						<pagecontrol>111000</pagecontrol>
						<include content="WidgetListPoster_OTT">
							<param name="content_path" value="$VAR[Home_nsportsm_path_1]"/>
							<param name="widget_header" value="경기별 보기"/>
							<param name="widget_target" value="videos"/>
							<param name="list_id" value="110010"/>
						</include>
					</control>
					<include content="WidgetScrollbar" condition="Skin.HasSetting(touchmode)">
						<param name="scrollbar_id" value="111000"/>
					</include>
				</control>
			</control>
			<!-- Home icon size 72 X 72 -->
			<control type="group">
				<depth>DepthContentPanel</depth>
				<include>OpenClose_Left</include>
				<control type="group">
				<top>-75</top>
				<left>150</left>
				</control>
				<include content="ContentPanel">
					<param name="width" value="153" />
				</include>
				<control type="fixedlist" id="9000">
					<left>0</left>
					<top>150</top>
					<width>160</width>
					<bottom>-10</bottom>
					<!-- 메뉴 스크롤 업다운 결정 -->
					<movement>5</movement>
					<focusposition>0</focusposition>
					<onfocus>ClearProperty(listposition,home)</onfocus>
					<onright condition="String.IsEqual(Container(9000).ListItem.Property(defaultID),home)">100</onright>
					<onright condition="String.IsEqual(Container(9000).ListItem.Property(defaultID),script.globalsearch)"></onright>
					<onright condition="String.IsEqual(Container(9000).ListItem.Property(widget),DiscWidget)">21000</onright>
					<onright condition="String.IsEqual(Container(9000).ListItem.Property(widget),MoviesWidget)">100</onright>
					<onright condition="String.IsEqual(Container(9000).ListItem.Property(widget),TVShowsWidget)">100</onright>
					<onright condition="String.IsEqual(Container(9000).ListItem.Property(widget),MusicWidget)">7000</onright>
					<onright condition="String.IsEqual(Container(9000).ListItem.Property(widget),MusicVideosWidget)">16000</onright>
					<onright condition="String.IsEqual(Container(9000).ListItem.Property(widget),LiveTVWidget)">12000</onright>
					<onright condition="String.IsEqual(Container(9000).ListItem.Property(widget),RadioWidget)">13000</onright>
					<onright condition="String.IsEqual(Container(9000).ListItem.Property(widget),GamesWidget)">17000</onright>
					<onright condition="String.IsEqual(Container(9000).ListItem.Property(widget),AddonsWidget)">8000</onright>
					<onright condition="String.IsEqual(Container(9000).ListItem.Property(widget),PicturesWidget)">4000</onright>
					<onright condition="String.IsEqual(Container(9000).ListItem.Property(widget),VideoWidget)">11000</onright>
					<onright condition="String.IsEqual(Container(9000).ListItem.Property(widget),FavoritesWidget)">14000</onright>
					<onright condition="String.IsEqual(Container(9000).ListItem.Property(widget),WeatherWidget)">15000</onright>
					<onright condition="String.IsEqual(Container(9000).ListItem.Property(defaultID),settings)"></onright>
					<onright condition="String.IsEqual(Container(9000).ListItem.Property(defaultID),exit)">22000</onright>
					<onright condition="String.IsEqual(Container(9000).ListItem.Property(UserHomeMenuProperty),UserHomeMenu)">40000</onright>
					<onright condition="String.IsEqual(Container(9000).ListItem.Property(defaultID),plugin.video.netflix)">31000</onright>
					<onright condition="String.IsEqual(Container(9000).ListItem.Property(defaultID),plugin.video.wavvem)">32000</onright>
					<onright condition="String.IsEqual(Container(9000).ListItem.Property(defaultID),plugin.video.tvingm)">33000</onright>
					<onright condition="String.IsEqual(Container(9000).ListItem.Property(defaultID),plugin.video.watcham)">34000</onright>
					<onright condition="String.IsEqual(Container(9000).ListItem.Property(defaultID),plugin.video.spotvm)">35000</onright>
					<onright condition="String.IsEqual(Container(9000).ListItem.Property(defaultID),plugin.video.samsungtvm)">36000</onright>
					<onright condition="String.IsEqual(Container(9000).ListItem.Property(defaultID),plugin.video.kakaotvm)">37000</onright>
					<onright condition="String.IsEqual(Container(9000).ListItem.Property(defaultID),plugin.video.nsportsm)">38000</onright>
					<ondown></ondown>
					<scrolltime tween="cubic" easing="out">500</scrolltime>
					<focusedlayout height="100">
						<control type="group">
							<animation effect="fade" start="100" end="0" time="0">UnFocus</animation>
							<control type="image">
								<left>-3</left>
								<top>-5</top>
								<width>95</width>
								<height>95</height>
								<texture colordiffuse="button_focus">lists/focus.png</texture>
								<animation effect="fade" start="100" end="0" time="0" condition="[!Control.HasFocus(9000) + !ControlGroup(700).HasFocus] | System.HasActiveModalDialog">Conditional</animation>
							</control>
							<control type="image">
								<left>10</left>
								<top>5</top>
								<width>72</width>
								<height>72</height>
								<texture colordiffuse="button_focus">$INFO[ListItem.Art(thumb)]</texture>
								<animation effect="fade" start="0" end="100" time="300" reversible="false">Focus</animation>
							</control>
							<control type="image">
								<left>-3</left>
								<top>-5</top>
								<width>95</width>
								<height>95</height>
								<texture colordiffuse="51FFFFFF">colors/black.png</texture>
								<animation effect="fade" start="100" end="0" time="0" condition="[!Control.HasFocus(9000) + !ControlGroup(700).HasFocus] | System.HasActiveModalDialog">Conditional</animation>
							</control>
							<control type="button">
								<visible allowhiddenfocus="true">false</visible>
								<onfocus condition="String.IsEqual(Container(9000).ListItem.Property(defaultID),exit)">AlarmClock(poweroff_flag,ActivateWindow(ShutdownMenu),00:02,silent)</onfocus>
								<onfocus condition="!String.IsEqual(Container(9000).ListItem.Property(defaultID),exit)">CancelAlarm(poweroff_flag,true)</onfocus>
							</control>
						</control>
						<control type="image">
							<left>10</left>
							<top>5</top>
							<width>72</width>
							<height>72</height>
							<texture>$INFO[ListItem.Art(thumb)]</texture>
						</control>
					</focusedlayout>
					<itemlayout height="100">
						<control type="image">
							<left>10</left>
							<top>5</top>
							<width>72</width>
							<height>72</height>
							<texture colordiffuse="44FFFFFF">$INFO[ListItem.Art(thumb)]</texture>
						</control>
					</itemlayout>
					<content>
					<include>skinshortcuts-mainmenu</include>
				</content>
				</control>
			</control>
			<include>BottomBar</include>
			<control type="group">
				<depth>DepthBars</depth>
				<bottom>0</bottom>
				<height>70</height>
				<animation effect="fade" start="0" end="100" time="300" delay="300">WindowOpen</animation>
				<animation effect="fade" start="100" end="0" time="200">WindowClose</animation>
				<include condition="!Skin.HasSetting(hide_mediaflags)" content="MediaFlags">
					<param name="infolabel_prefix" value="Container." />
					<param name="resolution_var" value="$VAR[ContainerResolutionFlagVar]" />
				</include>
				<control type="rss">
					<animation effect="slide" end="0,90" time="300" tween="sine" easing="inout" condition="$EXP[infodialog_active]">conditional</animation>
					<left>0</left>
					<bottom>0</bottom>
					<height>39</height>
					<width>100%</width>
					<font>font12</font>
					<urlset>1</urlset>
					<hitrect x="-100" y="0" w="1" h="1" />
					<titlecolor>button_focus</titlecolor>
					<textcolor>button_focus</textcolor>
					<shadowcolor>text_shadow</shadowcolor>
					<headlinecolor>FFC0C0C0</headlinecolor>
					<visible>Skin.HasSetting(hide_mediaflags) | !ControlGroup(2000).HasFocus</visible>
					<animation effect="fade" time="300">VisibleChange</animation>
				</control>
			</control>
			<control type="group">
				<top>-60</top>
				<left>150</left>
				<include>Meta_Home_Label</include>
			</control>
			<include content="TopBar">
				<param name="breadcrumbs_label" value="" />
			</include>
			<control type="group">
				<depth>DepthBars</depth>
				<animation effect="slide" end="0,-90" time="300" tween="sine" easing="inout" condition="$EXP[infodialog_active]">conditional</animation>
				<animation effect="fade" start="0" end="100" time="300">WindowOpen</animation>
				<animation effect="fade" start="100" end="0" time="200">WindowClose</animation>
				<top>20</top>
				<left>10</left>
				<control type="image">
					<left>4</left>
					<top>0</top>
					<aspectratio>keep</aspectratio>
					<width>64</width>
					<height>64</height>
					<texture>special://skin/media/km_icon/icon.png</texture>
				</control>
			</control>
		</control>
	</controls>
</window>
