﻿<?xml version="1.0" encoding="UTF-8"?>
<window type="dialog" id="2901">
	<defaultcontrol always="true">1630</defaultcontrol>
	<onload condition="VideoPlayer.Content(LiveTV)">SetFocus(1700)</onload>
	<animation effect="fade" delay="100" start="0" end="100" time="400">WindowOpen</animation>
	<animation effect="fade" start="100" end="0" time="500">WindowClose</animation>
	<controls>
		<control type="image">
			<width>100%</width>
			<height>100%</height>
			<texture background="true" border="15">special://skin/media/new_video_osd/vignette.png</texture>
			<colordiffuse>cc000000</colordiffuse>
			<visible>!Skin.HasSetting(videoosdflag)</visible>
		</control>
		<!-- <include>HomePlaying</include> -->
		<control type="group">
			<top>190</top>
			<left>100</left>
			<control type="image">
						<left>90</left>
						<top>-350</top>
						<width>500</width>
						<texture>$VAR[PlayerClearLogoVar]</texture>
						<aspectratio aligny="center" align="center">keep</aspectratio>
			</control>
			<control type="label">
				<width>250</width>
				<height>38</height>
				<font>font26</font>
				<textcolor>grey</textcolor>
				<shadowcolor>text_shadow</shadowcolor>
				<label>홈 화면으로</label>
				<visible>Control.HasFocus(1700)</visible>
			</control>
			<control type="label">
				<width>250</width>
				<height>38</height>
				<font>font26</font>
				<textcolor>grey</textcolor>
				<shadowcolor>text_shadow</shadowcolor>
				<label>처음부터 재생</label>
				<visible>Control.HasFocus(1710)</visible>
			</control>
			<control type="label">
				<width>250</width>
				<height>38</height>
				<font>font26</font>
				<textcolor>grey</textcolor>
				<shadowcolor>text_shadow</shadowcolor>
				<label>다음 에피소드 재생</label>
				<visible>Control.HasFocus(1720)</visible>
			</control>
			<control type="label">
				<width>250</width>
				<height>38</height>
				<font>font26</font>
				<textcolor>grey</textcolor>
				<shadowcolor>text_shadow</shadowcolor>
				<label>처음부터 재생</label>
				<visible>Control.HasFocus(1710)</visible>
			</control>
			<control type="label">
				<width>250</width>
				<height>38</height>
				<font>font26</font>
				<textcolor>grey</textcolor>
				<shadowcolor>text_shadow</shadowcolor>
				<label>확장 옵션</label>
				<visible>Control.HasFocus(1730)</visible>
			</control>
			<control type="label">
				<label>$INFO[Player.PlaySpeed]X Play</label>
				<textcolor>grey</textcolor>
				<shadowcolor>text_shadow</shadowcolor>
				<font>font26</font>
				<visible>Control.HasFocus(1740) | Control.HasFocus(1770)</visible>
			</control>
			<control type="label">
				<label>$INFO[Player.PlaySpeed]X Play</label>
				<textcolor>grey</textcolor>
				<shadowcolor>text_shadow</shadowcolor>
				<font>font26</font>
				<visible>Control.HasFocus(1780) | Control.HasFocus(1790)</visible>
			</control>
			<control type="label">
				<width>250</width>
				<height>38</height>
				<font>font26</font>
				<textcolor>grey</textcolor>
				<shadowcolor>text_shadow</shadowcolor>
				<label>30초 뒤로</label>
				<visible>Control.HasFocus(1750)</visible>
			</control>
			<control type="label">
				<width>250</width>
				<height>38</height>
				<font>font26</font>
				<textcolor>grey</textcolor>
				<shadowcolor>text_shadow</shadowcolor>
				<label>30초 앞으로</label>
				<visible>Control.HasFocus(1760)</visible>
			</control>
			<control type="label">
				<width>250</width>
				<height>38</height>
				<font>font26</font>
				<textcolor>grey</textcolor>
				<shadowcolor>text_shadow</shadowcolor>
				<label>자막설정</label>
				<visible>Control.HasFocus(1800)</visible>
			</control>
			<control type="label">
				<width>250</width>
				<height>38</height>
				<font>font26</font>
				<textcolor>grey</textcolor>
				<shadowcolor>text_shadow</shadowcolor>
				<label>오디오설정</label>
				<visible>Control.HasFocus(1820)</visible>
			</control>
			<control type="label">
				<width>250</width>
				<height>38</height>
				<font>font26</font>
				<textcolor>grey</textcolor>
				<shadowcolor>text_shadow</shadowcolor>
				<label>비디오설정</label>
				<visible>Control.HasFocus(1830)</visible>
			</control>
		</control>
		<control type="group">
			<visible>!Skin.HasSetting(videoosdflag)</visible>
			<control type="grouplist" id="100">
				<top>100</top>
				<left>100</left>
				<orientation>horizontal</orientation>
				<width>1800</width>
				<height>120</height>
				<itemgap>50</itemgap>
				<control type="button" id="1700">
					<width>64</width>
					<height>64</height>
					<aspectratio>keep</aspectratio>
					<texturefocus colordiffuse="button_focus">special://skin/media/new_video_osd/back_osd.png</texturefocus>
					<texturenofocus>special://skin/media/new_video_osd/back_osd.png</texturenofocus>
					<onclick>PlayerControl(Stop)</onclick>
					<ondown>1630</ondown>
				</control>
				<control type="button" id="1710">
					<ondown>1630</ondown>
					<width>64</width>
					<height>64</height>
					<aspectratio>keep</aspectratio>
					<texturefocus colordiffuse="button_focus">special://skin/media/new_video_osd/rewind_osd.png</texturefocus>
					<texturenofocus>special://skin/media/new_video_osd/rewind_osd.png</texturenofocus>
					<onclick>seek(-298800)</onclick>
					<onclick condition="Player.Paused">PlayerControl(Play)</onclick>
					<visible>!VideoPlayer.Content(LiveTV)</visible>
				</control>
				<!-- 재생버튼 - More -->
				<control type="togglebutton" id="1730">
					<top>10</top>
					<width>64</width>
					<height>64</height>
					<aspectratio>keep</aspectratio>
					<texturefocus colordiffuse="button_focus">special://skin/media/new_video_osd/less.png</texturefocus>
					<texturenofocus>special://skin/media/new_video_osd/less.png</texturenofocus>
					<usealttexture>!Skin.HasSetting(displaymorebuttons)</usealttexture>
					<alttexturefocus colordiffuse="button_focus">special://skin/media/new_video_osd/more.png</alttexturefocus>
					<alttexturenofocus>special://skin/media/new_video_osd/more.png</alttexturenofocus>
					<onclick>Skin.ToggleSetting(displaymorebuttons)</onclick>
					<ondown>1740</ondown>
					<visible>!VideoPlayer.Content(LiveTV)</visible>
				</control>
			</control>
			<!-- 재생화면 - 컨트롤 메뉴 -->
			<control type="grouplist">
				<top>190</top>
				<left>330</left>
				<left></left>
				<width>1800</width>
				<height>120</height>
				<itemgap>25</itemgap>
				<orientation>horizontal</orientation>
				<onup>1730</onup>
				<ondown>1630</ondown>
				<visible>!VideoPlayer.Content(LiveTV)</visible>
				<control type="button" id="1740">
					<width>48</width>
					<height>48</height>
					<aspectratio>keep</aspectratio>
					<texturefocus colordiffuse="button_focus">special://skin/media/new_video_osd/rew.png</texturefocus>
					<texturenofocus>special://skin/media/new_video_osd/rew.png</texturenofocus>
					<visible>Skin.HasSetting(displaymorebuttons)</visible>
					<onclick>PlayerControl(Rewind)</onclick>
				</control>
				<control type="button" id="1750">
					<width>48</width>
					<height>48</height>
					<aspectratio>keep</aspectratio>
					<texturefocus colordiffuse="button_focus">special://skin/media/new_video_osd/skipback.png</texturefocus>
					<texturenofocus>special://skin/media/new_video_osd/skipback.png</texturenofocus>
					<visible>Skin.HasSetting(displaymorebuttons)</visible>
					<onclick>Seek(-30)</onclick>
				</control>
				<control type="button" id="1760">
					<width>48</width>
					<height>48</height>
					<aspectratio>keep</aspectratio>
					<texturefocus colordiffuse="button_focus">special://skin/media/new_video_osd/skipgo.png</texturefocus>
					<texturenofocus>special://skin/media/new_video_osd/skipgo.png</texturenofocus>
					<visible>Skin.HasSetting(displaymorebuttons)</visible>
					<onclick>Seek(30)</onclick>
				</control>
				<control type="button" id="1770">
					<width>48</width>
					<height>48</height>
					<aspectratio>keep</aspectratio>
					<texturefocus colordiffuse="button_focus">special://skin/media/new_video_osd/ff.png</texturefocus>
					<texturenofocus>special://skin/media/new_video_osd/ff.png</texturenofocus>
					<visible>Skin.HasSetting(displaymorebuttons)</visible>
					<onclick>PlayerControl(Forward)</onclick>
				</control>
				<control type="button" id="1780" description="PlaySpeedUp">
					<width>48</width>
					<height>48</height>
					<aspectratio>keep</aspectratio>
					<texturefocus colordiffuse="button_focus">special://skin/media/new_video_osd/tempoup.png</texturefocus>
					<texturenofocus>special://skin/media/new_video_osd/tempoup.png</texturenofocus>
					<visible>Skin.HasSetting(displaymorebuttons)</visible>
					<onclick>PlayerControl(tempoup)</onclick>
					<visible>Player.TempoEnabled</visible>
				</control>
				<control type="button" id="1790" description="PlaySpeedDown">
					<width>48</width>
					<height>48</height>
					<aspectratio>keep</aspectratio>
					<texturefocus colordiffuse="button_focus">special://skin/media/new_video_osd/tempodown.png</texturefocus>
					<texturenofocus>special://skin/media/new_video_osd/tempodown.png</texturenofocus>
					<visible>Skin.HasSetting(displaymorebuttons)</visible>
					<onclick>PlayerControl(tempodown)</onclick>
					<visible>Player.TempoEnabled</visible>
				</control>
				<control type="button" id="1800">
					<width>48</width>
					<height>48</height>
					<aspectratio>keep</aspectratio>
					<texturefocus colordiffuse="button_focus">special://skin/media/new_video_osd/subtitle.png</texturefocus>
					<texturenofocus>special://skin/media/new_video_osd/subtitle.png</texturenofocus>
					<visible>Skin.HasSetting(displaymorebuttons)</visible>
					<onclick>ActivateWindow(osdsubtitlesettings)</onclick>
				</control>
				<control type="button" id="1820">
					<width>48</width>
					<height>48</height>
					<aspectratio>keep</aspectratio>
					<texturefocus colordiffuse="button_focus">special://skin/media/new_video_osd/audio.png</texturefocus>
					<texturenofocus>special://skin/media/new_video_osd/audio.png</texturenofocus>
					<visible>Skin.HasSetting(displaymorebuttons)</visible>
					<onclick>ActivateWindow(124)</onclick>
				</control>
				<control type="button" id="1830">
					<width>48</width>
					<height>48</height>
					<aspectratio>keep</aspectratio>
					<texturefocus colordiffuse="button_focus">special://skin/media/new_video_osd/video.png</texturefocus>
					<texturenofocus>special://skin/media/new_video_osd/video.png</texturenofocus>
					<visible>Skin.HasSetting(displaymorebuttons)</visible>
					<onclick>ActivateWindow(123)</onclick>
				</control>
				<control type="button" id="1840">
					<width>48</width>
					<height>48</height>
					<aspectratio>keep</aspectratio>
					<texturefocus colordiffuse="button_focus">special://skin/media/new_video_osd/info.png</texturefocus>
					<texturenofocus>special://skin/media/new_video_osd/info.png</texturenofocus>
					<visible>Skin.HasSetting(displaymorebuttons)</visible>
					<onclick>Dialog.Close(VideoOSD)</onclick>
					<onclick>ActivateWindow(5555)</onclick>
				</control>
			</control>
			<!-- 재생화면 - 재생.포즈 -->
			<control type="grouplist" id="200">
				<visible>!VideoPlayer.Content(LiveTV)</visible>
				<onup>1710</onup>
				<onleft condition="!Player.SeekEnabled">noop</onleft>
				<onleft condition="Player.SeekEnabled + Player.Paused">PlayerControl(Play)</onleft>
				<onleft condition="Player.SeekEnabled">back</onleft>
				<onright condition="!Player.SeekEnabled">noop</onright>
				<onright condition="Player.SeekEnabled + Player.Paused">PlayerControl(Play)</onright>
				<onright condition="Player.SeekEnabled">back</onright>
				<top>945</top>
				<left>250</left>
				<control type="togglebutton" id="1630">
					<width>32</width>
					<height>32</height>
					<aspectratio>keep</aspectratio>
					<texturefocus colordiffuse="button_focus">special://skin/media/new_video_osd/pause_osd.png</texturefocus>
					<texturenofocus>special://skin/media/new_video_osd/pause_osd.png</texturenofocus>
					<usealttexture>Player.Paused | Player.Forwarding | Player.Rewinding</usealttexture>
					<alttexturefocus colordiffuse="button_focus">special://skin/media/new_video_osd/play_osd.png</alttexturefocus>
					<alttexturenofocus>special://skin/media/new_video_osd/play_osd.png</alttexturenofocus>
					<onclick>PlayerControl(Play)</onclick>
					<onup>1700</onup>
				</control>
			</control>
		</control>
		<control type="group">
			<visible>!Skin.HasSetting(videoosdflag)</visible>
			<control type="label">
				<top>65</top>
				<left>1345</left>
				<align>left</align>
				<label>$INFO[VideoPlayer.Title]</label>
				<textcolor>ffffffff</textcolor>
				<font>font50</font>
			</control>
			<control type="grouplist">
				<description>Media Codec Flagging Images</description>
				<top>145</top>
				<left>1327</left>
				<width>1000</width>
				<itemgap>1</itemgap>
				<orientation>horizontal</orientation>
				<include>KM_MediaInfo_Icon_fullscreen</include>
			</control>
		</control>
	</controls>
</window>