<?xml version="1.0" encoding="UTF-8"?>
<addon id="skin.destiny" name="skin.destiny.km" version="1.3.2" provider-name="KM">
	<requires>
		<import addon="xbmc.gui" version="5.17.0" />
		<import addon="service.upnext" version="1.1.9+matrix.1" />
		<import addon="script.embuary.helper" version="2.0.8" />
		<import addon="plugin.video.themoviedb.helper" version="0.0.1" />
		<import addon="script.module.requests" version="2.27.1"/>
		<import addon="inputstream.adaptive" version="19.0.0"/>
		<import addon="plugin.video.youtube" version="7.0.5" />
	</requires>
	<extension point="xbmc.gui.skin" debugging="false">
		<res width="1920" height="1080" aspect="16:9" default="true" folder="xml"/>
	</extension>
		<extension point="xbmc.addon.metadata">
		<summary lang="en">skin.destiny.km</summary>
		<summary lang="ko_KR">skin.destiny.km</summary>
		<description lang="en">skin.destiny.km</description>
		<description lang="ko_KR">skin.destiny.km</description>
		<disclaimer lang="en">KM Custom Kodi Skin</disclaimer>
		<disclaimer lang="ko_KR">KM Custom Kodi Skin</disclaimer>
		<platform>all</platform>
		<license>Creative Commons Attribution-ShareAlike 3.0.</license>
		<forum>https://cafe.naver.com/mk802</forum>
		<source>https://github.com/kmfly/kodiskin</source>
		<assets>
			<icon>resources/icon.jpg</icon>
			<fanart>resources/fanart.jpg</fanart>
			<screenshot>resources/1.jpg</screenshot>
			<screenshot>resources/2.jpg</screenshot>
			<screenshot>resources/3.jpg</screenshot>
			<screenshot>resources/4.jpg</screenshot>
			<screenshot>resources/5.jpg</screenshot>
			<screenshot>resources/6.jpg</screenshot>
			<screenshot>resources/7.jpg</screenshot>
			<screenshot>resources/8.jpg</screenshot>
			<screenshot>resources/9.jpg</screenshot>
		</assets>
	</extension>
</addon>
