<?xml version="1.0" encoding="UTF-8"?>
<addon id="skin.estuary.km" version="0.0.3" name="skin.estuary.km" provider-name="KM">
	<requires>
		<import addon="xbmc.gui" version="5.16.0"/>
		<import addon="plugin.video.youtube" version="7.0.2"/>
		<import addon="script.embuary.info" version="2.0.8"/>
		<import addon="script.embuary.helper" version="2.0.8"/>
		<import addon="plugin.video.themoviedb.helper" version="4.10.14"/>
	</requires>
	<extension point="xbmc.gui.skin" debugging="false">
		<res width="1920" height="1440" aspect="4:3" default="false" folder="xml" />
		<res width="1920" height="1280" aspect="3:2" default="false" folder="xml" />
		<res width="1920" height="1200" aspect="16:10" default="false" folder="xml" />
		<res width="2040" height="1080" aspect="17:9" default="false" folder="xml" />
		<res width="1920" height="1080" aspect="16:9" default="true" folder="xml" />
		<res width="2560" height="1080" aspect="21:9" default="false" folder="xml" />
		<res width="2338" height="1080" aspect="19.5:9" default="false" folder="xml" />
		<res width="2160" height="1080" aspect="18:9" default="false" folder="xml" />
	</extension>
	<extension point="xbmc.addon.metadata">
		<platform>all</platform>
		<license>CC BY-SA 4.0, GNU GENERAL PUBLIC LICENSE Version 2.0</license>
		<summary lang="en_US">Estuary skin by phil65 and Piers. (Kodi&apos;s default skin)</summary>
		<summary lang="ko_KR">KM 이 수정한 Estuary 스킨</summary>		
		<description lang="ko_KR">KM 이 수정한 Estuary 스킨</description>		
	</extension>
</addon>
