<?xml version="1.0" encoding="UTF-8"?>
<!-- BINGIE -->
<window type="dialog" id="1103">
    <defaultcontrol always="true">10</defaultcontrol>
    <zorder>999</zorder>
    <onload>PlayMedia(special://skin/extra/destiny_km.mp4,1)</onload>
    <!-- <onload condition="!Skin.HasSetting(DisableAnimatedIntro) + Skin.HasSetting(UseAltDefaultIntro)">PlayMedia($INFO[Skin.String(SplashAnimationResolution),special://skin/extras/media/bingie_intro2_,.mp4],1)</onload> -->

    <!-- <onload condition="!Skin.HasSetting(DisableAnimatedIntro) + !Skin.HasSetting(UseAltDefaultIntro)">AlarmClock(startup,ClearProperty(StartupMask,home),00:10,silent)</onload>
	<onload condition="Skin.HasSetting(DisableAnimatedIntro) | [!Skin.HasSetting(DisableAnimatedIntro) + Skin.HasSetting(UseAltDefaultIntro)]">AlarmClock(startup,ClearProperty(StartupMask,home),00:08,silent)</onload> -->

    <!-- <onunload condition="String.IsEqual(Skin.String(HomeLayout),bingie) + !Skin.HasSetting(DisableWelcomeMsg) + !String.IsEqual(Window(Home).Property(WelcomeMsg),System.ProfileName)">Notification(,$VAR[WelcomeNotificationMsg],3000,$INFO[System.ProfileThumb])</onunload>
	<onunload condition="String.IsEqual(Skin.String(HomeLayout),bingie) + !Skin.HasSetting(DisableWelcomeMsg)">AlarmClock(welcomedone,SetProperty(WelcomeMsg, $INFO[System.ProfileName],Home),00:01,silent)</onunload> -->

    <!-- <visible>!String.IsEmpty(Window(Home).Property(StartupMask))</visible> -->
    <controls>
        <!-- image -->
        <control type="image">
            <visible>!Player.HasVideo</visible>
            <animation effect="fade" end="0" time="250">WindowClose</animation>
            <include>FullscreenDimensions</include>
            <aspectratio>stretch</aspectratio>
            <!-- <texture background="true">$VAR[SplashImage]</texture> -->
        </control>
        <!-- block input button -->
        <control type="button" id="10">
            <include>HiddenObject</include>
            <include content="ButtonMovementAction">
                <param name="action" value="noop" />
            </include>
        </control>
        <!-- intro -->
        <control type="group">
            <visible>Player.HasVideo</visible>
            <control type="image">
                <include>FullscreenDimensions</include>
                <!-- <texture>colors/color_black.png</texture> -->
            </control>
            <control type="videowindow">
                <include>FullscreenDimensions</include>
            </control>
        </control>
        <!-- busy spinner -->
        <include content="Busy_Spinner">
            <animation effect="slide" end="0,100" time="0"></animation>
            <param name="centerleft" value="50%" />
            <param name="centertop" value="75%" />
            <param name="visibility" value="System.HasAlarm(startup) + [!Player.HasVideo | [Player.HasVideo + Integer.IsLess(Player.TimeRemaining(ss),4)]]" />
            <param name="size" value="80" />
        </include>
    </controls>
</window>