<?xml version="1.0" encoding="utf-8"?>
<window>
	<defaultcontrol always="true">500</defaultcontrol>
	<controls>
		<control type="image">
			<texture background="true">$INFO[Container(500).ListItem.Thumb]</texture>
			<width>1920</width>
			<height>1080</height>
			<fadetime>400</fadetime>
			<animation effect="fade" end="100" time="560">WindowOpen</animation>
			<animation effect="fade" start="100" end="0" time="200">WindowClose</animation>
			<animation effect="fade" start="0" end="100" time="200">VisibleChange</animation>
			<visible>!StringCompare(Window.Property(type),channel)</visible>
		</control>
		<control type="image">
			<texture background="true">$INFO[Container(500).ListItem.Art(fanart)]</texture>
			<width>1920</width>
			<height>1080</height>
			<fadetime>400</fadetime>
			<animation effect="fade" end="100" time="560">WindowOpen</animation>
			<animation effect="fade" start="100" end="0" time="200">WindowClose</animation>
			<animation effect="fade" start="0" end="100" time="200">VisibleChange</animation>
			<visible>StringCompare(Window.Property(type),channel)</visible>
		</control>
		<control type="image">
			<left>0</left>
			<top>0</top>
			<width>1920</width>
			<height>1080</height>
			<texture background="true">skin/button_klein_tranz90.png</texture>
			<colordiffuse>$VAR[BackColorBackground]</colordiffuse>
		</control>
		<include>CommonHomeButton</include>
		<include>BigInfosTime</include>
		<include>BigInfosDatabaseCount</include>
		<include>BigInfosWeather</include>
		<include>CommonHomeButton</include>
		<include>CommonHomeWidgetControl</include>
		<include>HomePlaying</include>
		<control type="group">
			<posy>0</posy>
			<include>Animation.ZoomIn</include>
			<control type="group">
				<visible>IntegerGreaterThan(Container(500).NumItems,0)</visible>
				<animation effect="fade" time="320" delay="300">Visible</animation>
				<!--<control type="image">
                    <posx>75</posx>
                    <posy>135</posy>
                    <width>440</width>
                    <height>390</height>
                    <visible>Control.HasFocus(500)</visible>
                    <animation effect="fade" time="320" delay="200">Visible</animation>
                    <animation effect="fade" time="200">Hidden</animation>
                    <texture colordiffuse="$INFO[Window(home).Property(WindowColor)]" border="40">skin/button_klein.png</texture>
                    <animation effect="slide" end="0,410" time="300" tween="cubic" easing="inout" condition="Container(500).Row(1)">Conditional</animation>
                    <animation effect="slide" end="440,0" time="300" tween="cubic" easing="inout" condition="Container(500).Column(3)">Conditional</animation>
                    <animation effect="slide" end="440,0" time="300" tween="cubic" easing="inout" condition="Container(500).Column(3) | Container(500).Column(2)">Conditional</animation>
                    <animation effect="slide" end="440,0" time="300" tween="cubic" easing="inout" condition="Container(500).Column(3) | Container(500).Column(2) | Container(500).Column(1)">Conditional</animation>
                </control>-->
			</control>
			<control type="panel" id="500">
				<posx>0</posx>
				<posy>150</posy>
				<animation effect="zoom" end="83" center="2100,100" time="300" tween="cubic" easing="inout" condition="ControlGroup(9020).HasFocus | Control.HasFocus(6000) | Control.HasFocus(7000)">Conditional</animation>
				<width>1920</width>
				<height>1229</height>
				<viewtype label="31234">icon</viewtype>
				<pagecontrol>72</pagecontrol>
				<preloaditems>2</preloaditems>
				<scrolltime tween="quadratic">300</scrolltime>
				<onleft>9020</onleft>
				<onright>72</onright>
				<onup>1860</onup>
				<ondown>600</ondown>
				<orientation>vertical</orientation>
				<itemlayout height="410" width="440">
					<control type="group">
						<posx>75</posx>
						<posy>50</posy>
						<control type="image">
							<left>3</left>
							<top>-52</top>
							<width>434</width>
							<height>384</height>
							<texture background="true">skin/button_klein.png</texture>
							<colordiffuse>$VAR[ColorButtonDialogeBack]</colordiffuse>
							<bordertexture border="10">ThumbShadow.png</bordertexture>
							<bordersize>7</bordersize>
							<aspectratio>stretch</aspectratio>
						</control>
						<control type="image">
							<posx>25</posx>
							<top>5</top>
							<width>390</width>
							<height>220</height>
							<fadetime>200</fadetime>
							<aspectratio aligny="center">scale</aspectratio>
							<texture>$INFO[ListItem.Icon]</texture>
						</control>
						<control type="label">
							<posx>35</posx>
							<posy>-25</posy>
							<width>380</width>
							<height>5</height>
							<align>left</align>
							<aligny>center</aligny>
							<label>$INFO[ListItem.Property(duration)]$INFO[ListItem.Property(itemcount),, $LOCALIZE[36913]]</label>
							<font>primal_13</font>
							<textcolor>$VAR[ColorFontNormal]</textcolor>
							<shadowcolor>$VAR[ColorFontShadow]</shadowcolor>
						</control>
						<control type="image">
							<posx>310</posx>
							<posy>232</posy>
							<width>100</width>
							<height>20</height>
							<texture>$INFO[Listitem.StarRating]</texture>
							<animation effect="fade" delay="800" time="400">WindowOpen</animation>
							<animation effect="fade" time="160">WindowClose</animation>
							<animation effect="fade" time="240">VisibleChange</animation>
						</control>
						<control type="label">
							<posx>30</posx>
							<posy>228</posy>
							<width>380</width>
							<height>30</height>
							<align>left</align>
							<aligny>center</aligny>
							<label>$INFO[ListItem.Property(viewcount),, $ADDON[script.extendedinfo 32061]]</label>
							<font>primal_13</font>
							<textcolor>$VAR[ColorFontNormal]</textcolor>
							<shadowcolor>$VAR[ColorFontShadow]</shadowcolor>
						</control>
						<control type="textbox">
							<posx>30</posx>
							<posy>255</posy>
							<height>62</height>
							<width>380</width>
							<label>[COLOR $VAR[ColorFontSelected]]$INFO[ListItem.Label][/COLOR]</label>
							<align>left</align>
							<font>primal_16</font>
						</control>
						<control type="label">
							<posx>30</posx>
							<posy>-25</posy>
							<width>380</width>
							<height>5</height>
							<align>right</align>
							<aligny>center</aligny>
							<label>$INFO[ListItem.Property(date)]</label>
							<font>primal_13</font>
							<textcolor>$VAR[ColorFontNormal]</textcolor>
							<shadowcolor>$VAR[ColorFontShadow]</shadowcolor>
						</control>
					</control>
				</itemlayout>
				<focusedlayout height="410" width="440">
					<control type="group">
						<posx>75</posx>
						<posy>50</posy>
						<animation type="Focus">
							<effect type="zoom" time="150" start="95" end="100" center="245,260"/>
							<effect type="zoom" time="150" start="105" end="100" delay="150" center="245,260"/>
						</animation>
						<control type="image">
							<left>3</left>
							<top>-52</top>
							<width>434</width>
							<height>384</height>
							<texture background="true">skin/button_klein.png</texture>
							<colordiffuse>$VAR[BackColorButton]</colordiffuse>
							<bordertexture border="10">ThumbShadow.png</bordertexture>
							<bordersize>7</bordersize>
							<aspectratio>stretch</aspectratio>
						</control>
						<control type="image">
							<posx>25</posx>
							<top>5</top>
							<width>390</width>
							<height>220</height>
							<fadetime>200</fadetime>
							<aspectratio aligny="center">scale</aspectratio>
							<texture>$INFO[ListItem.Icon]</texture>
						</control>
						<control type="label">
							<posx>35</posx>
							<posy>-25</posy>
							<width>380</width>
							<height>5</height>
							<align>left</align>
							<aligny>center</aligny>
							<label>$INFO[ListItem.Property(duration)]$INFO[ListItem.Property(itemcount),, $LOCALIZE[36913]]</label>
							<font>primal_13</font>
							<textcolor>$VAR[ColorFontNormal]</textcolor>
							<shadowcolor>$VAR[ColorFontShadow]</shadowcolor>
						</control>
						<control type="image">
							<posx>310</posx>
							<posy>232</posy>
							<width>100</width>
							<height>20</height>
							<texture>$INFO[Listitem.StarRating]</texture>
							<animation effect="fade" delay="800" time="400">WindowOpen</animation>
							<animation effect="fade" time="160">WindowClose</animation>
							<animation effect="fade" time="240">VisibleChange</animation>
						</control>
						<control type="label">
							<posx>30</posx>
							<posy>228</posy>
							<width>380</width>
							<height>30</height>
							<align>left</align>
							<aligny>center</aligny>
							<label>$INFO[ListItem.Property(viewcount),, $ADDON[script.extendedinfo 32061]]</label>
							<font>primal_13</font>
							<textcolor>$VAR[ColorFontNormal]</textcolor>
							<shadowcolor>$VAR[ColorFontShadow]</shadowcolor>
						</control>
						<control type="textbox">
							<posx>30</posx>
							<posy>255</posy>
							<height>62</height>
							<width>380</width>
							<label>[COLOR $VAR[ColorFontSelected]]$INFO[ListItem.Label][/COLOR]</label>
							<align>left</align>
							<font>primal_16</font>
						</control>
						<control type="label">
							<posx>30</posx>
							<posy>-25</posy>
							<width>380</width>
							<height>5</height>
							<align>right</align>
							<aligny>center</aligny>
							<label>$INFO[ListItem.Property(date)]</label>
							<font>primal_13</font>
							<textcolor>$VAR[ColorFontNormal]</textcolor>
							<shadowcolor>$VAR[ColorFontShadow]</shadowcolor>
						</control>
					</control>
				</focusedlayout>
			</control>
			<control type="button" id="600">
				<onfocus>SetFocus(500)</onfocus>
				<width>1</width>
				<height>1</height>
				<posx>-1000</posx>
			</control>
			<control type="button" id="700">
				<onfocus>SetFocus(500)</onfocus>
				<width>1</width>
				<height>1</height>
				<posx>-1000</posx>
			</control>
		</control>
		<control type="group">
			<posy>0</posy>
			<animation type="WindowOpen" reversible="false">
				<effect type="zoom" start="80" end="100" center="960,540" delay="500" tween="back" time="240"/>
				<effect type="fade" delay="500" end="100" time="240"/>
			</animation>
			<animation type="WindowClose" reversible="false">
				<effect type="zoom" start="100" end="80" center="960,540" easing="in" tween="back" time="240"/>
				<effect type="fade" start="100" end="0" time="240"/>
			</animation>
			<control type="image">
				<texture>button/arrowdown.png</texture>
				<posx>1860</posx>
				<animation effect="fade" time="250">VisibleChange</animation>
				<posy>1040</posy>
				<width>25</width>
				<height>25</height>
				<animation effect="fade" end="100" time="360">WindowOpen</animation>
				<animation effect="fade" start="100" end="0" time="250">WindowClose</animation>
				<visible>!IsEmpty(Window.Property(ArrowDown))</visible>
			</control>
			<control type="image">
				<texture flipy="true">button/arrowdown.png</texture>
				<posx>1860</posx>
				<animation effect="fade" time="250">VisibleChange</animation>
				<posy>170</posy>
				<width>25</width>
				<height>25</height>
				<animation effect="fade" end="100" time="360">WindowOpen</animation>
				<animation effect="fade" start="100" end="0" time="250">WindowClose</animation>
				<visible>!IsEmpty(Window.Property(ArrowUp))</visible>
			</control>
			<control type="image">
				<texture flipx="true">button/arrowright.png</texture>
				<posx>10</posx>
				<animation effect="fade" time="250">VisibleChange</animation>
				<posy>1050</posy>
				<width>25</width>
				<height>25</height>
				<animation effect="fade" end="100" time="360">WindowOpen</animation>
				<animation effect="fade" start="100" end="0" time="250">WindowClose</animation>
			</control>
			<control type="label">
				<posx>50</posx>
				<posy>1045</posy>
				<height>30</height>
				<aligny>center</aligny>
				<width>1920</width>
				<align>left</align>
				<font>font10</font>
				<label>$ADDON[script.extendedinfo 32023]</label>
			</control>
			<control type="label">
				<posx>1900</posx>
				<posy>0</posy>
				<height>40</height>
				<aligny>center</aligny>
				<width>1920</width>
				<align>right</align>
				<textcolor>FFFAFAFA</textcolor>
				<label>$INFO[Window.Property(TotalItems),[COLOR FF999999]$ADDON[script.extendedinfo 32124]:[/COLOR] ]$INFO[Window.Property(CurrentPage),[COLOR FF999999] - $ADDON[script.extendedinfo 32125]: [/COLOR]]$INFO[Window.Property(TotalPages), / ]</label>
			</control>
			<control type="label">
				<posx>440</posx>
				<posy>0</posy>
				<height>40</height>
				<aligny>center</aligny>
				<width>1200</width>
				<align>left</align>
				<textcolor>FFFAFAFA</textcolor>
				<label>$INFO[Window.Property(Filter_Label)]</label>
				<animation type="Conditional" condition="!ControlGroup(9020).HasFocus + !Control.HasFocus(6000) + !Control.HasFocus(7000)">
					<effect type="slide" end="-420" time="320" easing="in" tween="cubic"/>
				</animation>
			</control>
		</control>
		<control type="group">
			<animation type="Conditional" condition="!ControlGroup(9020).HasFocus + !Control.HasFocus(6000) + !Control.HasFocus(7000)">
				<effect type="slide" end="-420" time="320" easing="in" tween="cubic"/>
			</animation>
			<control type="image">
				<posx>-105</posx>
				<width>512</width>
				<height>1080</height>
				<texture background="true">skin/dialog_blank.png</texture>
				<colordiffuse>$VAR[ColorButtonDialogeBack]</colordiffuse>
				<aspectratio>stretch</aspectratio>
			</control>
			<control type="button" id="6000">
				<label>$LOCALIZE[19140]</label>
				<posx>0</posx>
				<posy>40</posy>
				<width>400</width>
				<height>80</height>
				<textoffsetx>40</textoffsetx>
				<textoffsety>25</textoffsety>
				<textwidth>315</textwidth>
				<align>left</align>
				<aligny>top</aligny>
				<ondown>SetFocus(7000)</ondown>
				<onright>500</onright>
				<onleft>500</onleft>
			</control>
			<control type="image">
				<posx>305</posx>
				<posy>70</posy>
				<width>45</width>
				<height>45</height>
				<align>center</align>
				<aligny>center</aligny>
				<aspectratio>keep</aspectratio>
				<texture colordiffuse="$VAR[ColorIcons]">home/homeicons/search.png</texture>
			</control>
			<control type="radiobutton" id="7000">
				<posx>0</posx>
				<posy>135</posy>
				<width>400</width>
				<height>80</height>
				<align>left</align>
				<aligny>center</aligny>
				<ondown>9020</ondown>
				<onup>6000</onup>
				<onright>500</onright>
				<onleft>500</onleft>
				<textoffsetx>40</textoffsetx>
				<textoffsety>25</textoffsety>
				<textwidth>315</textwidth>
				<label>$ADDON[script.extendedinfo 32024]</label>
				<radiowidth>90</radiowidth>
				<radioheight>60</radioheight>
				<radioposx>288</radioposx>
				<textureradioonfocus colordiffuse="$VAR[ColorIcons]">home/homeicons/youtube.png</textureradioonfocus>
				<textureradioofffocus colordiffuse="$VAR[ColorIcons]">home/homeicons/youtube.png</textureradioofffocus>
				<textureradioonnofocus colordiffuse="$VAR[ColorIcons]">home/homeicons/youtube.png</textureradioonnofocus>
				<textureradiooffnofocus colordiffuse="$VAR[ColorIcons]">home/homeicons/youtube.png</textureradiooffnofocus>
			</control>
			<control type="grouplist" id="9020">
				<posy>250</posy>
				<width>400</width>
				<height>830</height>
				<orientation>vertical</orientation>
				<scroll>true</scroll>
				<itemgap>5</itemgap>
				<onup>7000</onup>
				<ondown>9020</ondown>
				<onright>500</onright>
				<onleft>500</onleft>
				<onback>500</onback>
				<control type="button" id="5007">
					<label>$LOCALIZE[467]:</label>
					<!--564-->
					<label2>[COLOR FFFAFAFA]$INFO[Window.Property(Type)][/COLOR]</label2>
					<width>400</width>
					<height>60</height>
					<textoffsetx>40</textoffsetx>
					<textoffsety>10</textoffsety>
					<textwidth>315</textwidth>
					<align>left</align>
					<aligny>top</aligny>
				</control>
				<control type="button" id="5001">
					<onup>6000</onup>
					<label>$ADDON[script.extendedinfo 32104]</label>
					<label2>[COLOR FFFAFAFA]$INFO[Window.Property(Sort_Label)][/COLOR]</label2>
					<width>400</width>
					<height>60</height>
					<textoffsetx>40</textoffsetx>
					<textoffsety>10</textoffsety>
					<textwidth>315</textwidth>
					<align>left</align>
					<aligny>top</aligny>
				</control>
				<control type="label" id="5333">
					<label>$ADDON[script.extendedinfo 32023]</label>
					<width>400</width>
					<height>75</height>
					<textoffsetx>25</textoffsetx>
					<textoffsety>10</textoffsety>
					<align>left</align>
					<aligny>top</aligny>
					<font>font13</font>
					<textcolor>FF999999</textcolor>
				</control>
				<control type="button" id="5002">
					<label>$LOCALIZE[172]</label>
					<width>400</width>
					<height>60</height>
					<textoffsetx>40</textoffsetx>
					<textoffsety>10</textoffsety>
					<textwidth>315</textwidth>
					<align>left</align>
					<aligny>top</aligny>
				</control>
				<control type="button" id="5003">
					<label>$LOCALIZE[248]</label>
					<width>400</width>
					<height>60</height>
					<textoffsetx>40</textoffsetx>
					<textoffsety>10</textoffsety>
					<textwidth>315</textwidth>
					<align>left</align>
					<aligny>top</aligny>
				</control>
				<control type="button" id="5006">
					<label>$ADDON[script.extendedinfo 32066]</label>
					<width>400</width>
					<height>60</height>
					<textoffsetx>40</textoffsetx>
					<textoffsety>10</textoffsety>
					<textwidth>315</textwidth>
					<align>left</align>
					<aligny>top</aligny>
				</control>
				<control type="button" id="5008">
					<label>$LOCALIZE[180]</label>
					<width>400</width>
					<height>60</height>
					<textoffsetx>40</textoffsetx>
					<textoffsety>10</textoffsety>
					<textwidth>315</textwidth>
					<align>left</align>
					<aligny>top</aligny>
				</control>
				<control type="button" id="5009">
					<label>$LOCALIZE[287]</label>
					<width>400</width>
					<height>60</height>
					<textoffsetx>40</textoffsetx>
					<textoffsety>10</textoffsety>
					<textwidth>315</textwidth>
					<align>left</align>
					<aligny>top</aligny>
				</control>
				<control type="button" id="5012">
					<label>$LOCALIZE[169]</label>
					<width>400</width>
					<height>60</height>
					<textoffsetx>40</textoffsetx>
					<textoffsety>10</textoffsety>
					<textwidth>315</textwidth>
					<align>left</align>
					<aligny>top</aligny>
				</control>
				<control type="button" id="5005">
					<label>$ADDON[script.extendedinfo 32022]</label>
					<width>400</width>
					<height>60</height>
					<textoffsetx>40</textoffsetx>
					<textoffsety>10</textoffsety>
					<textwidth>315</textwidth>
					<align>left</align>
					<aligny>top</aligny>
				</control>
			</control>
		</control>
	</controls>
</window>
