<?xml version="1.0" encoding="UTF-8"?>
<window>
	<defaultcontrol>90001</defaultcontrol>
	<controls>
		<include>DefaultBackground_shortcut</include>
		<control type="group">
			<depth>DepthContentPanel</depth>
			<include>OpenClose_Left</include>
			<include content="ContentPanel">
				<param name="width" value="620" />
			</include>
			<control type="list" id="211">
				<left>0</left>
				<top>160</top>
				<width>462</width>
				<bottom>-10</bottom>
				<onright>700</onright>
				<onup>211</onup>
				<ondown>211</ondown>
				<scrolltime tween="cubic" easing="out">500</scrolltime>
				<focusedlayout height="95">
					<control type="group">
						<control type="image">
							<left>0</left>
							<top>0</top>
							<width>462</width>
							<height>95</height>
							<texture colordiffuse="AAFFFFFF">lists/focus.png</texture>
							<animation effect="fade" start="100" end="50" time="40" condition="!Control.HasFocus(211)">Conditional</animation>
							<animation effect="fade" start="100" end="50" time="0" condition="String.IsEqual(Container(211).ListItem.Property(skinshortcuts-disabled),True)">Conditional</animation>
							<animation effect="fade" start="50" end="100" time="0" condition="!String.IsEqual(Container(211).ListItem.Property(skinshortcuts-disabled),True)">Conditional</animation>
						</control>
						<control type="image">
							<left>10</left>
							<top>12</top>
							<width>72</width>
							<height>72</height>
							<texture colordiffuse="$VAR[SkinColorVar]">$INFO[ListItem.Icon]</texture>
							<animation effect="fade" start="0" end="100" time="300" reversible="false">Focus</animation>
						</control>
						<control type="image">
							<left>0</left>
							<top>0</top>
							<width>95</width>
							<height>95</height>
							<texture colordiffuse="51FFFFFF">colors/black.png</texture>
							<animation effect="fade" start="100" end="50" time="40" condition="!Control.HasFocus(211)">Conditional</animation>
							<visible>!Skin.HasSetting(EnableGradientColor)</visible>
						</control>
					</control>
					<control type="image">
						<left>10</left>
						<top>12</top>
						<width>72</width>
						<height>72</height>
						<texture>$INFO[ListItem.Icon]</texture>
					</control>
					<control type="label">
						<left>104</left>
						<top>0</top>
						<height>95</height>
						<width>348</width>
						<aligny>center</aligny>
						<font>font37</font>
						<label>$INFO[ListItem.Label]</label>
						<shadowcolor>text_shadow</shadowcolor>
						<scroll>true</scroll>
						<visible>!String.IsEqual(Container(211).ListItem.Property(skinshortcuts-disabled),True)</visible>
					</control>
					<control type="label">
						<left>104</left>
						<top>0</top>
						<height>95</height>
						<width>348</width>
						<aligny>center</aligny>
						<font>font37</font>
						<label>$INFO[ListItem.Label] ($LOCALIZE[1223])</label>
						<shadowcolor>text_shadow</shadowcolor>
						<scroll>true</scroll>
						<visible>String.IsEqual(Container(211).ListItem.Property(skinshortcuts-disabled),True)</visible>
					</control>
				</focusedlayout>
				<itemlayout height="95">
					<control type="image">
						<left>10</left>
						<top>12</top>
						<width>72</width>
						<height>72</height>
						<texture colordiffuse="44FFFFFF">$INFO[ListItem.Icon]</texture>
					</control>
					<control type="label">
						<left>104</left>
						<top>0</top>
						<height>95</height>
						<width>358</width>
						<aligny>center</aligny>
						<font>font37</font>
						<label>$INFO[ListItem.Label]</label>
						<shadowcolor>text_shadow</shadowcolor>
					</control>
				</itemlayout>
			</control>
			<control type="image">
				<description>Dialog Header image</description>
				<left>462</left>
				<top>0</top>
				<bottom>0</bottom>
				<width>1</width>
				<texture colordiffuse="80AAAAAA" border="1">dialogs/separator-grey.png</texture>
			</control>
			<control type="grouplist" id="700">
				<orientation>vertical</orientation>
				<itemgap>-16</itemgap>
				<left>452</left>
				<top>295</top>
				<onup>700</onup>
				<ondown>700</ondown>
				<onleft>211</onleft>
				<onright>90001</onright>
				<include content="IconButton">
					<param name="control_id" value="303" />
					<param name="icon" value="special://skin/media/km_icon/up.png" />
				</include>
				<include content="IconButton">
					<param name="control_id" value="304" />
					<param name="icon" value="special://skin/media/km_icon/down.png" />
				</include>
				<include content="IconButton">
					<param name="control_id" value="313" />
					<param name="icon" value="special://skin/media/km_icon/disable.png" />
				</include>
				<include content="IconButton">
					<param name="control_id" value="301" />
					<param name="icon" value="special://skin/media/km_icon/add.png" />
				</include>
				<include content="IconButton">
					<param name="control_id" value="302" />
					<param name="icon" value="special://skin/media/km_icon/delete.png" />
				</include>
			</control>
		</control>
		<control type="textbox">
					<left>600</left>
					<top>100</top>
					<width>665</width>
					<height>100</height>
					<label>홈메뉴를 변경하거나 설정하세요</label>
					<autoscroll delay="5000" repeat="7500" time="5000">true</autoscroll>
				</control>
		
		<control type="group">
			<left>560</left>
			<include>OpenClose_Right</include>
			<control type="grouplist" id="90001">
				<left>0</left>
				<top>168</top>
				<right>0</right>
				<bottom>142</bottom>
				<onleft>211</onleft>
				<onright>60</onright>
				<onup>90001</onup>
				<ondown>90001</ondown>
				<pagecontrol>60</pagecontrol>
				<control type="button" id="401">
					<description>Choose shortcut</description>
					<include>DefaultSettingButton</include>
					<label>$ADDON[script.skinshortcuts 32048]</label>
					<label2>$INFO[Container(211).ListItem.Label]</label2>
					<onclick>SetProperty(customProperty,UserHomeMenuProperty)</onclick>
					<onclick>SetProperty(customValue,UserHomeMenu)</onclick>
					<onclick>SendClick(404)</onclick>
					<visible>!String.IsEqual(Container(211).ListItem.Property(defaultID),home_libreelec)</visible>
				</control>
				<control type="button" id="307">
					<description>Change action</description>
					<include>DefaultSettingButton</include>
					<label>$ADDON[script.skinshortcuts 32027]</label>
					<label2>$INFO[Container(211).ListItem.Property(displaypath)]</label2>
					<visible>!String.IsEqual(Container(211).ListItem.Property(defaultID),home_libreelec)</visible>
				</control>
				<control type="button" id="305">
					<description>Change label</description>
					<include>DefaultSettingButton</include>
					<label>$ADDON[script.skinshortcuts 32025]</label>
					<label2>$INFO[Container(211).ListItem.Label]</label2>
					<visible>!String.IsEqual(Container(211).ListItem.Property(defaultID),home_libreelec)</visible>
				</control>
				<control type="button" id="306">
					<description>Browse for thumbnail</description>
					<include>DefaultSettingButton</include>
					<label>$ADDON[script.skinshortcuts 32026]</label>
					<label2>$INFO[Container(211).ListItem.Icon]</label2>
				</control>
				<control type="button" id="312">
					<include>DefaultSettingButton</include>
					<label></label>
					<label2></label2>
					<visible>false</visible>
				</control>
				<control type="button" id="10005">
					<include>DefaultSettingButton</include>
					<label>Widget Type</label>
					<label2>$VAR[Label_SkinSetting_Widget]</label2>
					<onclick>Skin.Reset(widgetAnimation1)</onclick>
					<onclick>Skin.Reset(widgetAnimation2)</onclick>
					<onclick>Skin.Reset(widgetAnimation3)</onclick>
					<onclick>Skin.Reset(widgetAnimation4)</onclick>
					<onclick>Skin.Reset(widgetAnimation5)</onclick>
					<onclick>Skin.Reset(widgetAnimation6)</onclick>
					<onclick>Skin.Reset(widgetAnimation7)</onclick>
					<onclick>Skin.Reset(widgetAnimation8)</onclick>
					<onclick>Skin.Reset(widgetAnimation9)</onclick>
					<onclick>SetProperty(WidgetVisibility,True,home)</onclick>
					<onclick>SendClick(312)</onclick>
					<visible>String.IsEqual(Window.Property(groupname),mainmenu)</visible>
					<visible>!String.IsEqual(Container(211).ListItem.Property(defaultID),home_libreelec)</visible>
				</control>
				<control type="button" id="333">
					<include>DefaultSettingButton</include>
					<label>확인</label>
					<onclick>SetFocus(211)</onclick>				
				</control>
			</control>
			<control type="image">
				<description>Dialog Header image</description>
				<left>0</left>
				<top>160</top>
				<right>0</right>
				<height>3</height>
				<texture colordiffuse="$VAR[SkinColorVar]" border="2">dialogs/separator-grey.png</texture>
			</control>
			<control type="image">
				<description>Dialog Header image</description>
				<left>0</left>
				<bottom>134</bottom>
				<right>0</right>
				<height>3</height>
				<texture colordiffuse="$VAR[SkinColorVar]" border="2">dialogs/separator-grey.png</texture>
			</control>
		</control>
		<include content="TopBar">
			<param name="breadcrumbs_label" value="$LOCALIZE[31306]" />
			<param name="visible" value="true" />
		</include>
		<include>BottomBar</include>
		<control type="textbox" id="6">
			<include>OpenClose_Right</include>
			<description>description area</description>
			<left>600</left>
			<bottom>27</bottom>
			<width>1260</width>
			<height>100</height>
			<font>font12</font>
			<align>justify</align>
			<textcolor>$VAR[SkinColorVar]</textcolor>
			<label>$VAR[SkinSettingsHelpTextVar]</label>
			<autoscroll time="3000" delay="5000" repeat="5000">true</autoscroll>
		</control>
		 <control type="button" id="404"><visible allowhiddenfocus="true">false</visible><width>1</width><height>1</height></control>
	</controls>
</window>