<?xml version="1.0" encoding="UTF-8"?>
<includes>
	<include name="View_600_KM_EP">
		<control type="group">
			<include>OpenClose_Right</include>
			<top>30</top>
			<left>95</left>
			<visible>Control.IsVisible(600)</visible>
			<include>Visible_Right</include>
			<control type="group">
			<top>-50</top>
			<include content="Meta_Home_Corner_fanart"></include>
			</control>
			<control type="group">
				<visible>!ListItem.IsParentFolder</visible>
				<control type="grouplist">
					<top>100</top>
					<left>5</left>
					<itemgap>40</itemgap>
					<control type="label">
						<label>$INFO[ListItem.Premiered]</label>
						<font>font15</font>
						<shadowcolor>50000000</shadowcolor>
					</control>
					<control type="label">
						<label>S$INFO[ListItem.Season] · E$INFO[ListItem.Episode] </label>
						<font>font15</font>
						<shadowcolor>50000000</shadowcolor>
					</control>
					<control type="label">
						<label>$INFO[ListItem.Duration(h),,시간]$INFO[ListItem.Duration(m),,분]</label>
						<font>font15</font>
						<shadowcolor>50000000</shadowcolor>
					</control>
					<control type="textbox">
						<width>500</width>
						<height>280</height>
						<align>justify</align>
						<aligny>top</aligny>
						<label fallback="19055">$INFO[ListItem.Plot]</label>
						<font>font15</font>
						<textcolor>ffffffff</textcolor>
						<shadowcolor>50000000</shadowcolor>
					</control>
				</control>
			</control>
			<control type="panel" id="600">
				<left>0</left>
				<top>400</top>
				<width>100%</width>
				<movement>6</movement>
				<onleft>9000</onleft>
				<onright>600</onright>
				<ondown>100</ondown>
				<height>500</height>
				<viewtype label="32122">icon</viewtype>
				<orientation>horizontal</orientation>
				<preloaditems>2</preloaditems>
				<scrolltime tween="cubic" easing="out">600</scrolltime>
				<visible>Container.Content(episodes)</visible>
				<itemlayout height="301" width="380" condition="Container.Content(episodes)]">
					<control type="group">
						<top>110</top>
						<include content="InfoWallEpisodeLayout">
							<param name="label" value="$INFO[ListItem.Label]" />
							<param name="thumb_label" value="$INFO[ListItem.Label2]" />
						</include>
					</control>
				</itemlayout>
				<focusedlayout height="301" width="380" condition="Container.Content(episodes)">
					<control type="group">
						<depth>DepthContentPopout</depth>
						<animation effect="zoom" start="100" end="110" time="200" tween="sine" easing="inout" center="160,280">Focus</animation>
						<animation effect="zoom" start="110" end="100" time="200" tween="sine" easing="inout" center="160,280">UnFocus</animation>
						<top>110</top>
						<include content="InfoWallEpisodeLayout">
							<param name="focused" value="true" />
							<param name="thumb_label" value="$INFO[ListItem.Label2]" />
						</include>
					</control>
				</focusedlayout>
			</control>
			<control type="label">
					<top>0</top>
					<left>0</left>
					<right>150</right>
					<label>$INFO[ListItem.Label]</label>
					<font>font45</font>
					<shadowcolor>50000000</shadowcolor>
					<visible>!ListItem.IsParentFolder</visible>
					<height>100</height>
			</control>
			<control type="group">
				<top>800</top>
				<left>-620</left>
				<height>500</height>
				<control type="group">
					<left>650</left>
					<right>103</right>
					<control type="panel" id="100">
						<left>-21</left>
						<height>130</height>
						<width>100%</width>
						<orientation>horizontal</orientation>
						<defaultcontrol always="true">0</defaultcontrol>
						<onright>noop</onright>
						<onleft>noop</onleft>
						<onup>600</onup>
						<itemlayout height="142" width="120">
							<control type="group">
								<width>262</width>
								<height>142</height>
								<control type="group">
									<control type="image">
										<width>140</width>
										<height>90</height>
										<texture border="21" colordiffuse="D0FFFFFF">special://skin/media/km_icon/button-nofo.png</texture>
									</control>
									<control type="image">
										<centerleft>27%</centerleft>
										<top>-49</top>
										<width>30</width>
										<texture>icons/$INFO[ListItem.Property(icon)].png</texture>
										<aspectratio>keep</aspectratio>
									</control>
									<control type="label">
										<centerleft>25%</centerleft>
										<top>25</top>
										<width>242</width>
										<height>142</height>
										<align>center</align>
										<aligny>center</aligny>
										<font>font8</font>
										<textcolor>ffffffff</textcolor>
										<shadowcolor>50000000</shadowcolor>
										<label>$INFO[ListItem.Label]</label>
									</control>
								</control>
							</control>
						</itemlayout>
						<focusedlayout height="142" width="120">
							<control type="group">
								<width>262</width>
								<height>142</height>
								<control type="group">
									<control type="image">
										<width>140</width>
										<height>90</height>
										<texture border="21" colordiffuse="FF12A0C7">buttons/button-fo.png</texture>
										<visible>Control.HasFocus(100)</visible>
									</control>
									<control type="image">
										<width>140</width>
										<height>90</height>
										<texture border="21" colordiffuse="D0FFFFFF">buttons/button-nofo.png</texture>
										<visible>!Control.HasFocus(100)</visible>
									</control>
									<control type="image">
										<centerleft>27%</centerleft>
										<top>-49</top>
										<width>30</width>
										<texture>icons/$INFO[ListItem.Property(icon)].png</texture>
										<aspectratio>keep</aspectratio>
									</control>
									<control type="label">
										<centerleft>25%</centerleft>
										<top>25</top>
										<width>242</width>
										<height>142</height>
										<align>center</align>
										<aligny>center</aligny>
										<font>font8</font>
										<textcolor>ffffffff</textcolor>
										<shadowcolor>50000000</shadowcolor>
										<label>$INFO[ListItem.Label]</label>
									</control>
								</control>
							</control>
						</focusedlayout>
						<content>
							<item>
								<property name="icon">play</property>
								<label>$LOCALIZE[208]</label>
								<onclick>PlayMedia($INFO[ListItem.FileNameAndPath])</onclick>
								<onclick>Dialog.Close(all)</onclick>
							</item>
							<item>
								<property name="icon">disable</property>
								<label>$LOCALIZE[15067]</label>
								<onclick>back</onclick>
							</item>
							<item>
								<visible>!String.IsEmpty(ListItem.DBID) + String.IsEqual(ListItem.Property(call),tv)</visible>
								<property name="icon">browse</property>
								<label>$LOCALIZE[1024]</label>
								<onclick>Dialog.Close(all)</onclick>
								<onclick condition="!Window.IsVisible(MyVideoNav.xml)">ActivateWindow(videos,videodb://tvshows/titles/$INFO[ListItem.DBID]/,return)</onclick>
								<onclick condition="Window.IsVisible(MyVideoNav.xml)">Container.Update(videodb://tvshows/titles/$INFO[ListItem.DBID]/)</onclick>
							</item>
						</content>
					</control>
				</control>
			</control>
		</control>
	</include>
</includes>
