<?xml version="1.0" encoding="UTF-8"?>
<window id="1114">
    <defaultcontrol always="true">10</defaultcontrol>
    <animation effect="fade" start="0" end="100" time="750" tween="quadratic">WindowOpen</animation>
    <animation effect="fade" start="100" end="0" time="1000" tween="quadratic">WindowClose</animation>
    <controls>
        <control type="image">
            <include>FullscreenDimensions</include>
            <!-- <colordiffuse>$VAR[BG.GlobalColor]</colordiffuse> -->
            <texture background="true">special://skin/extras/backgrounds/black.jpg</texture>
        </control>


        <control type="button" id="10">

            <onfocus condition="!Skin.HasSetting(introflag)">AlarmClock(intro_video,PlayMedia(special://skin/extra/Destiny_home_intro.mp4,1),00:00,silent)</onfocus>
            <onfocus>SetFocus(11)</onfocus>
        </control>
        <control type="button" id="11">
            <!-- <onfocus>ReplaceWindow($INFO[System.StartupWindow])</onfocus> -->


            <!-- <onfocus>AlarmClock(Close,Dialog.Close(1114),00:04,silent)</onfocus> -->
            <onfocus>AlarmClock(Starting,ReplaceWindow($INFO[System.StartupWindow]),00:05,silent)</onfocus>
        </control>
        <control type="group">
            <visible>Player.HasVideo</visible>
            <control type="videowindow">
                <width>$INFO[System.ScreenWidth]</width>
                <height>$INFO[System.ScreenHeight]</height>
            </control>
        </control>
    </controls>
</window>