﻿<?xml version="1.0" encoding="UTF-8"?>
<window id="8014">
	<defaultcontrol>1</defaultcontrol>
	<visible>Player.Seeking | Player.DisplayAfterSeek | Player.Paused | Player.Forwarding | Player.Rewinding</visible>
	<visible>!Window.IsVisible(videoosd) + !Window.IsVisible(fullscreeninfo) + !Player.ShowInfo</visible>
	<animation effect="fade" start="0" end="100" time="150">WindowOpen</animation>
	<animation effect="fade" start="100" end="0" time="150">WindowClose</animation>
	<!-- depth>DepthOSD</depth -->
	<controls>
		
			
		<control type="group">
			<visible>Window.IsVisible(FullScreenVideo)</visible>
			<!-- <control type="image">
				<left>1370</left>
				<top>620</top>
				<width>550</width>
				<height>450</height>
				<texture background="true">$VAR[VarPlayerClearart]</texture>
				<fadetime>IconCrossfadeTime</fadetime>
				<aspectratio scalediffuse="false" aligny="center" align="left">keep</aspectratio>
			</control> -->
			<control type="image">
				<left>-50</left>
				<top>-10</top>
				<width>2000</width>
				<height>70</height>
				<texture background="true">skin/button_klein_tranz90.png</texture>
				<bordertexture border="10">ThumbShadow.png</bordertexture>
				<bordersize>6</bordersize>
				<colordiffuse>$VAR[BackColorFront]</colordiffuse>
			</control>
			<!-- <control type="image">
				<left>0</left>
				<top>990</top>
				<width>2000</width>
				<height>100</height>
				<texture background="true">skin/button_klein.png</texture>
				<texture background="true">skin/button_klein_tranz90.png</texture>
				<colordiffuse>$VAR[ColorButtonDialogeBack]</colordiffuse>
			</control> -->
			<!-- <control type="label">
				<left>550</left>
				<top>20</top>
				<width>800</width>
				<height>45</height>
				<label>$INFO[VideoPlayer.Title]</label>
				<scroll>true</scroll>
				<align>center</align>
				<aligny>center</aligny>
				<font>primal_26</font>
				<textcolor>$VAR[ColorFontNormal]</textcolor>
				<shadowcolor>$VAR[ColorFontShadow]</shadowcolor>
				<visible>!VideoPlayer.Content(Episodes)</visible>
			</control> -->
			<!-- KM 애드온비디오 제목 좌측이동 -->
			<control type="label">
				<left>100</left>
				<top>5</top>
				<width>500</width>
				<height>45</height>
				<label>S$INFO[VideoPlayer.Season]E$INFO[VideoPlayer.Episode] | $INFO[VideoPlayer.TVShowTitle] - $INFO[VideoPlayer.Title]</label>
				<scroll>true</scroll>
				<align>left</align>
				<aligny>center</aligny>
				<font>primal_14</font>
				<textcolor>$VAR[ColorFontNormal]</textcolor>
				<shadowcolor>$VAR[ColorFontShadow]</shadowcolor>
				<visible>VideoPlayer.Content(Episodes)</visible>
			</control>
			
			<control type="label">
				<description>End Time Label</description>
				<left>550</left>
				<top>15</top>
				<width>800</width>
				<height>20</height>
				<font>primal_14</font>
				<textcolor>$VAR[ColorFontSelected]</textcolor>
				<shadowcolor>$VAR[ColorFontShadow]</shadowcolor>
				<align>center</align>
				<aligny>center</aligny>
				<label>$LOCALIZE[50110] $INFO[VideoPlayer.TimeRemaining],  $LOCALIZE[49972] $INFO[Player.FinishTime]</label>
			</control>
			<!-- <control type="label">
				<description>Elapsed Time Label</description>
				<left>1580</left>
				<top>40</top>
				<width>540</width>
				<height>20</height>
				<font>primal_14</font>
				<textcolor>$VAR[ColorFontNormal]</textcolor>
				<shadowcolor>$VAR[ColorFontShadow]</shadowcolor>
				<align>left</align>
				<aligny>center</aligny>
				<label>$INFO[Player.Time] - $INFO[Player.Duration]</label>
				<visible>Player.Seeking</visible>
			</control> -->
			<control type="label">
				<description>Seek Time Label</description>
				<left>1700</left>
				<top>20</top>
				<width>540</width>
				<height>20</height>
				<font>primal_14</font>
				<textcolor>$VAR[ColorFontNormal]</textcolor>
				<shadowcolor>$VAR[ColorFontShadow]</shadowcolor>
				<align>left</align>
				<aligny>center</aligny>
				<label>$INFO[Player.SeekTime] - $INFO[Player.Duration]</label>
				<visible>Player.Seeking</visible>
			</control>
			
			<control type="progress" description="Buffer Bar">
				<description>ProgressbarCache</description>
				<left>0</left>
				<top>54</top>
				<width>1920</width>
				<height>10</height>
				<colordiffuse>FF353535</colordiffuse>
				<info>Player.ProgressCache</info>
				<visible>true</visible>
			</control>
			<control type="progress" id="23">
				<description>Progressbar</description>
				<left>0</left>
				<top>54</top>
				<width>1920</width>
				<height>10</height>
				<colordiffuse>FF353535</colordiffuse>
				<info>Player.Progress</info>
				<visible>true</visible>
			</control>
			<control type="slider" id="401">
				<description>Seek Slider</description>
				<left>0</left>
				<top>54</top>
				<width>1920</width>
				<height>10</height>
				<reveal>true</reveal>
				<texturesliderbar>progress/bg.png</texturesliderbar>
				<textureslidernib colordiffuse="$VAR[ColorFontNormal]">button/scrollbarpoint.png</textureslidernib>
				<textureslidernibfocus colordiffuse="$VAR[ColorFontNormal]">button/osd_slider_nib.png</textureslidernibfocus>
				<visible>Player.Seeking | !Player.Seeking </visible>
			</control>
		</control>
		
		<control type="group">
			<visible>player.chaptercount + Window.IsVisible(FullScreenVideo)</visible>
			<left>0</left>
			<top>0</top>
			<control type="label" id="1">
				<description>Chapter Pos No</description>
				<left>30</left>
				<top>1005</top>
				<width>110</width>
				<height>20</height>
				<align>left</align>
				<aligny>center</aligny>
				<font>primal_20</font>
				<textcolor>$VAR[ColorFontNormal]</textcolor>
				<shadowcolor>$VAR[ColorFontShadow]</shadowcolor>
				<label>$LOCALIZE[21396]</label>
				<visible>player.chaptercount</visible>
			</control>
			<control type="label" id="1">
				<description>Chapter Pos No</description>
				<left>30</left>
				<top>1040</top>
				<width>110</width>
				<height>20</height>
				<align>left</align>
				<aligny>center</aligny>
				<font>primal_20</font>
				<textcolor>$VAR[ColorFontNormal]</textcolor>
				<shadowcolor>$VAR[ColorFontShadow]</shadowcolor>
				<label>$INFO[player.chapter]$INFO[player.chaptercount, / ]</label>
				<visible>player.chaptercount</visible>
			</control>
		</control>
		<control type="group">
			<left>560</left>
			<top>390</top>
			<control type="group">
				<left>260</left>
				<top>10</top>
				<control type="image">
					<left>230</left>
					<top>17</top>
					<width>180</width>
					<height>180</height>
					<texture>osd/rewind.png</texture>
					<colordiffuse>$VAR[ColorFontSelected]</colordiffuse>
					<aspectratio>keep</aspectratio>
					<visible>Player.Rewinding</visible>
				</control>
				<control type="image">
					<left>230</left>
					<top>17</top>
					<width>180</width>
					<height>180</height>
					<texture>osd/forward.png</texture>
					<colordiffuse>$VAR[ColorFontSelected]</colordiffuse>
					<aspectratio>keep</aspectratio>
					<visible>Player.Forwarding</visible>
				</control>
				<control type="image">
					<left>34</left>
					<top>4</top>
					<width>200</width>
					<height>200</height>
					<texture>osd/OSDPause.png</texture>
					<colordiffuse>$VAR[ColorFontSelected]</colordiffuse>
					<aspectratio>keep</aspectratio>
					<visible>Player.Paused + Player.HasVideo </visible>
					
					
				</control>
				<control type="image">
					<left>34</left>
					<top>4</top>
					<width>200</width>
					<height>200</height>
					<texture>osd/OSDPlay.png</texture>
					<colordiffuse>$VAR[ColorFontSelected]</colordiffuse>
					<aspectratio>keep</aspectratio>
					<visible>Player.Playing</visible>
				</control>
				<control type="image">
					<left>34</left>
					<top>4</top>
					<width>200</width>
					<height>200</height>
					<texture>osd/OSD2x.png</texture>
					<colordiffuse>$VAR[ColorFontSelected]</colordiffuse>
					<aspectratio>keep</aspectratio>
					<visible>Player.Rewinding2x</visible>
				</control>
				<control type="image">
					<left>34</left>
					<top>4</top>
					<width>200</width>
					<height>200</height>
					<texture>osd/OSD4x.png</texture>
					<colordiffuse>$VAR[ColorFontSelected]</colordiffuse>
					<aspectratio>keep</aspectratio>
					<visible>Player.Rewinding4x</visible>
				</control>
				<control type="image">
					<left>34</left>
					<top>4</top>
					<width>200</width>
					<height>200</height>
					<texture>osd/OSD8x.png</texture>
					<colordiffuse>$VAR[ColorFontSelected]</colordiffuse>
					<aspectratio>keep</aspectratio>
					<visible>Player.Rewinding8x</visible>
				</control>
				<control type="image">
					<left>34</left>
					<top>4</top>
					<width>210</width>
					<height>210</height>
					<texture>osd/OSD16x.png</texture>
					<colordiffuse>$VAR[ColorFontSelected]</colordiffuse>
					<aspectratio>keep</aspectratio>
					<visible>Player.Rewinding16x</visible>
				</control>
				<control type="image">
					<left>34</left>
					<top>4</top>
					<width>210</width>
					<height>210</height>
					<texture>osd/OSD32x.png</texture>
					<colordiffuse>$VAR[ColorFontSelected]</colordiffuse>
					<aspectratio>keep</aspectratio>
					<visible>Player.Rewinding32x</visible>
				</control>
				<control type="image">
					<left>34</left>
					<top>4</top>
					<width>200</width>
					<height>200</height>
					<texture>osd/OSD2x.png</texture>
					<colordiffuse>$VAR[ColorFontSelected]</colordiffuse>
					<aspectratio>keep</aspectratio>
					<visible>Player.Forwarding2x</visible>
				</control>
				<control type="image">
					<left>34</left>
					<top>4</top>
					<width>200</width>
					<height>200</height>
					<texture>osd/OSD4x.png</texture>
					<colordiffuse>$VAR[ColorFontSelected]</colordiffuse>
					<aspectratio>keep</aspectratio>
					<visible>Player.Forwarding4x</visible>
				</control>
				<control type="image">
					<left>34</left>
					<top>4</top>
					<width>200</width>
					<height>200</height>
					<texture>osd/OSD8x.png</texture>
					<colordiffuse>$VAR[ColorFontSelected]</colordiffuse>
					<aspectratio>keep</aspectratio>
					<visible>Player.Forwarding8x</visible>
				</control>
				<control type="image">
					<left>34</left>
					<top>4</top>
					<width>210</width>
					<height>210</height>
					<texture>osd/OSD16x.png</texture>
					<colordiffuse>$VAR[ColorFontSelected]</colordiffuse>
					<aspectratio>keep</aspectratio>
					<visible>Player.Forwarding16x</visible>
				</control>
				<control type="image">
					<left>34</left>
					<top>4</top>
					<width>210</width>
					<height>210</height>
					<texture>osd/OSD32x.png</texture>
					<colordiffuse>$VAR[ColorFontSelected]</colordiffuse>
					<aspectratio>keep</aspectratio>
					<visible>Player.Forwarding32x</visible>
				</control>
			</control>
		</control>
		
	</controls>
	
</window>