﻿<?xml version="1.0" encoding="UTF-8"?>
<window type="dialog" id="2901">
	<defaultcontrol always="true">1630</defaultcontrol>


	<controls>
		<include>BigInfosTime</include>
		<include>CommonHomeButton</include>
		<control type="image">
			<width>100%</width>
			<height>100%</height>
			<texture background="true" border="15">special://skin/media/new_video_osd/vignette.png</texture>
			<colordiffuse>cc000000</colordiffuse>
			<visible>!Skin.HasSetting(videoosdflag)</visible>
		</control>
		<include>HomePlaying</include>


		<control type="group">
			<visible>!Skin.HasSetting(videoosdflag)</visible>
			<!-- 배속 OSD -->
			<control type="label">
				<visible>VideoPlayer.Content(Movies)</visible>
				<visible>Player.HasVideo</visible>
				<visible>Player.TempoEnabled</visible>
				<top>18</top>
				<align>left</align>
				<label>$INFO[Player.PlaySpeed]X Play</label>
				<textcolor>white</textcolor>
				<font>primal_16_Title</font>
			</control>
			<control type="label">
				<visible>VideoPlayer.Content(Episodes)</visible>
				<visible>Player.HasVideo</visible>
				<visible>Player.TempoEnabled</visible>
				<top>18</top>
				<align>left</align>
				<label>$INFO[Player.PlaySpeed]X Play</label>
				<textcolor>white</textcolor>
				<font>primal_16_Title</font>
			</control>


			<control type="label">
				<top>200</top>
				<left>100</left>
				<width>250</width>
				<height>38</height>
				<font>primal_16_Bold</font>
				<textcolor>$VAR[ColorFontNormal]</textcolor>
				<shadowcolor>$VAR[ColorFontShadow]</shadowcolor>
				<label>홈 화면으로</label>
				<visible>Control.HasFocus(1700)</visible>
			</control>
			<control type="label">
				<top>200</top>
				<left>100</left>
				<width>250</width>
				<height>38</height>
				<font>primal_16_Bold</font>
				<textcolor>$VAR[ColorFontNormal]</textcolor>
				<shadowcolor>$VAR[ColorFontShadow]</shadowcolor>
				<label>처음부터 재생</label>
				<visible>Control.HasFocus(1710)</visible>
			</control>
			<control type="label">
				<top>200</top>
				<left>100</left>
				<width>250</width>
				<height>38</height>
				<font>primal_16_Bold</font>
				<textcolor>$VAR[ColorFontNormal]</textcolor>
				<shadowcolor>$VAR[ColorFontShadow]</shadowcolor>
				<label>다음 에피소드 재생</label>
				<visible>Control.HasFocus(1720)</visible>
			</control>
			<control type="label">
				<top>200</top>
				<left>100</left>
				<width>250</width>
				<height>38</height>
				<font>primal_16_Bold</font>
				<textcolor>$VAR[ColorFontNormal]</textcolor>
				<shadowcolor>$VAR[ColorFontShadow]</shadowcolor>
				<label>옵션</label>
				<visible>Control.HasFocus(1730)</visible>
			</control>


			<control type="grouplist" id="100">
				<top>100</top>
				<left>100</left>
				<orientation>horizontal</orientation>
				<width>1800</width>
				<height>120</height>
				<itemgap>50</itemgap>


				<control type="button" id="1700">
					<width>64</width>
					<height>64</height>
					<aspectratio>keep</aspectratio>
					<texturefocus colordiffuse="$VAR[BackColorButton]">special://skin/media/new_video_osd/back_osd.png</texturefocus>
					<texturenofocus colordiffuse="ffffffff">special://skin/media/new_video_osd/back_osd.png</texturenofocus>
					<onclick>PlayerControl(Stop)</onclick>
				</control>
				<control type="button" id="1710">
					<ondown>1630</ondown>
					<width>64</width>
					<height>64</height>
					<aspectratio>keep</aspectratio>
					<texturefocus colordiffuse="$VAR[BackColorButton]">special://skin/media/new_video_osd/rewind_osd.png</texturefocus>
					<texturenofocus colordiffuse="ffffffff">special://skin/media/new_video_osd/rewind_osd.png</texturenofocus>
					<onclick>seek(-298800)</onclick>
					<onclick condition="Player.Paused">PlayerControl(Play)</onclick>
				</control>
				<!-- <control type="button" id="1720">
					<width>64</width>
					<height>64</height>
					<aspectratio>keep</aspectratio>
					<texturefocus colordiffuse="$VAR[BackColorButton]">special://skin/media/new_video_osd/next_osd.png</texturefocus>
					<texturenofocus colordiffuse="ffffffff">special://skin/media/new_video_osd/next_osd.png</texturenofocus>
					<onclick>SendClick(3012)</onclick>
				</control> -->


				<!-- 추가버튼 활성화 -->
				<control type="togglebutton" id="1730">
					<top>10</top>
					<width>48</width>
					<height>48</height>
					<aspectratio>keep</aspectratio>
					<texturefocus colordiffuse="$VAR[BackColorButton]">special://skin/media/new_video_osd/less.png</texturefocus>
					<texturenofocus colordiffuse="$VAR[ColorIcons]">special://skin/media/new_video_osd/less.png</texturenofocus>
					<usealttexture>!Skin.HasSetting(displaymorebuttons)</usealttexture>
					<alttexturefocus colordiffuse="$VAR[BackColorButton]">special://skin/media/new_video_osd/more.png</alttexturefocus>
					<alttexturenofocus colordiffuse="$VAR[ColorIcons]">special://skin/media/new_video_osd/more.png</alttexturenofocus>
					<onclick>Skin.ToggleSetting(displaymorebuttons)</onclick>
					<ondown>1740</ondown>

				</control>


			</control>

			<control type="grouplist">

				<top>190</top>
				<left>330</left>
				<left></left>
				<width>1800</width>
				<height>120</height>
				<itemgap>25</itemgap>
				<orientation>horizontal</orientation>
				<onup>1730</onup>


				<control type="button" id="1740">
					<width>48</width>
					<height>48</height>
					<aspectratio>keep</aspectratio>
					<texturefocus colordiffuse="$VAR[BackColorButton]">special://skin/media/new_video_osd/rew.png</texturefocus>
					<texturenofocus colordiffuse="$VAR[ColorIcons]">special://skin/media/new_video_osd/rew.png</texturenofocus>
					<visible>Skin.HasSetting(displaymorebuttons)</visible>
					<onclick>PlayerControl(Rewind)</onclick>
				</control>

				<control type="button" id="1750">
					<width>48</width>
					<height>48</height>
					<aspectratio>keep</aspectratio>
					<texturefocus colordiffuse="$VAR[BackColorButton]">special://skin/media/new_video_osd/skipback.png</texturefocus>
					<texturenofocus colordiffuse="$VAR[ColorIcons]">special://skin/media/new_video_osd/skipback.png</texturenofocus>
					<visible>Skin.HasSetting(displaymorebuttons)</visible>
					<onclick>Seek(-30)</onclick>

				</control>

				<control type="button" id="1760">
					<width>48</width>
					<height>48</height>
					<aspectratio>keep</aspectratio>
					<texturefocus colordiffuse="$VAR[BackColorButton]">special://skin/media/new_video_osd/skipgo.png</texturefocus>
					<texturenofocus colordiffuse="$VAR[ColorIcons]">special://skin/media/new_video_osd/skipgo.png</texturenofocus>
					<visible>Skin.HasSetting(displaymorebuttons)</visible>
					<onclick>Seek(30)</onclick>

				</control>

				<control type="button" id="1770">
					<width>48</width>
					<height>48</height>
					<aspectratio>keep</aspectratio>
					<texturefocus colordiffuse="$VAR[BackColorButton]">special://skin/media/new_video_osd/ff.png</texturefocus>
					<texturenofocus colordiffuse="$VAR[ColorIcons]">special://skin/media/new_video_osd/ff.png</texturenofocus>
					<visible>Skin.HasSetting(displaymorebuttons)</visible>
					<onclick>PlayerControl(Forward)</onclick>
				</control>

				<control type="button" id="1780" description="PlaySpeedUp">
					<width>48</width>
					<height>48</height>
					<aspectratio>keep</aspectratio>
					<texturefocus colordiffuse="$VAR[BackColorButton]">special://skin/media/new_video_osd/tempoup.png</texturefocus>
					<texturenofocus colordiffuse="$VAR[ColorIcons]">special://skin/media/new_video_osd/tempoup.png</texturenofocus>
					<visible>Skin.HasSetting(displaymorebuttons)</visible>
					<onclick>PlayerControl(tempoup)</onclick>
					<visible>Player.TempoEnabled</visible>
				</control>

				<control type="button" id="1790" description="PlaySpeedDown">
					<width>48</width>
					<height>48</height>
					<aspectratio>keep</aspectratio>
					<texturefocus colordiffuse="$VAR[BackColorButton]">special://skin/media/new_video_osd/tempodown.png</texturefocus>
					<texturenofocus colordiffuse="$VAR[ColorIcons]">special://skin/media/new_video_osd/tempodown.png</texturenofocus>
					<visible>Skin.HasSetting(displaymorebuttons)</visible>
					<onclick>PlayerControl(tempodown)</onclick>

					<visible>Player.TempoEnabled</visible>
				</control>

				<!-- <control type="togglebutton" id="1620" description="ShowSubtitles">
					<width>48</width>
					<height>48</height>
					<aspectratio>keep</aspectratio>
				
					<onclick>ShowSubtitles</onclick>
					<selected>VideoPlayer.SubtitlesEnabled</selected>
					<visible>VideoPlayer.HasSubtitles</visible>
					<texturefocus>osd/suboff.png</texturefocus>
					<texturenofocus colordiffuse="$VAR[ColorIcons]">osd/suboff.png</texturenofocus>
					<alttexturefocus>osd/subon.png</alttexturefocus>
					<alttexturenofocus colordiffuse="$VAR[ColorIcons]">osd/subon.png</alttexturenofocus>
					<pulseonselect>false</pulseonselect>
					<onclick>back</onclick>
				</control> -->

				<control type="button" id="1800">
					<width>48</width>
					<height>48</height>
					<aspectratio>keep</aspectratio>
					<texturefocus colordiffuse="$VAR[BackColorButton]">special://skin/media/new_video_osd/subtitle.png</texturefocus>
					<texturenofocus colordiffuse="$VAR[ColorIcons]">special://skin/media/new_video_osd/subtitle.png</texturenofocus>

					<visible>Skin.HasSetting(displaymorebuttons)</visible>
					<onclick>ActivateWindow(osdsubtitlesettings)</onclick>
					<!-- <onclick>back</onclick> -->
				</control>
				<!-- <control type="button" id="1810">
					<width>48</width>
					<height>48</height>
					<aspectratio>keep</aspectratio>
					<texturefocus colordiffuse="$VAR[BackColorButton]">special://skin/media/new_video_osd/subsync1.png</texturefocus>
					<texturenofocus colordiffuse="$VAR[ColorIcons]">special://skin/media/new_video_osd/subsync1.png</texturenofocus>
					<visible>VideoPlayer.HasSubtitles</visible>
					<visible>Skin.HasSetting(displaymorebuttons)</visible>
					<onclick>Action(SubtitleDelay)</onclick>
					<onclick>back</onclick>

				</control> -->
				<control type="button" id="1820">
					<width>48</width>
					<height>48</height>
					<aspectratio>keep</aspectratio>
					<texturefocus colordiffuse="$VAR[BackColorButton]">special://skin/media/new_video_osd/audio.png</texturefocus>
					<texturenofocus colordiffuse="$VAR[ColorIcons]">special://skin/media/new_video_osd/audio.png</texturenofocus>
					<visible>Skin.HasSetting(displaymorebuttons)</visible>
					<onclick>ActivateWindow(124)</onclick>
					<!-- <onclick>back</onclick> -->
				</control>
				<control type="button" id="1830">
					<width>48</width>
					<height>48</height>
					<aspectratio>keep</aspectratio>
					<texturefocus colordiffuse="$VAR[BackColorButton]">special://skin/media/new_video_osd/video.png</texturefocus>
					<texturenofocus colordiffuse="$VAR[ColorIcons]">special://skin/media/new_video_osd/video.png</texturenofocus>
					<visible>Skin.HasSetting(displaymorebuttons)</visible>

					<onclick>ActivateWindow(123)</onclick>
					<!-- <onclick>back</onclick> -->
				</control>
				<control type="button" id="1840">

					<width>48</width>
					<height>48</height>
					<aspectratio>keep</aspectratio>
					<texturefocus colordiffuse="$VAR[BackColorButton]">special://skin/media/new_video_osd/info.png</texturefocus>
					<texturenofocus colordiffuse="$VAR[ColorIcons]">special://skin/media/new_video_osd/info.png</texturenofocus>

					<visible>Skin.HasSetting(displaymorebuttons)</visible>
					<onclick>ActivateWindow(5555)</onclick>
					<!-- <onclick>back</onclick> -->
				</control>
			</control>


			<control type="grouplist" id="200">


				<onup>1710</onup>
				<onleft condition="!Player.SeekEnabled">noop</onleft>
				<onleft condition="Player.SeekEnabled + Player.Paused">PlayerControl(Play)</onleft>
				<onleft condition="Player.SeekEnabled">back</onleft>
				<onright condition="!Player.SeekEnabled">noop</onright>
				<onright condition="Player.SeekEnabled + Player.Paused">PlayerControl(Play)</onright>
				<onright condition="Player.SeekEnabled">back</onright>

				<top>945</top>
				<left>190</left>
				<control type="togglebutton" id="1630">

					<width>32</width>
					<height>32</height>
					<aspectratio>keep</aspectratio>
					<texturefocus colordiffuse="$VAR[BackColorButton]">special://skin/media/new_video_osd/pause_osd.png</texturefocus>
					<texturenofocus colordiffuse="$VAR[ColorIcons]">special://skin/media/new_video_osd/pause_osd.png</texturenofocus>
					<usealttexture>Player.Paused | Player.Forwarding | Player.Rewinding</usealttexture>
					<alttexturefocus colordiffuse="$VAR[BackColorButton]">special://skin/media/new_video_osd/play_osd.png</alttexturefocus>
					<alttexturenofocus colordiffuse="$VAR[ColorIcons]">special://skin/media/new_video_osd/play_osd.png</alttexturenofocus>
					<onclick>PlayerControl(Play)</onclick>
				</control>
			</control>
		</control>
		<control type="group">
			<visible>!Skin.HasSetting(videoosdflag)</visible>
			<control type="button">
				<description>background close area</description>
				<left>0</left>
				<top>0</top>
				<width>100%</width>
				<bottom>280</bottom>
				<texturefocus />
				<texturenofocus />
				<onclick>Action(close)</onclick>
			</control>

			<control type="image">
				<left>90</left>
				<top>300</top>
				<width>450</width>
				<height>550</height>
				<aligny>top</aligny>
				<aspectratio align="left">keep</aspectratio>
				<fadetime>300</fadetime>
				<texture background="true">$INFO[Player.Art(poster)]</texture>
				<visible>!Skin.HasSetting(show_discart) + !Window.IsVisible(MusicVisualisation.xml)</visible>
				<visible>!VideoPlayer.Content(musicvideos)</visible>
			</control>


			<control type="label">

				<top>100</top>
				<left>1350</left>
				<align>left</align>
				<label>$INFO[VideoPlayer.Title]</label>
				<textcolor>ffffffff</textcolor>
				<font>primal_50_Title</font>
			</control>

			<!-- <control type="image">
				<top>105</top>
				<left>1270</left>
				<include>mediaflags_large_layout</include>
				<texture fallback="special://skin/flags/flags_large/mpaa/nr.png">$VAR[mediaflags_large_rating_widgets_videofullscreen]</texture>
				<visible>!String.IsEmpty($INFO[VideoPlayer.MPAA]),nr.png)</visible>
			</control> -->

			<control type="grouplist">
				<description>Media Codec Flagging Images</description>
				<top>165</top>
				<left>1335</left>
				<width>1000</width>
				<itemgap>1</itemgap>
				<orientation>horizontal</orientation>
				<include>KM_MediaInfo_Icon_fullscreen</include>
			</control>


		</control>
		<control type="group">
			<left>560</left>
			<top>390</top>
			<visible>!Skin.HasSetting(videoosdflag)</visible>
			<control type="group">
				<left>260</left>
				<top>10</top>
				<control type="image">
					<left>230</left>
					<top>17</top>
					<width>180</width>
					<height>180</height>
					<texture>osd/rewind.png</texture>
					<colordiffuse>$VAR[ColorFontSelected]</colordiffuse>
					<aspectratio>keep</aspectratio>
					<visible>Player.Rewinding</visible>
				</control>
				<control type="image">
					<left>230</left>
					<top>17</top>
					<width>180</width>
					<height>180</height>
					<texture>osd/forward.png</texture>
					<colordiffuse>$VAR[ColorFontSelected]</colordiffuse>
					<aspectratio>keep</aspectratio>
					<visible>Player.Forwarding</visible>
				</control>
				<control type="image">
					<left>34</left>
					<top>4</top>
					<width>200</width>
					<height>200</height>
					<texture>osd/OSDPause.png</texture>
					<colordiffuse>$VAR[ColorFontSelected]</colordiffuse>
					<aspectratio>keep</aspectratio>
					<visible>Player.Paused + Player.HasVideo </visible>
				</control>
				<control type="image">
					<left>34</left>
					<top>4</top>
					<width>200</width>
					<height>200</height>
					<texture>osd/OSDPlay.png</texture>
					<colordiffuse>$VAR[ColorFontSelected]</colordiffuse>
					<aspectratio>keep</aspectratio>
					<visible>Player.Playing</visible>
				</control>
				<control type="image">
					<left>34</left>
					<top>4</top>
					<width>200</width>
					<height>200</height>
					<texture>osd/OSD2x.png</texture>
					<colordiffuse>$VAR[ColorFontSelected]</colordiffuse>
					<aspectratio>keep</aspectratio>
					<visible>Player.Rewinding2x</visible>
				</control>
				<control type="image">
					<left>34</left>
					<top>4</top>
					<width>200</width>
					<height>200</height>
					<texture>osd/OSD4x.png</texture>
					<colordiffuse>$VAR[ColorFontSelected]</colordiffuse>
					<aspectratio>keep</aspectratio>
					<visible>Player.Rewinding4x</visible>
				</control>
				<control type="image">
					<left>34</left>
					<top>4</top>
					<width>200</width>
					<height>200</height>
					<texture>osd/OSD8x.png</texture>
					<colordiffuse>$VAR[ColorFontSelected]</colordiffuse>
					<aspectratio>keep</aspectratio>
					<visible>Player.Rewinding8x</visible>
				</control>
				<control type="image">
					<left>34</left>
					<top>4</top>
					<width>210</width>
					<height>210</height>
					<texture>osd/OSD16x.png</texture>
					<colordiffuse>$VAR[ColorFontSelected]</colordiffuse>
					<aspectratio>keep</aspectratio>
					<visible>Player.Rewinding16x</visible>
				</control>
				<control type="image">
					<left>34</left>
					<top>4</top>
					<width>210</width>
					<height>210</height>
					<texture>osd/OSD32x.png</texture>
					<colordiffuse>$VAR[ColorFontSelected]</colordiffuse>
					<aspectratio>keep</aspectratio>
					<visible>Player.Rewinding32x</visible>
				</control>
				<control type="image">
					<left>34</left>
					<top>4</top>
					<width>200</width>
					<height>200</height>
					<texture>osd/OSD2x.png</texture>
					<colordiffuse>$VAR[ColorFontSelected]</colordiffuse>
					<aspectratio>keep</aspectratio>
					<visible>Player.Forwarding2x</visible>
				</control>
				<control type="image">
					<left>34</left>
					<top>4</top>
					<width>200</width>
					<height>200</height>
					<texture>osd/OSD4x.png</texture>
					<colordiffuse>$VAR[ColorFontSelected]</colordiffuse>
					<aspectratio>keep</aspectratio>
					<visible>Player.Forwarding4x</visible>
				</control>
				<control type="image">
					<left>34</left>
					<top>4</top>
					<width>200</width>
					<height>200</height>
					<texture>osd/OSD8x.png</texture>
					<colordiffuse>$VAR[ColorFontSelected]</colordiffuse>
					<aspectratio>keep</aspectratio>
					<visible>Player.Forwarding8x</visible>
				</control>
				<control type="image">
					<left>34</left>
					<top>4</top>
					<width>210</width>
					<height>210</height>
					<texture>osd/OSD16x.png</texture>
					<colordiffuse>$VAR[ColorFontSelected]</colordiffuse>
					<aspectratio>keep</aspectratio>
					<visible>Player.Forwarding16x</visible>
				</control>
				<control type="image">
					<left>34</left>
					<top>4</top>
					<width>210</width>
					<height>210</height>
					<texture>osd/OSD32x.png</texture>
					<colordiffuse>$VAR[ColorFontSelected]</colordiffuse>
					<aspectratio>keep</aspectratio>
					<visible>Player.Forwarding32x</visible>
				</control>

				<!-- <control type="image">
					<left>34</left>
					<top>4</top>
					<width>210</width>
					<height>210</height>
					<texture>osd/seek.png</texture>
					<colordiffuse>$VAR[ColorFontSelected]</colordiffuse>
					<aspectratio>keep</aspectratio>
					<visible>Player.Seeking</visible>
				</control> -->
			</control>
		</control>
	</controls>

</window>