<?xml version="1.0" encoding="UTF-8"?>
<window>
	<defaultcontrol always="true">51</defaultcontrol>
	<allowoverlay>no</allowoverlay>
	<include>ViewsidPVR</include>
	<controls>
		<!-- ================================================================================= -->
		<!-- ==================================== TV, RADIO LISTE ============================ -->
		<!-- ================================================================================= -->
		<include>CommonHomeBack</include>
		<!--<include>CommonAllFront2</include>-->
		<include>SideBladeForViews</include>
		<include>ViewsPVR</include>
		<include>HomePlaying</include>
		<include>PVRSideBlade</include>
	</controls>
</window>
