<?xml version="1.0" encoding="UTF-8"?>
<window>
	<defaultcontrol always="true">9000</defaultcontrol>
	<controls>
		<control type="group">
			<depth>DepthSideBlade</depth>
			<visible>!Window.IsVisible(FileBrowser)</visible>
			<animation effect="slide" start="1650,0" end="0,0" time="300" tween="quadratic" easing="out">WindowOpen</animation>
			<animation effect="slide" start="0,0" end="1650,0" time="300" tween="quadratic" easing="out">WindowClose</animation>
			<control type="image">
				<description>background image</description>
				<left>0</left>
				<top>0</top>
				<width>1920</width>
				<height>1080</height>
				<texture background="true">background.png</texture>
			</control>
			<control type="image">
				<description>background image</description>
				<left>235</left>
				<top>95</top>
				<width>1460</width>
				<height>970</height>
				<texture background="true">skin/button_klein.png</texture>
				<bordertexture border="10">ThumbShadow.png</bordertexture>
				<bordersize>6</bordersize>
				<colordiffuse>$VAR[BackColorFront]</colordiffuse>
			</control>
			<control type="image">
				<left>246</left>
				<top>106</top>
				<width>1438</width>
				<height>948</height>
				<texture background="true">skin/button_klein.png</texture>
				<colordiffuse>$VAR[ColorButtonDialogeBack]</colordiffuse>
			</control>
			<control type="button">
				<description>Close Window button</description>
				<left>345</left>
				<top>0</top>
				<width>96</width>
				<height>48</height>
				<label>-</label>
				<font>-</font>
				<onclick>PreviousMenu</onclick>
				<texturefocus>DialogCloseButton-focus.png</texturefocus>
				<texturenofocus>DialogCloseButton.png</texturenofocus>
				<onleft>9000</onleft>
				<onright>9000</onright>
				<onup>9000</onup>
				<ondown>9000</ondown>
				<visible>system.getbool(input.enablemouse)</visible>
			</control>
			<control type="group">
				<animation effect="fade" delay="300" start="0" end="100" time="150">WindowOpen</animation>
				<animation effect="fade" start="100" end="0" time="150">WindowClose</animation>
				<control type="image">
					<left>310</left>
					<top>115</top>
					<width>405</width>
					<height>405</height>
					<aspectratio>keep</aspectratio>
					<texture background="true">$INFO[ListItem.Icon]</texture>
					<bordertexture border="10">ThumbShadow.png</bordertexture>
					<bordersize>6</bordersize>
				</control>
				<control type="group">
					<top>135</top>
					<left>315</left>
					<include>VisibleFadeEffect</include>
					<control type="list" id="49">
						<left>420</left>
						<top>0</top>
						<width>1140</width>
						<height>405</height>
						<onleft>49</onleft>
						<onright>49</onright>
						<onup>9000</onup>
						<ondown condition="!Container.Content(Songs)">50</ondown>
						<ondown condition="Container.Content(Songs)">9000</ondown>
						<pagecontrol>-</pagecontrol>
						<scrolltime>200</scrolltime>
						<itemlayout height="45">
							<control type="label">
								<left>0</left>
								<top>0</top>
								<width>210</width>
								<height>45</height>
								<font>primal_18</font>
								<align>right</align>
								<aligny>center</aligny>
								<textcolor>$VAR[ColorFontNormal]</textcolor>
								<shadowcolor>$VAR[ColorFontShadow]</shadowcolor>
								<selectedcolor>$VAR[ColorFontSelected]</selectedcolor>
								<info>ListItem.Label</info>
							</control>
							<control type="label">
								<left>225</left>
								<top>0</top>
								<width>915</width>
								<height>45</height>
								<font>primal_18</font>
								<align>left</align>
								<aligny>center</aligny>
								<textcolor>$VAR[ColorFontNormal]</textcolor>
								<shadowcolor>$VAR[ColorFontShadow]</shadowcolor>
								<info>ListItem.Label2</info>
							</control>
						</itemlayout>
						<focusedlayout height="45">
							<control type="label">
								<left>0</left>
								<top>0</top>
								<width>210</width>
								<height>45</height>
								<font>primal_18</font>
								<align>right</align>
								<aligny>center</aligny>
								<textcolor>$VAR[ColorFontNormal]</textcolor>
								<shadowcolor>$VAR[ColorFontShadow]</shadowcolor>
								<selectedcolor>$VAR[ColorFontSelected]</selectedcolor>
								<info>ListItem.Label</info>
							</control>
							<control type="label">
								<left>225</left>
								<top>0</top>
								<width>915</width>
								<height>45</height>
								<font>primal_18</font>
								<align>left</align>
								<aligny>center</aligny>
								<textcolor>$VAR[ColorFontNormal]</textcolor>
								<shadowcolor>$VAR[ColorFontShadow]</shadowcolor>
								<selectedcolor>$VAR[ColorFontSelected]</selectedcolor>
								<info>ListItem.Label2</info>
							</control>
						</focusedlayout>
						<content>
							<include condition="Container.Content(Artists)">MusicInfoArtistInfo</include>
							<include condition="Container.Content(Albums)">MusicInfoAlbumInfo</include>
							<include condition="Container.Content(Songs)">MusicInfoSongInfo</include>
						</content>
					</control>
				</control>
				<control type="textbox">
					<description>Description</description>
					<left>315</left>
					<top>562</top>
					<width>1300</width>
					<height>173</height>
					<label>$VAR[MusicInfoLabel]</label>
					<font>primal_18</font>
					<align>justify</align>
					<textcolor>white</textcolor>
					<autoscroll time="3000" delay="4000" repeat="5000">Skin.HasSetting(AutoScroll)</autoscroll>
				</control>
				<control type="image">
					<description>Thumb</description>
					<left>315</left>
					<top>780</top>
					<width>180</width>
					<height>180</height>
					<texture>$VAR[MusicInfoListThumb]</texture>
					<aspectratio>keep</aspectratio>
				</control>
				<control type="textbox">
					<description>Contributors</description>
					<left>510</left>
					<top>780</top>
					<width>1350</width>
					<height>180</height>
					<label>$INFO[ListItem.ContributorAndRole]</label>
					<font>primal_18</font>
					<align>justify</align>
					<textcolor>$VAR[ColorFontNormal]</textcolor>
					<shadowcolor>$VAR[ColorFontShadow]</shadowcolor>
					<autoscroll time="3000" delay="4000" repeat="5000">Skin.HasSetting(AutoScroll)</autoscroll>
					<visible>Container.Content(Songs)</visible>
				</control>
				<control type="grouplist" id="9000">
					<left>315</left>
					<top>990</top>
					<width>1545</width>
					<height>60</height>
					<itemgap>3</itemgap>
					<align>center</align>
					<orientation>horizontal</orientation>
					<onleft>9000</onleft>
					<onright>9000</onright>
					<onup condition="!Container.Content(Songs)">50</onup>
					<onup condition="Container.Content(Songs)">49</onup>
					<ondown>49</ondown>
					<control type="button" id="6">
						<description>Refresh</description>
						<width>270</width>
						<height>60</height>
						<label>-</label>
						<align>center</align>
					</control>
					<control type="button" id="10">
						<description>Get Thumb</description>
						<width>270</width>
						<height>60</height>
						<label>-</label>
						<align>center</align>
					</control>
					<control type="button" id="12">
						<description>Get Fanart / Album info</description>
						<width>270</width>
						<height>60</height>
						<label>-</label>
						<align>center</align>
					</control>
					<control type="button" id="7">
						<description>Set my rating</description>
						<width>270</width>
						<height>60</height>
						<label>-</label>
						<align>center</align>
					</control>
				</control>
			</control>
		</control>
	</controls>
</window>
