<colors>
	<!-- 색 컬러 값 -->
	<color name="BackColorBackground">FF262626</color>
	<color name="BackColorFront">FF404040</color>
	<color name="BackColorButton">FFcf0652</color>
	<color name="ColorButtonDialogeBack">FF262626</color>
	<color name="ColorIcons">FFcbcccc</color>
	<color name="ColorFlaggingIcons">FFcbcccc</color>
	<color name="ColorFontNormal">FFcbcccc</color>
	<color name="ColorButtonHomemenuBig">FF272530</color>
	<color name="ColorProgress">FFcbcccc</color>
	<color name="ColorFontUnfocus">FFFFB80D</color>
	<color name="ColorFontSelected">FFfbc743</color>
	<color name="ColorFontShadow">FF000000</color>
	<color name="ColorButtonNoFocus">FF808080</color>
	<color name="ColorFontNormalHomemenu">FFcbcccc</color>
	<color name="ColorFontShadowHomemenu">FF000000</color>
	<color name="ColorInfoBack">887c4819</color>

	<color name="ColorBackHomeButton0">FF353340</color>
	<color name="ColorBackHomeButton1">FF173a1a</color>
	<color name="ColorBackHomeButton2">FF3f1c37</color>
	<color name="ColorBackHomeButton3">FF471b0c</color>
	<color name="ColorBackHomeButton4">FF440c0a</color>
	<color name="ColorBackHomeButton5">FF38350c</color>
	<color name="ColorBackHomeButton6">FF392a2a</color>
	<color name="ColorBackHomeButton7">FF446355</color>
	<color name="ColorBackHomeButton8">FF9d1419</color>
	<color name="ColorBackHomeButton9">FF142d27</color>
	<color name="ColorBackHomeButton10">FF184a4c</color>
	<color name="ColorBackHomeButton11">FF644f2a</color>
	<color name="ColorBackHomeButton12">FF315E3F</color>
	<color name="ColorBackHomeButton13">FF485d62</color>
	<color name="ColorBackHomeButton14">FF921162</color>
	<color name="ColorBackHomeButton15">FF15156A</color>
	<color name="ColorBackHomeButton16">FF006400</color>
	<color name="ColorBackHomeButton17">FF9A8309</color>
	<color name="ColorBackHomeButton18">FF910808</color>
	<color name="ColorBackHomeButton19">FF9F0F1C</color>
	<color name="ColorBackHomeButton20">FF008080</color>
	<color name="ColorBackHomeButton21">FFBA55D3</color>
	<color name="ColorBackHomeButton22">FFD66321</color>
	<color name="ColorBackHomeButton23">FF847308</color>
	<color name="ColorBackHomeButton24">FF820123</color>
	<color name="ColorBackHomeButton25">FF016b47</color>
	<color name="ColorBackHomeButton26">FF5b4700</color>
	<color name="ColorBackHomeButton27">FF441660</color>
	<color name="ColorBackHomeButton28">FF1e9185</color>
	<!-- added by KM -->
	<color name="ColorBackHomeButton29">FF999e00</color>
	<color name="ColorBackHomeButton30">FFf7be00</color>
	<color name="ColorBackHomeButton31">FF343bfa</color>
	<color name="ColorBackHomeButton32">FFff0086</color>
	<color name="ColorBackHomeButton33">FFB404AE</color>
	<color name="ColorBackHomeButton34">FFA4A4A4</color>
	<color name="ColorBackHomeButton35">FFB45F04</color>
	<color name="ColorBackHomeButton36">FFDF013A</color>
	<color name="ColorBackHomeButton37">FF610B4B</color>
	<color name="ColorBackHomeButton38">FF2EFEF7</color>
	<color name="ColorBackHomeButton39">FF0B4C5F</color>
	<color name="ColorBackHomeButton40">FFD66321</color>
	<color name="ColorBackHomeButton41">FF1e9185</color>
	<color name="ColorBackHomeButton42">FF441660</color>
	<color name="ColorBackHomeButton43">FF910808</color>
	<color name="ColorBackHomeButton44">FFBA55D3</color>
	<color name="ColorBackHomeButton45">FF1e9185</color>
	<color name="ColorBackHomeButton46">FFD66321</color>
	<!-- BackWebOS1 livetv
	BackWebOS2 liveradio
	BackWebOS3 all movie
	BackWebOS4 collection
	BackWebOS5 tv shiw
	BackWebOS6 video
	BackWebOS7  my ch 10
	BackWebOS8  playlist1
	BackWebOS10 playlist2
	BackWebOS11 playlist3
	BackWebOS12 playlist4
	BackWebOS13 playlist5
	BackWebOS14 
	BackWebOS15 watcha
	BackWebOS16 tving
	BackWebOS17 netflix
	BackWebOS18 wavve
	BackWebOS19 뮤직
	BackWebOS20 addon
	BackWebOS21 android app
	BackWebOS22 pic
	BackWebOS23 weather
	BackWebOS24 option
	BackWebOS25 
	BackWebOS26 filemanager
	BackWebOS27 disc
	BackWebOS28 fav
	BackWebOS29 playlist6
	BackWebOS30 playlist7
	BackWebOS31 playlist8
	BackWebOS32 playlist9
	BackWebOS33 playlist10
	BackWebOS34 search
	BackWebOS35 spotv
	BackWebOS36 
	BackWebOS37 
	BackWebOS38 
	BackWebOS39 
	BackWebOS40 
	BackWebOS41 samsung
	BackWebOS42 kakao
	BackWebOS43 coupang
	BackWebOS44 naver
	BackWebOS45 tmdb
	BackWebOS46 random -->

</colors>