﻿<?xml version="1.0" encoding="UTF-8"?>
<includes>
	<include name="HomePlaying">
		<!-- ============================================================================================================ -->
		<!-- ============================================= HOME MUSICSEKTION ============================================ -->
		<!-- ============================================================================================================ -->
		<control type="group">

			<visible>Window.IsVisible(Home) | !Skin.HasSetting(NoHomeDBCounter)</visible>
			<!-- <control type="label">
				<visible>!VideoPlayer.Content(Movies) + !VideoPlayer.Content(Episodes) + !VideoPlayer.Content(LiveTV) + !Skin.HasSetting(Use_Startup_DreamVideo) + !String.Contains(ListItem.Filenameandpath,Destiny_home_intro)</visible>
				<visible>Player.HasVideo</visible>
				<visible></visible>
				<left>665</left>
				<top>18</top>
				<height>45</height>
				<width>1200</width>
				<label>[B]$INFO[VideoPlayer.Artist]$INFO[VideoPlayer.Title, - ]$INFO[VideoPlayer.Year, (,)][/B] - $INFO[Player.Time]$INFO[Player.Duration, / ] - $LOCALIZE[50012]: $INFO[VideoPlayer.FinishTime]</label>
				<align>right</align>
				<font>primal_16_Title</font>
				<textcolor>$VAR[ColorFontNormal]</textcolor>
				<shadowcolor>$VAR[ColorFontShadow]</shadowcolor>
				<scroll>true</scroll>
				<scrollspeed>30</scrollspeed>
				<scrollsuffix> - </scrollsuffix>
			</control> -->
			<!-- NOW PLAYING INFO MOVIES -->
			<control type="label">
				<visible>VideoPlayer.Content(Movies)</visible>
				<visible>Player.HasVideo</visible>
				<left>350</left>
				<top>980</top>
				<height>45</height>
				<width>1200</width>
				<label>[B]$INFO[VideoPlayer.Title]$INFO[VideoPlayer.Year, (,)][/B] - $LOCALIZE[50012]: $INFO[VideoPlayer.FinishTime]</label>
				<align>center</align>
				<font>primal_16_Title</font>
				<textcolor>$VAR[ColorFontNormal]</textcolor>
				<shadowcolor>$VAR[ColorFontShadow]</shadowcolor>
				<scroll>true</scroll>
				<scrollspeed>30</scrollspeed>
				<scrollsuffix> - </scrollsuffix>
			</control>
			<!-- KM added 20200429 -->

			<!-- NOW PLAYING INFO LiveTV -->
			<control type="label">
				<visible>VideoPlayer.Content(LiveTV)</visible>
				<visible>Player.HasVideo</visible>
				<left>665</left>
				<top>18</top>
				<height>45</height>
				<width>1200</width>
				<label>$INFO[VideoPlayer.ChannelName]$INFO[VideoPlayer.Title, - ]</label>
				<align>right</align>
				<font>primal_16_Title</font>
				<textcolor>$VAR[ColorFontNormal]</textcolor>
				<shadowcolor>$VAR[ColorFontShadow]</shadowcolor>
				<scroll>true</scroll>
				<scrollspeed>30</scrollspeed>
				<scrollsuffix> - </scrollsuffix>
			</control>
			<!-- NOW PLAYING EPISODES -->
			<control type="label">
				<visible>VideoPlayer.Content(Episodes)</visible>
				<visible>Player.HasVideo</visible>
				<left>350</left>
				<top>980</top>
				<height>45</height>
				<width>1200</width>
				<label>$INFO[VideoPlayer.TVShowTitle] - S$INFO[VideoPlayer.Season] E$INFO[VideoPlayer.episode] - $INFO[VideoPlayer.Title] - $LOCALIZE[50012]: $INFO[VideoPlayer.FinishTime]</label>
				<align>center</align>
				<font>primal_16_Title</font>
				<textcolor>$VAR[ColorFontNormal]</textcolor>
				<shadowcolor>$VAR[ColorFontShadow]</shadowcolor>
				<scroll>true</scroll>
				<scrollspeed>30</scrollspeed>
				<scrollsuffix> - </scrollsuffix>
			</control>
			<!-- NOW PLAYING MUSIC -->
			<control type="label">
				<visible>Player.HasAudio</visible>
				<left>850</left>
				<top>18</top>
				<height>45</height>
				<width>1000</width>
				<label>$INFO[MusicPlayer.Artist]$INFO[MusicPlayer.Title]-$INFO[Player.Time]</label>
				<align>right</align>
				<font>primal_16_Title</font>
				<textcolor>$VAR[ColorFontNormal]</textcolor>
				<shadowcolor>$VAR[ColorFontShadow]</shadowcolor>
				<scroll>true</scroll>
			</control>
		</control>
	</include>


</includes>