<?xml version="1.0" encoding="UTF-8"?>
<includes>
	<include name="WidgetContentForeignAddons">
		<!--=================================== WIDGETS NEWSCENTER =====================================-->
		<control type="group">
			<left>0</left>
			<top>0</top>
			<visible>Container(9000).Hasfocus(31)</visible>
			<include>Animation.ZoomIn</include>
			<include>widget_outzoom_submenu</include>
			<control type="wraplist" id="8331">
				<left>110</left>
				<top>130</top>
				<width>1700</width>
				<height>810</height>
				<onleft>8331</onleft>
				<onright>8331</onright>
				<onup>300004</onup>
				<ondown>9000</ondown>
				<viewtype>list</viewtype>
				<orientation>horizontal</orientation>
				<focusposition>0</focusposition>
				<pagecontrol>-</pagecontrol>
				<scrolltime>500</scrolltime>
				<itemlayout width="425" height="250">
					<control type="image">
						<left>0</left>
						<top>300</top>
						<width>425</width>
						<height>240</height>
						<texture background="true">skin/button_klein.png</texture>
						<bordertexture border="10">ThumbShadow.png</bordertexture>
						<bordersize>6</bordersize>
						<aspectratio>stretch</aspectratio>
						<colordiffuse>$VAR[ColorButtonDialogeBack]</colordiffuse>
					</control>
					<control type="image">
						<left>5</left>
						<top>305</top>
						<width>415</width>
						<height>230</height>
						<texture background="true">$INFO[ListItem.Icon]</texture>
						<bordertexture border="10">ThumbShadow.png</bordertexture>
						<bordersize>6</bordersize>
						<aspectratio>scale</aspectratio>
					</control>
					<control type="image">
						<left>6</left>
						<top>490</top>
						<width>413</width>
						<height>45</height>
						<texture background="true">skin/button_klein_tranz90.png</texture>
						<aspectratio>stretch</aspectratio>
						<colordiffuse>$VAR[ColorButtonDialogeBack]</colordiffuse>
					</control>
					<control type="label">
						<left>18</left>
						<top>490</top>
						<height>45</height>
						<width>390</width>
						<label>$INFO[ListItem.Label]</label>
						<align>left</align>
						<aligny>center</aligny>
						<font>primal_15</font>
						<textcolor>$VAR[ColorFontNormal]</textcolor>
						<shadowcolor>$VAR[ColorFontShadow]</shadowcolor>
						<scroll>false</scroll>
					</control>
				</itemlayout>
				<focusedlayout width="425" height="250">
					<control type="image">
						<left>0</left>
						<top>300</top>
						<width>425</width>
						<height>240</height>
						<texture background="true">skin/button_klein.png</texture>
						<bordertexture border="10">ThumbShadow.png</bordertexture>
						<bordersize>6</bordersize>
						<aspectratio>stretch</aspectratio>
						<colordiffuse>$VAR[ColorButtonDialogeBack]</colordiffuse>
						<visible>!Control.HasFocus(8331)</visible>
					</control>
					<control type="image">
						<left>0</left>
						<top>300</top>
						<width>425</width>
						<height>240</height>
						<texture background="true">skin/button_klein.png</texture>
						<bordertexture border="10">ThumbShadow.png</bordertexture>
						<bordersize>7</bordersize>
						<aspectratio>stretch</aspectratio>
						<colordiffuse>$VAR[BackColorButton]</colordiffuse>
						<visible>Control.HasFocus(8331)</visible>
					</control>
					<control type="image">
						<left>5</left>
						<top>305</top>
						<width>415</width>
						<height>230</height>
						<texture background="true">$INFO[ListItem.Icon]</texture>
						<bordertexture border="10">ThumbShadow.png</bordertexture>
						<bordersize>6</bordersize>
						<aspectratio>scale</aspectratio>
					</control>
					<control type="image">
						<left>6</left>
						<top>490</top>
						<width>413</width>
						<height>45</height>
						<texture background="true">skin/button_klein_tranz90.png</texture>
						<aspectratio>stretch</aspectratio>
						<colordiffuse>$VAR[ColorButtonDialogeBack]</colordiffuse>
						<visible>!Control.HasFocus(8331)</visible>
					</control>
					<control type="image">
						<left>0</left>
						<top>60</top>
						<width>390</width>
						<height>225</height>
						<texture background="true">$INFO[ListItem.Icon]</texture>
						<bordertexture border="10">ThumbShadow.png</bordertexture>
						<bordersize>6</bordersize>
						<aspectratio align="left" aligny="top">stretch</aspectratio>
						<visible>Control.HasFocus(8331)</visible>
					</control>
					<control type="label">
						<left>18</left>
						<top>490</top>
						<height>45</height>
						<width>390</width>
						<label>$INFO[ListItem.Label]</label>
						<align>left</align>
						<aligny>center</aligny>
						<font>primal_15</font>
						<textcolor>$VAR[ColorFontNormal]</textcolor>
						<shadowcolor>$VAR[ColorFontShadow]</shadowcolor>
						<scroll>false</scroll>
						<visible>!Control.HasFocus(8331)</visible>
					</control>
					<control type="image">
						<left>1450</left>
						<top>60</top>
						<width>225</width>
						<height>225</height>
						<texture background="true">$INFO[ListItem.Property(headerpic)]</texture>
						<aspectratio align="left" aligny="top">keep</aspectratio>
						<visible>Control.HasFocus(8331)</visible>
					</control>
					<control type="label">
						<left>420</left>
						<top>60</top>
						<height>45</height>
						<width>990</width>
						<label>$INFO[ListItem.Label]</label>
						<align>left</align>
						<aligny>center</aligny>
						<font>primal_15_Title</font>
						<textcolor>$VAR[ColorFontNormal]</textcolor>
						<shadowcolor>$VAR[ColorFontShadow]</shadowcolor>
						<scroll>false</scroll>
						<visible>Control.HasFocus(8331)</visible>
					</control>
					<control type="label">
						<left>420</left>
						<top>90</top>
						<height>45</height>
						<width>990</width>
						<label>$INFO[ListItem.Label2]</label>
						<align>left</align>
						<aligny>center</aligny>
						<font>primal_13</font>
						<textcolor>$VAR[ColorFontNormal]</textcolor>
						<shadowcolor>$VAR[ColorFontShadow]</shadowcolor>
						<scroll>false</scroll>
						<visible>Control.HasFocus(8331)</visible>
					</control>
					<control type="textbox">
						<left>420</left>
						<top>140</top>
						<width>990</width>
						<height>95</height>
						<font>primal_16</font>
						<label>$INFO[ListItem.Property(desc)]</label>
						<align>left</align>
						<textcolor>$VAR[ColorFontNormal]</textcolor>
						<shadowcolor>$VAR[ColorFontShadow]</shadowcolor>
						<autoscroll time="2000" delay="3000" repeat="5000">Control.HasFocus(8331)</autoscroll>
						<visible>Control.HasFocus(8331)</visible>
					</control>
				</focusedlayout>
				<content>
					<item id="1">
						<label>$INFO[Window(Home).Property(LatestNews.0.Title)]</label>
						<thumb>$INFO[Window(Home).Property(LatestNews.0.Logo)]</thumb>
						<label2>$INFO[Window(Home).Property(LatestNews.0.Date)]</label2>
						<property name="desc">$INFO[Window(Home).Property(LatestNews.0.Desc)]</property>
						<property name="headerpic">$INFO[Window(Home).Property(LatestNews.0.HeaderPic)]</property>
						<onclick>-</onclick>
						<icon>$INFO[Window(Home).Property(LatestNews.0.Logo)]</icon>
						<visible>!String.IsEmpty(Window(Home).Property(LatestNews.0.Title))</visible>
						<actualicon>$INFO[Window(Home).Property(LatestNews.0.Logo)]</actualicon>
					</item>
					<item id="2">
						<label>$INFO[Window(Home).Property(LatestNews.1.Title)]</label>
						<thumb>$INFO[Window(Home).Property(LatestNews.1.Logo)]</thumb>
						<label2>$INFO[Window(Home).Property(LatestNews.1.Date)]</label2>
						<property name="desc">$INFO[Window(Home).Property(LatestNews.1.Desc)]</property>
						<property name="headerpic">$INFO[Window(Home).Property(LatestNews.1.HeaderPic)]</property>
						<onclick>-</onclick>
						<icon>$INFO[Window(Home).Property(LatestNews.1.Logo)]</icon>
						<visible>!String.IsEmpty(Window(Home).Property(LatestNews.1.Title))</visible>
						<actualicon>$INFO[Window(Home).Property(LatestNews.1.Logo)]</actualicon>
					</item>
					<item id="3">
						<label>$INFO[Window(Home).Property(LatestNews.2.Title)]</label>
						<thumb>$INFO[Window(Home).Property(LatestNews.2.Logo)]</thumb>
						<label2>$INFO[Window(Home).Property(LatestNews.2.Date)]</label2>
						<property name="desc">$INFO[Window(Home).Property(LatestNews.2.Desc)]</property>
						<property name="headerpic">$INFO[Window(Home).Property(LatestNews.2.HeaderPic)]</property>
						<onclick>-</onclick>
						<icon>$INFO[Window(Home).Property(LatestNews.2.Logo)]</icon>
						<visible>!String.IsEmpty(Window(Home).Property(LatestNews.2.Title))</visible>
						<actualicon>$INFO[Window(Home).Property(LatestNews.2.Logo)]</actualicon>
					</item>
					<item id="4">
						<label>$INFO[Window(Home).Property(LatestNews.3.Title)]</label>
						<thumb>$INFO[Window(Home).Property(LatestNews.3.Logo)]</thumb>
						<label2>$INFO[Window(Home).Property(LatestNews.3.Date)]</label2>
						<property name="desc">$INFO[Window(Home).Property(LatestNews.3.Desc)]</property>
						<property name="headerpic">$INFO[Window(Home).Property(LatestNews.3.HeaderPic)]</property>
						<onclick>-</onclick>
						<icon>$INFO[Window(Home).Property(LatestNews.3.Logo)]</icon>
						<visible>!String.IsEmpty(Window(Home).Property(LatestNews.3.Title))</visible>
						<actualicon>$INFO[Window(Home).Property(LatestNews.3.Logo)]</actualicon>
					</item>
					<item id="5">
						<label>$INFO[Window(Home).Property(LatestNews.4.Title)]</label>
						<thumb>$INFO[Window(Home).Property(LatestNews.4.Logo)]</thumb>
						<label2>$INFO[Window(Home).Property(LatestNews.4.Date)]</label2>
						<property name="desc">$INFO[Window(Home).Property(LatestNews.4.Desc)]</property>
						<property name="headerpic">$INFO[Window(Home).Property(LatestNews.4.HeaderPic)]</property>
						<onclick>-</onclick>
						<icon>$INFO[Window(Home).Property(LatestNews.4.Logo)]</icon>
						<visible>!String.IsEmpty(Window(Home).Property(LatestNews.4.Title))</visible>
						<actualicon>$INFO[Window(Home).Property(LatestNews.4.Logo)]</actualicon>
					</item>
					<item id="6">
						<label>$INFO[Window(Home).Property(LatestNews.5.Title)]</label>
						<thumb>$INFO[Window(Home).Property(LatestNews.5.Logo)]</thumb>
						<label2>$INFO[Window(Home).Property(LatestNews.5.Date)]</label2>
						<property name="desc">$INFO[Window(Home).Property(LatestNews.5.Desc)]</property>
						<property name="headerpic">$INFO[Window(Home).Property(LatestNews.5.HeaderPic)]</property>
						<onclick>-</onclick>
						<icon>$INFO[Window(Home).Property(LatestNews.5.Logo)]</icon>
						<visible>!String.IsEmpty(Window(Home).Property(LatestNews.5.Title))</visible>
						<actualicon>$INFO[Window(Home).Property(LatestNews.5.Logo)]</actualicon>
					</item>
					<item id="7">
						<label>$INFO[Window(Home).Property(LatestNews.6.Title)]</label>
						<thumb>$INFO[Window(Home).Property(LatestNews.6.Logo)]</thumb>
						<label2>$INFO[Window(Home).Property(LatestNews.6.Date)]</label2>
						<property name="desc">$INFO[Window(Home).Property(LatestNews.6.Desc)]</property>
						<property name="headerpic">$INFO[Window(Home).Property(LatestNews.6.HeaderPic)]</property>
						<onclick>-</onclick>
						<icon>$INFO[Window(Home).Property(LatestNews.6.Logo)]</icon>
						<visible>!String.IsEmpty(Window(Home).Property(LatestNews.6.Title))</visible>
						<actualicon>$INFO[Window(Home).Property(LatestNews.6.Logo)]</actualicon>
					</item>
					<item id="8">
						<label>$INFO[Window(Home).Property(LatestNews.7.Title)]</label>
						<thumb>$INFO[Window(Home).Property(LatestNews.7.Logo)]</thumb>
						<label2>$INFO[Window(Home).Property(LatestNews.7.Date)]</label2>
						<property name="desc">$INFO[Window(Home).Property(LatestNews.7.Desc)]</property>
						<property name="headerpic">$INFO[Window(Home).Property(LatestNews.7.HeaderPic)]</property>
						<onclick>-</onclick>
						<icon>$INFO[Window(Home).Property(LatestNews.7.Logo)]</icon>
						<visible>!String.IsEmpty(Window(Home).Property(LatestNews.7.Title))</visible>
						<actualicon>$INFO[Window(Home).Property(LatestNews.7.Logo)]</actualicon>
					</item>
					<item id="9">
						<label>$INFO[Window(Home).Property(LatestNews.8.Title)]</label>
						<thumb>$INFO[Window(Home).Property(LatestNews.8.Logo)]</thumb>
						<label2>$INFO[Window(Home).Property(LatestNews.8.Date)]</label2>
						<property name="desc">$INFO[Window(Home).Property(LatestNews.8.Desc)]</property>
						<property name="headerpic">$INFO[Window(Home).Property(LatestNews.8.HeaderPic)]</property>
						<onclick>-</onclick>
						<icon>$INFO[Window(Home).Property(LatestNews.8.Logo)]</icon>
						<visible>!String.IsEmpty(Window(Home).Property(LatestNews.8.Title))</visible>
						<actualicon>$INFO[Window(Home).Property(LatestNews.8.Logo)]</actualicon>
					</item>
					<item id="10">
						<label>$INFO[Window(Home).Property(LatestNews.9.Title)]</label>
						<thumb>$INFO[Window(Home).Property(LatestNews.9.Logo)]</thumb>
						<label2>$INFO[Window(Home).Property(LatestNews.9.Date)]</label2>
						<property name="desc">$INFO[Window(Home).Property(LatestNews.9.Desc)]</property>
						<property name="headerpic">$INFO[Window(Home).Property(LatestNews.9.HeaderPic)]</property>
						<onclick>-</onclick>
						<icon>$INFO[Window(Home).Property(LatestNews.9.Logo)]</icon>
						<visible>!String.IsEmpty(Window(Home).Property(LatestNews.9.Title))</visible>
						<actualicon>$INFO[Window(Home).Property(LatestNews.9.Logo)]</actualicon>
					</item>
				</content>
			</control>
		</control>
		<!--================================= WIDGETS YOUTUBE ==================================-->
		<control type="group">
			<visible>Container(9000).Hasfocus(17)</visible>
			<visible>Skin.HasSetting(widgetvideoyoutube)</visible>
			<include>Animation.ZoomIn</include>
			<include>widget_outzoom_submenu</include>
			<control type="wraplist" id="8317">
				<left>110</left>
				<top>130</top>
				<width>1700</width>
				<height>810</height>
				<onleft>8312</onleft>
				<onright>8312</onright>
				<onup>300007</onup>
				<ondown>9000</ondown>
				<viewtype>list</viewtype>
				<scrolltime tween="quadratic" easing="out">500</scrolltime>
				<focusposition>0</focusposition>
				<orientation>horizontal</orientation>
				<preloaditems>9</preloaditems>
				<itemlayout width="425" height="250">
					<control type="image">
						<left>0</left>
						<top>300</top>
						<width>425</width>
						<height>240</height>
						<texture background="true">skin/button_klein.png</texture>
						<bordertexture border="10">ThumbShadow.png</bordertexture>
						<bordersize>6</bordersize>
						<aspectratio>stretch</aspectratio>
						<colordiffuse>$VAR[ColorButtonDialogeBack]</colordiffuse>
					</control>
					<control type="image">
						<left>5</left>
						<top>305</top>
						<width>415</width>
						<height>230</height>
						<texture background="true">$INFO[ListItem.Icon]</texture>
						<bordertexture border="10">ThumbShadow.png</bordertexture>
						<bordersize>6</bordersize>
						<aspectratio align="left" aligny="top">stretch</aspectratio>
					</control>
					<control type="image">
						<left>6</left>
						<top>490</top>
						<width>413</width>
						<height>45</height>
						<texture background="true">skin/button_klein_tranz90.png</texture>
						<aspectratio>stretch</aspectratio>
						<colordiffuse>$VAR[ColorButtonDialogeBack]</colordiffuse>
					</control>
					<control type="label">
						<left>18</left>
						<top>490</top>
						<height>45</height>
						<width>390</width>
						<label>$INFO[ListItem.Label]</label>
						<align>left</align>
						<aligny>center</aligny>
						<font>primal_15</font>
						<textcolor>$VAR[ColorFontNormal]</textcolor>
						<shadowcolor>$VAR[ColorFontShadow]</shadowcolor>
						<scroll>false</scroll>
					</control>
				</itemlayout>
				<focusedlayout width="425" height="250">
					<control type="image">
						<left>0</left>
						<top>300</top>
						<width>425</width>
						<height>240</height>
						<texture background="true">skin/button_klein.png</texture>
						<bordertexture border="10">ThumbShadow.png</bordertexture>
						<bordersize>6</bordersize>
						<aspectratio>stretch</aspectratio>
						<colordiffuse>$VAR[ColorButtonDialogeBack]</colordiffuse>
						<visible>!Control.HasFocus(8317)</visible>
					</control>
					<control type="image">
						<left>0</left>
						<top>300</top>
						<width>425</width>
						<height>240</height>
						<texture background="true">skin/button_klein.png</texture>
						<bordertexture border="10">ThumbShadow.png</bordertexture>
						<bordersize>7</bordersize>
						<aspectratio>stretch</aspectratio>
						<colordiffuse>$VAR[BackColorButton]</colordiffuse>
						<visible>Control.HasFocus(8317)</visible>
					</control>
					<control type="image">
						<left>5</left>
						<top>305</top>
						<width>415</width>
						<height>230</height>
						<texture background="true">$INFO[ListItem.Icon]</texture>
						<bordertexture border="10">ThumbShadow.png</bordertexture>
						<bordersize>6</bordersize>
						<aspectratio align="left" aligny="top">stretch</aspectratio>
					</control>
					<control type="image">
						<left>6</left>
						<top>490</top>
						<width>413</width>
						<height>45</height>
						<texture background="true">skin/button_klein_tranz90.png</texture>
						<aspectratio>stretch</aspectratio>
						<colordiffuse>$VAR[ColorButtonDialogeBack]</colordiffuse>
						<visible>!Control.HasFocus(8317)</visible>
					</control>
					<control type="image">
						<left>0</left>
						<top>60</top>
						<width>390</width>
						<height>225</height>
						<texture background="true">$INFO[ListItem.Icon]</texture>
						<bordertexture border="10">ThumbShadow.png</bordertexture>
						<bordersize>6</bordersize>
						<aspectratio align="left" aligny="top">stretch</aspectratio>
						<visible>Control.HasFocus(8317)</visible>
					</control>
					<control type="label">
						<left>18</left>
						<top>490</top>
						<height>45</height>
						<width>390</width>
						<label>$INFO[ListItem.Label]</label>
						<align>left</align>
						<aligny>center</aligny>
						<font>primal_15</font>
						<textcolor>$VAR[ColorFontNormal]</textcolor>
						<shadowcolor>$VAR[ColorFontShadow]</shadowcolor>
						<scroll>false</scroll>
						<visible>!Control.HasFocus(8317)</visible>
					</control>
					<control type="image">
						<left>1450</left>
						<top>60</top>
						<width>225</width>
						<height>225</height>
						<texture background="true">default/youtube.png</texture>
						<aspectratio align="left" aligny="top">keep</aspectratio>
						<visible>Control.HasFocus(8317)</visible>
					</control>
					<control type="label">
						<left>420</left>
						<top>60</top>
						<height>45</height>
						<width>990</width>
						<label>$INFO[ListItem.Label]</label>
						<align>left</align>
						<aligny>center</aligny>
						<font>primal_15_Title</font>
						<textcolor>$VAR[ColorFontNormal]</textcolor>
						<shadowcolor>$VAR[ColorFontShadow]</shadowcolor>
						<scroll>false</scroll>
						<visible>Control.HasFocus(8317)</visible>
					</control>
					<control type="textbox">
						<left>420</left>
						<top>140</top>
						<width>990</width>
						<height>125</height>
						<font>primal_16</font>
						<align>justify</align>
						<shadowcolor>$VAR[ColorFontShadow]</shadowcolor>
						<label>[COLOR $VAR[ColorFontNormal]]$INFO[ListItem.Plot][/COLOR]</label>
						<autoscroll time="2000" delay="3000" repeat="5000">Control.HasFocus(8317)</autoscroll>
						<visible>Control.HasFocus(8317)</visible>
					</control>
				</focusedlayout>
				<content target="video">$VAR[HomeWidgetsYoutube]</content>
			</control>
		</control>
	</include>
</includes>
