<include name="View_9814_Muisc_View">

    <control type="group">
        <animation effect="zoom" end="83" center="2100,100" time="300" tween="cubic" easing="inout" condition="ControlGroup(9020).HasFocus">Conditional</animation>
        <visible>Control.IsVisible(9814)</visible>
        <!-- 백그라운드 아이콘 이미지 -->
        <control type="image">
            <left>800</left>
            <top>-400</top>
            <width>1200</width>
            <align>left</align>
            <texture diffuse="special://skin/backgrounds/overray_fanart.png">$INFO[ListItem.Icon]</texture>
            <aspectratio>keep</aspectratio>
            <visible>Container.Content(Episodes)</visible>
            <visible>!String.IsEqual(ListItem.label,..)</visible>
        </control>

        <control type="image">
            <left>300</left>
            <top>-100</top>
            <width>1920</width>
            <hight>1200</hight>
            <align>left</align>
            <texture diffuse="special://skin/backgrounds/overray_fanart.png">special://skin/backgrounds/destiny_background.jpg</texture>
            <aspectratio>keep</aspectratio>
            <visible>Container.Content(Episodes)</visible>
            <visible>String.IsEqual(ListItem.label,..)</visible>
        </control>


        <control type="list" id="9814">

            <left>200</left>
            <top>100</top>
            <width>1675</width>
            <height>900</height>
            <visible>Control.IsVisible(9814)</visible>
            <!-- <onright condition="String.IsEmpty(Container(901).ListItem.label)">905</onright> -->
            <onright>98141</onright>
            <ondown>9814</ondown>
            <onleft>9020</onleft>
            <!-- <onup>903</onup> -->
            <!-- <ondown>setfocus(9001)</ondown> -->
            <preloaditems>3</preloaditems>
            <!-- <viewtype label="View_901_Ep_View">list</viewtype> -->
            <scrolltime tween="Quadratic" easing="out">500</scrolltime>
            <focusposition>0</focusposition>
            <orientation>vertical</orientation>
            <movement>1</movement>
            <pagecontrol>9120</pagecontrol>

            <itemlayout height="180" width="180">
                <control type="image">
                    <top>0</top>
                    <width>180</width>
                    <height>180</height>
                    <texture background="true">$INFO[ListItem.icon]</texture>
                    <bordertexture border="10">ThumbShadow.png</bordertexture>
                    <bordersize>6</bordersize>
                    <aspectratio align="center" aligny="top">stretch</aspectratio>
                    <visible>!String.IsEqual(ListItem.label,..)</visible>
                </control>
                <control type="label">
                    <left>230</left>
                    <top>10</top>
                    <width>800</width>
                    <height>60</height>
                    <font>primal_20_Bold</font>
                    <textcolor>$VAR[ColorFontNormal]</textcolor>
                    <shadowcolor>$VAR[ColorFontShadow]</shadowcolor>
                    <selectedcolor>$VAR[ColorFontSelected]</selectedcolor>
                    <align>left</align>
                    <aligny>center</aligny>
                    <label>$INFO[ListItem.Label]</label>
                </control>
                <control type="label">
                    <left>230</left>
                    <top>50</top>
                    <width>800</width>
                    <height>60</height>
                    <font>primal_20_Bold</font>
                    <textcolor>$VAR[ColorFontNormal]</textcolor>
                    <shadowcolor>$VAR[ColorFontShadow]</shadowcolor>
                    <selectedcolor>$VAR[ColorFontSelected]</selectedcolor>
                    <align>left</align>
                    <aligny>center</aligny>
                    <label>$INFO[ListItem.AlbumArtist]</label>
                </control>
                <control type="label">
                    <left>230</left>
                    <top>100</top>
                    <width>800</width>
                    <height>60</height>
                    <font>primal_20_Bold</font>
                    <textcolor>$VAR[ColorFontNormal]</textcolor>
                    <shadowcolor>$VAR[ColorFontShadow]</shadowcolor>
                    <selectedcolor>$VAR[ColorFontSelected]</selectedcolor>
                    <align>left</align>
                    <aligny>center</aligny>
                    <label>$INFO[ListItem.Year]</label>
                </control>
            </itemlayout>
            <focusedlayout height="180" width="180">
                <control type="group">
                    <!-- <animation type="Focus">
                        <effect type="zoom" time="150" start="95" end="100" center="245,260" />
                    </animation> -->
                    <control type="image">
                        <top>-5</top>
                        <left>-5</left>
                        <width>190</width>
                        <height>190</height>
                        <texture background="true">skin/button_klein.png</texture>
                        <bordertexture border="10">ThumbShadow.png</bordertexture>
                        <bordersize>6</bordersize>
                        <colordiffuse>$VAR[BackColorButton]</colordiffuse>
                    </control>
                    <control type="image">
                        <!-- <left>-1</left> -->
                        <top>0</top>
                        <width>180</width>
                        <height>180</height>
                        <texture background="true">$INFO[ListItem.icon]</texture>
                        <bordertexture border="10">ThumbShadow.png</bordertexture>
                        <bordersize>6</bordersize>
                        <aspectratio align="center" aligny="top">stretch</aspectratio>
                        <visible>!String.IsEqual(ListItem.label,..)</visible>
                    </control>
                    <control type="label">
                        <left>230</left>
                        <top>10</top>
                        <width>800</width>
                        <height>60</height>
                        <font>primal_20_Bold</font>
                        <textcolor>$VAR[ColorFontNormal]</textcolor>
                        <shadowcolor>$VAR[ColorFontShadow]</shadowcolor>
                        <selectedcolor>$VAR[ColorFontSelected]</selectedcolor>
                        <align>left</align>
                        <aligny>center</aligny>
                        <label>$INFO[ListItem.Label]</label>
                    </control>
                    <control type="label">
                        <left>230</left>
                        <top>50</top>
                        <width>800</width>
                        <height>60</height>
                        <font>primal_20_Bold</font>
                        <textcolor>$VAR[ColorFontNormal]</textcolor>
                        <shadowcolor>$VAR[ColorFontShadow]</shadowcolor>
                        <selectedcolor>$VAR[ColorFontSelected]</selectedcolor>
                        <align>left</align>
                        <aligny>center</aligny>
                        <label>$INFO[ListItem.AlbumArtist]</label>
                    </control>
                    <control type="label">
                        <left>230</left>
                        <top>100</top>
                        <width>800</width>
                        <height>60</height>
                        <font>primal_20_Bold</font>
                        <textcolor>$VAR[ColorFontNormal]</textcolor>
                        <shadowcolor>$VAR[ColorFontShadow]</shadowcolor>
                        <selectedcolor>$VAR[ColorFontSelected]</selectedcolor>
                        <align>left</align>
                        <aligny>center</aligny>
                        <label>$INFO[ListItem.Year]</label>
                    </control>
                </control>
            </focusedlayout>
            <content>$VAR[music_album_recently_added]</content>
        </control>
        <!-- <control type="panel" id="9824">

            <left>200</left>
            <top>550</top>
            <width>1600</width>
            <height>300</height>
            <onup>9814</onup>
            <ondown>9834</ondown>
            <onright>9824</onright>
            <onleft>9020</onleft>
            <preloaditems>3</preloaditems>
            <scrolltime tween="Quadratic" easing="out">500</scrolltime>
            <focusposition>0</focusposition>
            <orientation>horizontal</orientation>
            <movement>1</movement>
            <pagecontrol>9130</pagecontrol>

            <itemlayout height="180" width="180">
                <control type="image">
                    <top>0</top>
                    <width>180</width>
                    <height>180</height>
                    <texture background="true">$INFO[ListItem.icon]</texture>
                    <bordertexture border="10">ThumbShadow.png</bordertexture>
                    <bordersize>6</bordersize>
                    <aspectratio align="center" aligny="top">stretch</aspectratio>
                    <visible>!String.IsEqual(ListItem.label,..)</visible>
                </control>
            </itemlayout>
            <focusedlayout height="180" width="180">
                <control type="group">
                    <control type="image">
                        <top>-5</top>
                        <left>-5</left>
                        <width>180</width>
                        <height>180</height>
                        <texture background="true">skin/button_klein.png</texture>
                        <bordertexture border="10">ThumbShadow.png</bordertexture>
                        <bordersize>6</bordersize>
                        <colordiffuse>$VAR[BackColorButton]</colordiffuse>
                    </control>
                    <control type="image">
                        <top>0</top>
                        <width>180</width>
                        <height>180</height>
                        <texture background="true">$INFO[ListItem.icon]</texture>
                        <bordertexture border="10">ThumbShadow.png</bordertexture>
                        <bordersize>6</bordersize>
                        <aspectratio align="center" aligny="top">stretch</aspectratio>
                        <visible>!String.IsEqual(ListItem.label,..)</visible>
                    </control>


                </control>
            </focusedlayout>
            <content>$VAR[music_album_recently_added]</content>
        </control> -->
        <!-- <control type="panel" id="9834">

            <left>200</left>
            <top>800</top>
            <width>1600</width>
            <height>300</height>
            <onup>9824</onup>
            <onright>9834</onright>
            <onleft>9020</onleft>
            <preloaditems>3</preloaditems>
            <scrolltime tween="Quadratic" easing="out">500</scrolltime>
            <focusposition>0</focusposition>
            <orientation>horizontal</orientation>
            <movement>1</movement>

            <itemlayout height="180" width="180">
                <control type="image">
                    <top>0</top>
                    <width>180</width>
                    <height>180</height>
                    <texture background="true">$INFO[ListItem.icon]</texture>
                    <bordertexture border="10">ThumbShadow.png</bordertexture>
                    <bordersize>6</bordersize>
                    <aspectratio align="center" aligny="top">stretch</aspectratio>
                    <visible>!String.IsEqual(ListItem.label,..)</visible>
                </control>
            </itemlayout>
            <focusedlayout height="180" width="180">
                <control type="group">
                    <control type="image">
                        <top>-5</top>
                        <left>-5</left>
                        <width>180</width>
                        <height>180</height>
                        <texture background="true">skin/button_klein.png</texture>
                        <bordertexture border="10">ThumbShadow.png</bordertexture>
                        <bordersize>6</bordersize>
                        <colordiffuse>$VAR[BackColorButton]</colordiffuse>
                    </control>
                    <control type="image">
                        <top>0</top>
                        <width>180</width>
                        <height>180</height>
                        <texture background="true">$INFO[ListItem.icon]</texture>
                        <bordertexture border="10">ThumbShadow.png</bordertexture>
                        <bordersize>6</bordersize>
                        <aspectratio align="center" aligny="top">stretch</aspectratio>
                        <visible>!String.IsEqual(ListItem.label,..)</visible>
                    </control>


                </control>
            </focusedlayout>
            <content>$VAR[music_album_random]</content>
        </control> -->

    </control>

    <control type="group">
        <control type="list" id="98141">

            <!-- <visible>Control.IsVisible(9814)</visible> -->
            <left>1200</left>
            <top>100</top>
            <width>700</width>
            <height>1500</height>
            <onup>9814</onup>
            <onright>98141</onright>
            <onleft>9814</onleft>
            <preloaditems>3</preloaditems>
            <scrolltime tween="Quadratic" easing="out">500</scrolltime>
            <focusposition>0</focusposition>
            <orientation>vertical</orientation>
            <movement>1</movement>
            <pagecontrol>9120</pagecontrol>

            <!-- <control type="image">
                <description>background image</description>
                <left>380</left>
                <top>900</top>
                <width>520</width>
                <height>118</height>
                <texture background="true">skin/button_klein.png</texture>
                <bordertexture border="10">ThumbShadow.png</bordertexture>
                <bordersize>7</bordersize>
                <colordiffuse>$VAR[ColorButtonDialogeBack]</colordiffuse>
                <visible>!Container.Content(Sets)</visible>
            </control> -->

            <focusedlayout height="76" width="600">
                <control type="group">
                    <control type="image">
                        <left>1</left>
                        <top>0</top>
                        <width>1360</width>
                        <height>1000</height>
                        <texture background="true">skin/button_klein_tranz80.png</texture>

                        <bordertexture border="10">ThumbShadow.png</bordertexture>
                        <bordersize>7</bordersize>
                        <colordiffuse>$VAR[BackColorButton]</colordiffuse>

                        <!-- <colordiffuse>$VAR[BackColorButton]</colordiffuse> -->
                        <visible>Control.IsVisible(98141)</visible>
                    </control>
                    <!-- <control type="image">
                        <left>1</left>
                        <top>0</top>
                        <width>5</width>
                        <height>75</height>
                        <texture background="true">skin/button_klein_tranz80.png</texture>
                        <colordiffuse>$VAR[BackColorButton]</colordiffuse>
                        <visible>Control.IsVisible(98141)</visible>
                    </control> -->
                    <control type="image">
                        <left>0</left>
                        <top>0</top>
                        <width>1360</width>
                        <height>1</height>
                        <texture background="true">default/separator.png</texture>
                        <visible>Control.IsVisible(98141)</visible>
                    </control>
                    <control type="label">
                        <left>30</left>
                        <top>10</top>
                        <width>800</width>
                        <height>60</height>
                        <font>primal_20_Bold</font>
                        <textcolor>$VAR[ColorFontNormal]</textcolor>
                        <shadowcolor>$VAR[ColorFontShadow]</shadowcolor>
                        <selectedcolor>$VAR[ColorFontSelected]</selectedcolor>
                        <align>left</align>
                        <aligny>center</aligny>
                        <label>$INFO[ListItem.Label]</label>
                    </control>
                    <control type="label">
                        <left>750</left>
                        <top>10</top>
                        <width>800</width>
                        <height>60</height>
                        <font>primal_20_Bold</font>
                        <textcolor>$VAR[ColorFontNormal]</textcolor>
                        <shadowcolor>$VAR[ColorFontShadow]</shadowcolor>
                        <selectedcolor>$VAR[ColorFontSelected]</selectedcolor>
                        <align>right</align>
                        <aligny>center</aligny>
                        <label>$INFO[ListItem.Label2]</label>
                    </control>
                    <control type="image">
                        <left>1095</left>
                        <top>16</top>
                        <width>40</width>
                        <height>40</height>
                        <texture>Overlayicons/views/$INFO[ListItem.Overlay]</texture>
                        <colordiffuse>$VAR[ColorIcons]</colordiffuse>
                        <visible>Control.IsVisible(98141) + !ListItem.IsResumable</visible>
                    </control>
                    <control type="image">
                        <left>1095</left>
                        <top>16</top>
                        <width>40</width>
                        <height>40</height>
                        <texture>overlayicons/views/resume.png</texture>
                        <colordiffuse>$VAR[ColorIcons]</colordiffuse>
                        <visible>Control.IsVisible(98141) + ListItem.IsResumable</visible>
                    </control>
                    <!-- <control type="button">
                        <visible allowhiddenfocus="true">false</visible>
                        <onfocus condition="Player.Playing">ActivateWindow(2006)</onfocus>
                    </control> -->


                </control>
            </focusedlayout>

            <itemlayout height="76" width="600">
                <control type="image">
                    <left>0</left>
                    <top>0</top>
                    <width>500</width>
                    <height>11</height>
                    <texture background="true">default/separator.png</texture>
                    <visible>Control.IsVisible(98141)</visible>
                </control>
                <control type="label">
                    <left>30</left>
                    <top>10</top>
                    <width>800</width>
                    <height>60</height>
                    <font>primal_20_Bold</font>
                    <textcolor>$VAR[ColorFontNormal]</textcolor>
                    <shadowcolor>$VAR[ColorFontShadow]</shadowcolor>
                    <selectedcolor>$VAR[ColorFontSelected]</selectedcolor>
                    <align>left</align>
                    <aligny>center</aligny>
                    <label>$INFO[ListItem.Label]</label>
                </control>
                <control type="label">
                    <left>750</left>
                    <top>10</top>
                    <width>300</width>
                    <height>60</height>
                    <font>primal_20_Bold</font>
                    <textcolor>$VAR[ColorFontNormal]</textcolor>
                    <shadowcolor>$VAR[ColorFontShadow]</shadowcolor>
                    <selectedcolor>$VAR[ColorFontSelected]</selectedcolor>
                    <align>right</align>
                    <aligny>center</aligny>
                    <label>$INFO[ListItem.Label2]</label>
                    <animation effect="slide" start="0,0" end="30,0" delay="0" time="0" condition="[Window.IsVisible(VideoLibrary) | Window.IsVisible(VideoFiles)]">conditional</animation>
                </control>
                <control type="image">
                    <left>1095</left>
                    <top>16</top>
                    <width>40</width>
                    <height>40</height>
                    <texture>Overlayicons/views/$INFO[ListItem.Overlay]</texture>
                    <colordiffuse>$VAR[ColorIcons]</colordiffuse>
                    <visible>Control.IsVisible(98141) + !ListItem.IsResumable</visible>
                </control>
                <control type="image">
                    <left>1095</left>
                    <top>16</top>
                    <width>40</width>
                    <height>40</height>
                    <texture>overlayicons/views/resume.png</texture>
                    <colordiffuse>$VAR[ColorIcons]</colordiffuse>
                    <visible>Control.IsVisible(98141) + ListItem.IsResumable</visible>
                </control>
            </itemlayout>

            <!-- <content target="music" limit="1">$VAR[InProgressMusic]</content> -->
            <content target="music">$INFO[Container(9814).ListItem.DBID,musicdb://albums/]</content>
        </control>


    </control>

</include>