﻿<?xml version="1.0" encoding="UTF-8"?>
<window id="133">
  <defaultcontrol></defaultcontrol>
	<animation effect="slide" start="0,-105" end="0,0" time="100">WindowOpen</animation>
	<animation effect="slide" start="0,0" end="0,-105" delay="400" time="100">WindowClose</animation>
	<controls>
		<control type="group">
			<left>30</left>
			<top>150r</top>
			<animation effect="slide" end="0,-120" time="200" condition="Window.IsVisible(FullscreenVideo) | Window.IsVisible(Visualisation)">conditional</animation>
			<control type="image">
				<left>0</left>
				<top>-15</top>
				<width>600</width>
				<height>135</height>
				<texture>InfoMessagePanel3.png</texture>
				<visible>!VideoPlayer.IsFullscreen</visible>
			</control>
			<control type="label" id="401">
				<description>Caption Label</description>
				<left>22</left>
				<top>6</top>
				<width>555</width>
				<height>27</height>
				<font>primal_16_Bold</font>
				<textcolor>selected</textcolor>
				<align>left</align>
				<aligny>center</aligny>
				<visible>!VideoPlayer.IsFullscreen</visible>
			</control>
			<control type="label" id="405">
				<description>Current Directory Label</description>
				<left>22</left>
				<top>38</top>
				<width>555</width>
				<height>30</height>
				<font>primal_16</font>
				<align>left</align>
				<aligny>center</aligny>
				<visible>!VideoPlayer.IsFullscreen</visible>
			</control>
			<control type="progress" id="403">
				<description>progress control</description>
				<left>22</left>
				<top>72</top>
				<width>555</width>
				<height>27</height>
				<visible>!VideoPlayer.IsFullscreen</visible>
			</control>
			<control type="progress" id="404">
				<description>progress control</description>
				<left>22</left>
				<top>72</top>
				<width>555</width>
				<height>27</height>
				<visible>!VideoPlayer.IsFullscreen</visible>
			</control>
		</control>
	</controls>
</window>