﻿<?xml version="1.0" encoding="UTF-8"?>
<window type="dialog" id="2901">
	<defaultcontrol always="true">1630</defaultcontrol>


	<controls>
		<include>BigInfosTime</include>
		<include>CommonHomeButton</include>
		<include>HomePlaying</include>

		<control type="image">
			<width>100%</width>
			<height>100%</height>
			<texture background="true" border="15">special://skin/media/new_video_osd/vignette.png</texture>
			<colordiffuse>cc000000</colordiffuse>
		</control>


		<control type="group">


			<control type="label">
				<top>200</top>
				<left>100</left>
				<width>250</width>
				<height>38</height>
				<font>primal_16_Bold</font>
				<textcolor>$VAR[ColorFontNormal]</textcolor>
				<shadowcolor>$VAR[ColorFontShadow]</shadowcolor>
				<label>홈 화면으로</label>
				<visible>Control.HasFocus(1700)</visible>
			</control>
			<control type="label">
				<top>200</top>
				<left>100</left>
				<width>250</width>
				<height>38</height>
				<font>primal_16_Bold</font>
				<textcolor>$VAR[ColorFontNormal]</textcolor>
				<shadowcolor>$VAR[ColorFontShadow]</shadowcolor>
				<label>처음부터 재생</label>
				<visible>Control.HasFocus(1710)</visible>
			</control>
			<control type="label">
				<top>200</top>
				<left>100</left>
				<width>250</width>
				<height>38</height>
				<font>primal_16_Bold</font>
				<textcolor>$VAR[ColorFontNormal]</textcolor>
				<shadowcolor>$VAR[ColorFontShadow]</shadowcolor>
				<label>다음 에피소드 재생</label>
				<visible>Control.HasFocus(1720)</visible>
			</control>
			<control type="label">
				<top>200</top>
				<left>100</left>
				<width>250</width>
				<height>38</height>
				<font>primal_16_Bold</font>
				<textcolor>$VAR[ColorFontNormal]</textcolor>
				<shadowcolor>$VAR[ColorFontShadow]</shadowcolor>
				<label>옵션</label>
				<visible>Control.HasFocus(1730)</visible>
			</control>


			<control type="grouplist" id="100">
				<top>100</top>
				<left>100</left>
				<orientation>horizontal</orientation>
				<width>1800</width>
				<height>120</height>
				<itemgap>50</itemgap>


				<control type="button" id="1700">
					<width>64</width>
					<height>64</height>
					<aspectratio>keep</aspectratio>
					<texturefocus colordiffuse="$VAR[BackColorButton]">special://skin/media/new_video_osd/back_osd.png</texturefocus>
					<texturenofocus colordiffuse="ffffffff">special://skin/media/new_video_osd/back_osd.png</texturenofocus>
					<onclick>PlayerControl(Stop)</onclick>
				</control>
				<control type="button" id="1710">
					<ondown>1630</ondown>
					<width>64</width>
					<height>64</height>
					<aspectratio>keep</aspectratio>
					<texturefocus colordiffuse="$VAR[BackColorButton]">special://skin/media/new_video_osd/rewind_osd.png</texturefocus>
					<texturenofocus colordiffuse="ffffffff">special://skin/media/new_video_osd/rewind_osd.png</texturenofocus>
					<onclick>seek(-298800)</onclick>
					<onclick condition="Player.Paused">PlayerControl(Play)</onclick>
				</control>
				<control type="button" id="1720">
					<width>64</width>
					<height>64</height>
					<aspectratio>keep</aspectratio>
					<texturefocus colordiffuse="$VAR[BackColorButton]">special://skin/media/new_video_osd/next_osd.png</texturefocus>
					<texturenofocus colordiffuse="ffffffff">special://skin/media/new_video_osd/next_osd.png</texturenofocus>
					<onclick>back</onclick>
				</control>


				<!-- 추가버튼 활성화 -->
				<control type="togglebutton" id="1730">
					<top>10</top>
					<width>48</width>
					<height>48</height>
					<aspectratio>keep</aspectratio>
					<texturefocus colordiffuse="$VAR[BackColorButton]">special://skin/media/new_video_osd/less.png</texturefocus>
					<texturenofocus colordiffuse="$VAR[ColorIcons]">special://skin/media/new_video_osd/less.png</texturenofocus>
					<usealttexture>!Skin.HasSetting(displaymorebuttons)</usealttexture>
					<alttexturefocus colordiffuse="$VAR[BackColorButton]">special://skin/media/new_video_osd/more.png</alttexturefocus>
					<alttexturenofocus colordiffuse="$VAR[ColorIcons]">special://skin/media/new_video_osd/more.png</alttexturenofocus>
					<onclick>Skin.ToggleSetting(displaymorebuttons)</onclick>
					<ondown>1740</ondown>

				</control>


			</control>

			<control type="grouplist">

				<top>190</top>
				<left>440</left>
				<left></left>
				<width>1800</width>
				<height>120</height>
				<itemgap>25</itemgap>
				<orientation>horizontal</orientation>
				<onup>1730</onup>


				<control type="button" id="1740">
					<width>48</width>
					<height>48</height>
					<aspectratio>keep</aspectratio>
					<texturefocus colordiffuse="$VAR[BackColorButton]">special://skin/media/new_video_osd/rew.png</texturefocus>
					<texturenofocus colordiffuse="$VAR[ColorIcons]">special://skin/media/new_video_osd/rew.png</texturenofocus>
					<visible>Skin.HasSetting(displaymorebuttons)</visible>
					<onclick>PlayerControl(Rewind)</onclick>
				</control>

				<control type="button" id="1750">
					<width>48</width>
					<height>48</height>
					<aspectratio>keep</aspectratio>
					<texturefocus colordiffuse="$VAR[BackColorButton]">special://skin/media/new_video_osd/skipback.png</texturefocus>
					<texturenofocus colordiffuse="$VAR[ColorIcons]">special://skin/media/new_video_osd/skipback.png</texturenofocus>
					<visible>Skin.HasSetting(displaymorebuttons)</visible>
					<onclick>Seek(-30)</onclick>

				</control>

				<control type="button" id="1760">
					<width>48</width>
					<height>48</height>
					<aspectratio>keep</aspectratio>
					<texturefocus colordiffuse="$VAR[BackColorButton]">special://skin/media/new_video_osd/skipgo.png</texturefocus>
					<texturenofocus colordiffuse="$VAR[ColorIcons]">special://skin/media/new_video_osd/skipgo.png</texturenofocus>
					<visible>Skin.HasSetting(displaymorebuttons)</visible>
					<onclick>Seek(30)</onclick>

				</control>

				<control type="button" id="1770">
					<width>48</width>
					<height>48</height>
					<aspectratio>keep</aspectratio>
					<texturefocus colordiffuse="$VAR[BackColorButton]">special://skin/media/new_video_osd/ff.png</texturefocus>
					<texturenofocus colordiffuse="$VAR[ColorIcons]">special://skin/media/new_video_osd/ff.png</texturenofocus>
					<visible>Skin.HasSetting(displaymorebuttons)</visible>
					<onclick>PlayerControl(Forward)</onclick>
				</control>

				<control type="button" id="1780" description="PlaySpeedUp">
					<width>48</width>
					<height>48</height>
					<aspectratio>keep</aspectratio>
					<texturefocus colordiffuse="$VAR[BackColorButton]">special://skin/media/new_video_osd/tempoup.png</texturefocus>
					<texturenofocus colordiffuse="$VAR[ColorIcons]">special://skin/media/new_video_osd/tempoup.png</texturenofocus>
					<visible>Skin.HasSetting(displaymorebuttons)</visible>
					<onclick>PlayerControl(tempoup)</onclick>

					<!-- <visible>Player.TempoEnabled</visible> -->
				</control>

				<control type="button" id="1790" description="PlaySpeedDown">
					<width>48</width>
					<height>48</height>
					<aspectratio>keep</aspectratio>
					<texturefocus colordiffuse="$VAR[BackColorButton]">special://skin/media/new_video_osd/tempodown.png</texturefocus>
					<texturenofocus colordiffuse="$VAR[ColorIcons]">special://skin/media/new_video_osd/tempodown.png</texturenofocus>
					<visible>Skin.HasSetting(displaymorebuttons)</visible>
					<onclick>PlayerControl(tempodown)</onclick>

					<!-- <visible>Player.TempoEnabled</visible> -->
				</control>

				<!-- <control type="togglebutton" id="1620" description="ShowSubtitles">
					<width>48</width>
					<height>48</height>
					<aspectratio>keep</aspectratio>
				
					<onclick>ShowSubtitles</onclick>
					<selected>VideoPlayer.SubtitlesEnabled</selected>
					<visible>VideoPlayer.HasSubtitles</visible>
					<texturefocus>osd/suboff.png</texturefocus>
					<texturenofocus colordiffuse="$VAR[ColorIcons]">osd/suboff.png</texturenofocus>
					<alttexturefocus>osd/subon.png</alttexturefocus>
					<alttexturenofocus colordiffuse="$VAR[ColorIcons]">osd/subon.png</alttexturenofocus>
					<pulseonselect>false</pulseonselect>
					<onclick>back</onclick>
				</control> -->

				<control type="button" id="1800">
					<width>48</width>
					<height>48</height>
					<aspectratio>keep</aspectratio>
					<texturefocus colordiffuse="$VAR[BackColorButton]">special://skin/media/new_video_osd/subtitle.png</texturefocus>
					<texturenofocus colordiffuse="$VAR[ColorIcons]">special://skin/media/new_video_osd/subtitle.png</texturenofocus>

					<visible>Skin.HasSetting(displaymorebuttons)</visible>
					<onclick>ActivateWindow(osdsubtitlesettings)</onclick>
					<!-- <onclick>back</onclick> -->
				</control>
				<!-- <control type="button" id="1810">
					<width>48</width>
					<height>48</height>
					<aspectratio>keep</aspectratio>
					<texturefocus colordiffuse="$VAR[BackColorButton]">special://skin/media/new_video_osd/subsync1.png</texturefocus>
					<texturenofocus colordiffuse="$VAR[ColorIcons]">special://skin/media/new_video_osd/subsync1.png</texturenofocus>
					<visible>VideoPlayer.HasSubtitles</visible>
					<visible>Skin.HasSetting(displaymorebuttons)</visible>
					<onclick>Action(SubtitleDelay)</onclick>
					<onclick>back</onclick>

				</control> -->
				<control type="button" id="1820">
					<width>48</width>
					<height>48</height>
					<aspectratio>keep</aspectratio>
					<texturefocus colordiffuse="$VAR[BackColorButton]">special://skin/media/new_video_osd/audio.png</texturefocus>
					<texturenofocus colordiffuse="$VAR[ColorIcons]">special://skin/media/new_video_osd/audio.png</texturenofocus>
					<visible>Skin.HasSetting(displaymorebuttons)</visible>
					<onclick>ActivateWindow(124)</onclick>
					<!-- <onclick>back</onclick> -->
				</control>
				<control type="button" id="1830">
					<width>48</width>
					<height>48</height>
					<aspectratio>keep</aspectratio>
					<texturefocus colordiffuse="$VAR[BackColorButton]">special://skin/media/new_video_osd/video.png</texturefocus>
					<texturenofocus colordiffuse="$VAR[ColorIcons]">special://skin/media/new_video_osd/video.png</texturenofocus>
					<visible>Skin.HasSetting(displaymorebuttons)</visible>

					<onclick>ActivateWindow(123)</onclick>
					<!-- <onclick>back</onclick> -->
				</control>
				<control type="button" id="1840">

					<width>48</width>
					<height>48</height>
					<aspectratio>keep</aspectratio>
					<texturefocus colordiffuse="$VAR[BackColorButton]">special://skin/media/new_video_osd/info.png</texturefocus>
					<texturenofocus colordiffuse="$VAR[ColorIcons]">special://skin/media/new_video_osd/info.png</texturenofocus>

					<visible>Skin.HasSetting(displaymorebuttons)</visible>
					<onclick>ActivateWindow(5555)</onclick>
					<!-- <onclick>back</onclick> -->
				</control>
			</control>


			<control type="grouplist" id="200">


				<onup>1710</onup>
				<onleft condition="!Player.SeekEnabled">noop</onleft>
				<onleft condition="Player.SeekEnabled + Player.Paused">PlayerControl(Play)</onleft>
				<onleft condition="Player.SeekEnabled">back</onleft>
				<onright condition="!Player.SeekEnabled">noop</onright>
				<onright condition="Player.SeekEnabled + Player.Paused">PlayerControl(Play)</onright>
				<onright condition="Player.SeekEnabled">back</onright>

				<top>945</top>
				<left>190</left>
				<control type="togglebutton" id="1630">

					<width>32</width>
					<height>32</height>
					<aspectratio>keep</aspectratio>
					<texturefocus colordiffuse="$VAR[BackColorButton]">special://skin/media/new_video_osd/pause_osd.png</texturefocus>
					<texturenofocus colordiffuse="$VAR[ColorIcons]">special://skin/media/new_video_osd/pause_osd.png</texturenofocus>
					<usealttexture>Player.Paused | Player.Forwarding | Player.Rewinding</usealttexture>
					<alttexturefocus colordiffuse="$VAR[BackColorButton]">special://skin/media/new_video_osd/play_osd.png</alttexturefocus>
					<alttexturenofocus colordiffuse="$VAR[ColorIcons]">special://skin/media/new_video_osd/play_osd.png</alttexturenofocus>
					<onclick>PlayerControl(Play)</onclick>
				</control>
			</control>
		</control>
		<control type="group">
			<!-- <control type="group">
				<include>seekbar</include>
			</control> -->


			<!-- <control type="progress" id="23">
				<left>500</left>
				<top>935</top>
				<width>1000</width>
				<height>7</height>
				<info>Player.ProgressCache</info>
				<visible>true</visible>
			</control>

			<control type="slider" id="401">
				<left>500</left>
				<top>935</top>
				<width>1000</width>
				<height>7</height>
				<reveal>true</reveal>
				<texturesliderbar>progress/bg.png</texturesliderbar>
				<textureslidernib colordiffuse="$VAR[ColorIcons]">button/scrollbarpoint.png</textureslidernib>
				<textureslidernibfocus colordiffuse="$VAR[ColorFontNormal]">button/scrollbarpoint.png</textureslidernibfocus>
				<textureslidernibfocus colordiffuse="$VAR[ColorFontNormal]">button/redbg.png</textureslidernibfocus>

			</control> -->


			<control type="button">
				<description>background close area</description>
				<left>0</left>
				<top>0</top>
				<width>100%</width>
				<bottom>280</bottom>
				<texturefocus />
				<texturenofocus />
				<onclick>Action(close)</onclick>
			</control>

			<control type="image">
				<left>90</left>
				<top>300</top>
				<width>450</width>
				<height>550</height>
				<aligny>top</aligny>
				<aspectratio align="left">keep</aspectratio>
				<fadetime>300</fadetime>
				<texture background="true">$INFO[Player.Art(poster)]</texture>
				<visible>!Skin.HasSetting(show_discart) + !Window.IsVisible(MusicVisualisation.xml)</visible>
				<visible>!VideoPlayer.Content(musicvideos)</visible>
			</control>


			<control type="label">

				<top>100</top>
				<left>1350</left>
				<align>left</align>
				<label>$INFO[VideoPlayer.Title]</label>
				<textcolor>ffffffff</textcolor>
				<font>primal_50_Title</font>
			</control>

			<!-- <control type="image">
				<top>105</top>
				<left>1270</left>
				<include>mediaflags_large_layout</include>
				<texture fallback="special://skin/flags/flags_large/mpaa/nr.png">$VAR[mediaflags_large_rating_widgets_videofullscreen]</texture>
				<visible>!String.IsEmpty($INFO[VideoPlayer.MPAA]),nr.png)</visible>
			</control> -->

			<control type="grouplist">
				<description>Media Codec Flagging Images</description>
				<top>165</top>
				<left>1335</left>
				<width>1000</width>
				<itemgap>1</itemgap>
				<orientation>horizontal</orientation>
				<include>KM_MediaInfo_Icon_fullscreen</include>
			</control>


		</control>

		<control type="group">
			<!-- <animation type="WindowOpen">
				<effect type="slide" time="700" start="0,800" end="0,0" tween="sine" easing="out"/>
				<effect type="fade" time="600" start="0" end="100"/>
			</animation>
			<animation type="WindowClose">
				<effect type="slide" time="500" start="0,0" end="0,800" tween="sine" easing="in"/>
				<effect type="fade" time="600" start="100" end="0"/>
			</animation>
			<animation effect="slide" start="0" end="0,150" time="500" tween="quadratic" easing="out" condition="Window.IsVisible(SliderDialog) | Window.IsVisible(OSDVideoSettings) | Window.IsVisible(OSDAudioSettings) | Window.IsVisible(pvrchannelguide) | Window.IsVisible(pvrosdchannels)">Conditional</animation> -->
			<!-- <animation type="Conditional" condition="System.IdleTime(5) + !Player.Caching" reversible="true">
				<effect type="fade" start="100" end="0" time="400" />
			</animation> -->


			<!-- <control type="image">
				<left>-50</left>
				<top>940</top>
				<width>2000</width>
				<height>210</height>
				<texture background="true">skin/button_klein_tranz90.png</texture>
				<colordiffuse>$VAR[ColorButtonDialogeBack]</colordiffuse>
			</control> -->
			<!-- <control type="progress">
				<left>500</left>
				<top>935</top>
				<width>1000</width>
				<height>7</height>
				<info>Player.ProgressCache</info>
			</control>
			
			<control type="slider">
				<left>500</left>
				<top>935</top>
				<width>1000</width>
				<height>7</height>
				<reveal>true</reveal>
				<texturesliderbar>progress/bg.png</texturesliderbar>
				<textureslidernib colordiffuse="$VAR[ColorIcons]">button/scrollbarpoint.png</textureslidernib>
				<textureslidernibfocus colordiffuse="$VAR[ColorFontNormal]">button/scrollbarpoint.png</textureslidernibfocus>
				<textureslidernibfocus colordiffuse="$VAR[ColorFontNormal]">button/redbg.png</textureslidernibfocus>
				<info>Player.Progress</info>
				<action>seek</action>
				<visible>Player.Seeking | !Player.Seeking </visible>
			</control> -->

			<!-- <control type="grouplist" id="200">
				<left>0</left>
				<top>980</top>
				<width>1900</width>
				<height>120</height>
				<itemgap>0</itemgap>
				<pagecontrol>1802</pagecontrol>
				<scrolltime tween="sine" easing="out">200</scrolltime>
				<orientation>horizontal</orientation>
				<usecontrolcoords>false</usecontrolcoords>
				<onleft>200</onleft>
				<onright>200</onright>
				<onup>1830</onup>
				<ondown>1830</ondown>
				<control type="button" id="1630">
					<width>80</width>
					<height>80</height>
					<texturefocus colordiffuse="$VAR[BackColorButton]">osd/left.png</texturefocus>
					<texturenofocus colordiffuse="$VAR[ColorIcons]">osd/left.png</texturenofocus>
					<onclick>ReloadSkin()</onclick>
					<onclick>back</onclick>
				</control>
				<control type="button" id="1601">
					<width>80</width>
					<height>80</height>
					<texturefocus colordiffuse="$VAR[BackColorButton]">osd/PrevTrack.png</texturefocus>
					<texturenofocus colordiffuse="$VAR[ColorIcons]">osd/PrevTrack.png</texturenofocus>
					<onclick>PlayerControl(Previous)</onclick>
					<onclick>back</onclick>
				</control>
				<control type="button" id="1602">
					<width>80</width>
					<height>80</height>
					<texturefocus colordiffuse="$VAR[BackColorButton]">osd/rewind.png</texturefocus>
					<texturenofocus colordiffuse="$VAR[ColorIcons]">osd/rewind.png</texturenofocus>
					<onclick>PlayerControl(Rewind)</onclick>
				</control>
				<control type="button" id="1603">
					<width>80</width>
					<height>80</height>
					<texturefocus colordiffuse="$VAR[BackColorButton]">osd/skipback.png</texturefocus>
					<texturenofocus colordiffuse="$VAR[ColorIcons]">osd/skipback.png</texturenofocus>
					<onclick>Seek(-10)</onclick>
				
				</control>
				<control type="togglebutton" id="1604">
					<width>80</width>
					<height>80</height>
					<texturefocus colordiffuse="$VAR[BackColorButton]">osd/pause.png</texturefocus>
					<texturenofocus colordiffuse="$VAR[ColorIcons]">osd/pause.png</texturenofocus>
					<usealttexture>Player.Paused | Player.Forwarding | Player.Rewinding</usealttexture>
					<alttexturefocus colordiffuse="$VAR[BackColorButton]">osd/play.png</alttexturefocus>
					<alttexturenofocus colordiffuse="$VAR[ColorIcons]">osd/play.png</alttexturenofocus>
					<onclick>PlayerControl(Play)</onclick>
				</control>
				<control type="button" id="1605">
					<width>80</width>
					<height>80</height>
					<texturefocus colordiffuse="$VAR[BackColorButton]">osd/skipgo.png</texturefocus>
					<texturenofocus colordiffuse="$VAR[ColorIcons]">osd/skipgo.png</texturenofocus>
					<onclick>Seek(10)</onclick>
					
				</control>
				<control type="button" id="1606">
					<width>80</width>
					<height>80</height>
					<texturefocus colordiffuse="$VAR[BackColorButton]">osd/stop.png</texturefocus>
					<texturenofocus colordiffuse="$VAR[ColorIcons]">osd/stop.png</texturenofocus>
					<onclick>PlayerControl(Stop)</onclick>
					
				</control>
				<control type="button" id="1607">
					<width>80</width>
					<height>80</height>
					<texturefocus colordiffuse="$VAR[BackColorButton]">osd/forward.png</texturefocus>
					<texturenofocus colordiffuse="$VAR[ColorIcons]">osd/forward.png</texturenofocus>
					<onclick>PlayerControl(Forward)</onclick>
				</control>
				<control type="button" id="1609">
					<width>80</width>
					<height>80</height>
					<texturefocus colordiffuse="$VAR[BackColorButton]">osd/NextTrack.png</texturefocus>
					<texturenofocus colordiffuse="$VAR[ColorIcons]">osd/NextTrack.png</texturenofocus>
					<onclick>PlayerControl(Next)</onclick>
					<onclick>back</onclick>
				</control>
				<control type="image" id="1610">
					<width>2</width>
					<height>80</height>
					<texture background="true">default/separator22.png</texture>
				</control>
				
				<control type="button" id="1611" description="PlaySpeedUp">
					<width>80</width>
					<height>80</height>
					<texturefocus colordiffuse="$VAR[BackColorButton]">osd/tempoup.png</texturefocus>
					<texturenofocus colordiffuse="$VAR[ColorIcons]">osd/tempoup.png</texturenofocus>
					<onclick>PlayerControl(tempoup)</onclick>
					
					<visible>Player.TempoEnabled</visible>
				</control>
				<control type="button" id="1612" description="PlaySpeedDown">
					<width>80</width>
					<height>80</height>
					<texturefocus colordiffuse="$VAR[BackColorButton]">osd/tempodown.png</texturefocus>
					<texturenofocus colordiffuse="$VAR[ColorIcons]">osd/tempodown.png</texturenofocus>
					<onclick>PlayerControl(tempodown)</onclick>
					
					<visible>Player.TempoEnabled</visible>
				</control>
				<control type="button" id="1613">
					<width>80</width>
					<height>75</height>
					<texturefocus colordiffuse="$VAR[BackColorButton]">osd/seekbar.png</texturefocus>
					<texturenofocus colordiffuse="$VAR[ColorIcons]">osd/seekbar.png</texturenofocus>
					<onup>404</onup>
				
					<onclick>pause</onclick>
					<onclick>ActivateWindow(8014)</onclick>
					<onclick>play</onclick>
					<onclick>back</onclick>
				</control>
				<control type="togglebutton" id="1620" description="ShowSubtitles">
					<width>75</width>
					<height>75</height>
				
					<onclick>ShowSubtitles</onclick>
					<selected>VideoPlayer.SubtitlesEnabled</selected>
					<visible>VideoPlayer.HasSubtitles</visible>
					<texturefocus>osd/suboff.png</texturefocus>
					<texturenofocus colordiffuse="$VAR[ColorIcons]">osd/suboff.png</texturenofocus>
					<alttexturefocus>osd/subon.png</alttexturefocus>
					<alttexturenofocus colordiffuse="$VAR[ColorIcons]">osd/subon.png</alttexturenofocus>
					<pulseonselect>false</pulseonselect>
					<onclick>back</onclick>
				</control>
				<control type="button" id="1621">
					<width>80</width>
					<height>80</height>
					<texturefocus colordiffuse="$VAR[BackColorButton]">osd/subtitles.png</texturefocus>
					<texturenofocus colordiffuse="$VAR[ColorIcons]">osd/subtitles.png</texturenofocus>
					<onup>404</onup>
				
					<onclick>ActivateWindow(osdsubtitlesettings)</onclick>
					<onclick>back</onclick>
				</control>
				<control type="button" id="1622">
					<width>75</width>
					<height>75</height>
					<texturefocus colordiffuse="$VAR[BackColorButton]">osd/subsync1.png</texturefocus>
					<texturenofocus colordiffuse="$VAR[ColorIcons]">osd/subsync1.png</texturenofocus>
					<visible>VideoPlayer.HasSubtitles</visible>
					
					<onclick>Action(SubtitleDelay)</onclick>
					<onclick>back</onclick>
					
				</control>
				<control type="button" id="1623">
					<visible>VideoPlayer.IsStereoscopic</visible>
					<width>80</width>
					<height>80</height>
					<texturefocus colordiffuse="$VAR[BackColorButton]">osd/3d.png</texturefocus>
					<texturenofocus colordiffuse="$VAR[ColorIcons]">osd/3d.png</texturenofocus>
					<onup>501</onup>
				</control>
				
				<control type="button" id="1624">
					<width>80</width>
					<height>80</height>
					<texturefocus colordiffuse="$VAR[BackColorButton]">osd/audio.png</texturefocus>
					<texturenofocus colordiffuse="$VAR[ColorIcons]">osd/audio.png</texturenofocus>
					
					<onclick>ActivateWindow(124)</onclick>
					<onclick>back</onclick>
				</control>
				<control type="button" id="1625">
					<width>80</width>
					<height>80</height>
					<texturefocus colordiffuse="$VAR[BackColorButton]">osd/video.png</texturefocus>
					<texturenofocus colordiffuse="$VAR[ColorIcons]">osd/video.png</texturenofocus>
				
					<onclick>ActivateWindow(123)</onclick>
					<onclick>back</onclick>
				</control>
				<control type="button" id="1626">
					
					<width>80</width>
					<height>80</height>
					<texturefocus colordiffuse="$VAR[BackColorButton]">buttons/video/info.png</texturefocus>
					<texturenofocus colordiffuse="$VAR[ColorIcons]">buttons/video/info.png</texturenofocus>
				
					<onup>404</onup>
					
					<onclick>ActivateWindow(5555)</onclick>
					<onclick>back</onclick>
				</control>
				
			</control>
			
		
			<control type="group" id="40101">
				<visible>!VideoPlayer.Content(LiveTV)</visible>
				<animation effect="zoom" start="100" end="0" time="1000" delay="250" condition="!Control.HasFocus(1608)">Conditional</animation>
				<animation effect="fade" start="0" end="100" time="1000" delay="500" condition="Control.HasFocus(1608)">Conditional</animation>
				<animation effect="fade" start="100" end="50,50" time="450" delay="0">WindowClose</animation>
				<left>715</left>
				<top>305</top>
				<visible>Control.HasFocus(1608)</visible>
				<control type="image">
					<left>240</left>
					<top>305</top>
					<width>560</width>
					<height>360</height>
					<aspectratio>stretch</aspectratio>
					<texture background="true">skin/button_klein_tranz90.png</texture>
					<bordertexture border="10">ThumbShadow.png</bordertexture>
					<bordersize>7</bordersize>
					<colordiffuse>$VAR[ColorButtonDialogeBack]</colordiffuse>
				</control>
				<control type="label">
					<description>CastandRole</description>
					<left>280</left>
					<top>390</top>
					<width>440</width>
					<height>190</height>
					<label>$INFO[VideoPlayer.CastandRole]</label>
					<font>primal_18</font>
					<align>center</align>
					<aligny>center</aligny>
					<textcolor>$VAR[ColorFontNormal]</textcolor>
					<shadowcolor>$VAR[ColorFontShadow]</shadowcolor>
				</control>
			</control>
		
			<control type="group">
				<visible>Control.HasFocus(1614) | ControlGroup(500).HasFocus</visible>
				<animation effect="fade" time="200">VisibleChange</animation>
				<left>1070</left>
				<top>580</top>
				<control type="image">
					<description>Header</description>
					<left>0</left>
					<top>100</top>
					<width>320</width>
					<height>255</height>
					<texture background="true">skin/button_klein.png</texture>
					<bordertexture border="10">ThumbShadow.png</bordertexture>
					<bordersize>7</bordersize>
					<colordiffuse>$VAR[ColorButtonDialogeBack]</colordiffuse>
				</control>
				<control type="label" id="">
					<left>20</left>
					<top>135</top>
					<width>280</width>
					<height>15</height>
					<font>primal_18</font>
					<label>$LOCALIZE[36501]</label>
					<textcolor>$VAR[ColorFontNormal]</textcolor>
					<shadowcolor>$VAR[ColorFontShadow]</shadowcolor>
					<align>center</align>
					<aligny>center</aligny>
				</control>
			</control>
			<control type="grouplist" id="500">
				<visible>![Window.IsVisible(SliderDialog) | Window.IsVisible(OSDVideoSettings) | Window.IsVisible(OSDAudioSettings) | Window.IsVisible(VideoBookmarks)]</visible>
				<animation effect="fade" time="200">VisibleChange</animation>
				<left>1080</left>
				<top>760</top>
				<width>300</width>
				<height>400</height>
				<itemgap>5</itemgap>
				<onleft>1613</onleft>
				<onright>1613</onright>
				<onup>500</onup>
				<ondown>1613</ondown>
				<orientation>vertical</orientation>
				<visible>Control.HasFocus(1614) | ControlGroup(500).HasFocus</visible>
				<include>VisibleFadeEffect</include>
				<control type="radiobutton" id="503">
					<height>50</height>
					<width>300</width>
					<textoffsetx>15</textoffsetx>
					<aligny>center</aligny>
					<font>primal_18</font>
					<label>$LOCALIZE[50162]</label>
					<onclick>ToggleStereoMode</onclick>
					<selected>Integer.IsGreater(System.StereoscopicMode,0)</selected>
					<pulseonselect>false</pulseonselect>
				</control>
				<control type="button" id="502">
					<height>50</height>
					<width>300</width>
					<aligny>center</aligny>
					<font>primal_18</font>
					<textoffsetx>15</textoffsetx>
					<pulseonselect>false</pulseonselect>
					<label>$LOCALIZE[50163]</label>
					<onclick>StereoMode</onclick>
				</control>
				<control type="radiobutton" id="501">
					<height>50</height>
					<width>300</width>
					<textoffsetx>15</textoffsetx>
					<aligny>center</aligny>
					<font>primal_18</font>
					<label>$LOCALIZE[50164]</label>
					<onclick>StereoModeToMono</onclick>
					<selected>String.IsEqual(System.StereoscopicMode,7)</selected>
					<pulseonselect>false</pulseonselect>
				</control>
			</control> -->

		</control>
		<control type="group">
			<left>560</left>
			<top>390</top>
			<control type="group">
				<left>260</left>
				<top>10</top>
				<control type="image">
					<left>230</left>
					<top>17</top>
					<width>180</width>
					<height>180</height>
					<texture>osd/rewind.png</texture>
					<colordiffuse>$VAR[ColorFontSelected]</colordiffuse>
					<aspectratio>keep</aspectratio>
					<visible>Player.Rewinding</visible>
				</control>
				<control type="image">
					<left>230</left>
					<top>17</top>
					<width>180</width>
					<height>180</height>
					<texture>osd/forward.png</texture>
					<colordiffuse>$VAR[ColorFontSelected]</colordiffuse>
					<aspectratio>keep</aspectratio>
					<visible>Player.Forwarding</visible>
				</control>
				<control type="image">
					<left>34</left>
					<top>4</top>
					<width>200</width>
					<height>200</height>
					<texture>osd/OSDPause.png</texture>
					<colordiffuse>$VAR[ColorFontSelected]</colordiffuse>
					<aspectratio>keep</aspectratio>
					<visible>Player.Paused + Player.HasVideo </visible>
				</control>
				<control type="image">
					<left>34</left>
					<top>4</top>
					<width>200</width>
					<height>200</height>
					<texture>osd/OSDPlay.png</texture>
					<colordiffuse>$VAR[ColorFontSelected]</colordiffuse>
					<aspectratio>keep</aspectratio>
					<visible>Player.Playing</visible>
				</control>
				<control type="image">
					<left>34</left>
					<top>4</top>
					<width>200</width>
					<height>200</height>
					<texture>osd/OSD2x.png</texture>
					<colordiffuse>$VAR[ColorFontSelected]</colordiffuse>
					<aspectratio>keep</aspectratio>
					<visible>Player.Rewinding2x</visible>
				</control>
				<control type="image">
					<left>34</left>
					<top>4</top>
					<width>200</width>
					<height>200</height>
					<texture>osd/OSD4x.png</texture>
					<colordiffuse>$VAR[ColorFontSelected]</colordiffuse>
					<aspectratio>keep</aspectratio>
					<visible>Player.Rewinding4x</visible>
				</control>
				<control type="image">
					<left>34</left>
					<top>4</top>
					<width>200</width>
					<height>200</height>
					<texture>osd/OSD8x.png</texture>
					<colordiffuse>$VAR[ColorFontSelected]</colordiffuse>
					<aspectratio>keep</aspectratio>
					<visible>Player.Rewinding8x</visible>
				</control>
				<control type="image">
					<left>34</left>
					<top>4</top>
					<width>210</width>
					<height>210</height>
					<texture>osd/OSD16x.png</texture>
					<colordiffuse>$VAR[ColorFontSelected]</colordiffuse>
					<aspectratio>keep</aspectratio>
					<visible>Player.Rewinding16x</visible>
				</control>
				<control type="image">
					<left>34</left>
					<top>4</top>
					<width>210</width>
					<height>210</height>
					<texture>osd/OSD32x.png</texture>
					<colordiffuse>$VAR[ColorFontSelected]</colordiffuse>
					<aspectratio>keep</aspectratio>
					<visible>Player.Rewinding32x</visible>
				</control>
				<control type="image">
					<left>34</left>
					<top>4</top>
					<width>200</width>
					<height>200</height>
					<texture>osd/OSD2x.png</texture>
					<colordiffuse>$VAR[ColorFontSelected]</colordiffuse>
					<aspectratio>keep</aspectratio>
					<visible>Player.Forwarding2x</visible>
				</control>
				<control type="image">
					<left>34</left>
					<top>4</top>
					<width>200</width>
					<height>200</height>
					<texture>osd/OSD4x.png</texture>
					<colordiffuse>$VAR[ColorFontSelected]</colordiffuse>
					<aspectratio>keep</aspectratio>
					<visible>Player.Forwarding4x</visible>
				</control>
				<control type="image">
					<left>34</left>
					<top>4</top>
					<width>200</width>
					<height>200</height>
					<texture>osd/OSD8x.png</texture>
					<colordiffuse>$VAR[ColorFontSelected]</colordiffuse>
					<aspectratio>keep</aspectratio>
					<visible>Player.Forwarding8x</visible>
				</control>
				<control type="image">
					<left>34</left>
					<top>4</top>
					<width>210</width>
					<height>210</height>
					<texture>osd/OSD16x.png</texture>
					<colordiffuse>$VAR[ColorFontSelected]</colordiffuse>
					<aspectratio>keep</aspectratio>
					<visible>Player.Forwarding16x</visible>
				</control>
				<control type="image">
					<left>34</left>
					<top>4</top>
					<width>210</width>
					<height>210</height>
					<texture>osd/OSD32x.png</texture>
					<colordiffuse>$VAR[ColorFontSelected]</colordiffuse>
					<aspectratio>keep</aspectratio>
					<visible>Player.Forwarding32x</visible>
				</control>

				<!-- <control type="image">
					<left>34</left>
					<top>4</top>
					<width>210</width>
					<height>210</height>
					<texture>osd/seek.png</texture>
					<colordiffuse>$VAR[ColorFontSelected]</colordiffuse>
					<aspectratio>keep</aspectratio>
					<visible>Player.Seeking</visible>
				</control> -->
			</control>
		</control>
	</controls>

</window>