﻿<window>
	<controls>
		<!-- <include condition="Skin.HasSetting(SpinnerDimScreen)">DialogOverlayExtra</include> -->

		<control type="image">
			<description>background image</description>
			<centertop>50%</centertop>
			<centerleft>50%</centerleft>
			<width>2000</width>
			<height>2000</height>
			<texture background="true">skin/button_klein_tranz70.png</texture>
			<bordertexture border="10">ThumbShadow.png</bordertexture>
			<bordersize>7</bordersize>
			<colordiffuse>$VAR[ColorButtonDialogeBack]</colordiffuse>
			<visible>!Skin.HasSetting(movie_trailerflag)</visible>


		</control>
		<control type="multiimage">
			<centertop>50%</centertop>
			<centerleft>50%</centerleft>
			<width>150</width>
			<height>150</height>
			<aspectratio>keep</aspectratio>
			<timeperimage>85</timeperimage>
			<fadetime>0</fadetime>
			<imagepath>special://skin/spinner/widgets_busy_loader</imagepath>
			<colordiffuse>white</colordiffuse>
			<visible>!Skin.HasSetting(movie_trailerflag)</visible>
			<!-- <visible>Control.HasFocus(9031) + !ListItem.IsCollection + !Player.Playing</visible> -->
		</control>


		<control type="group">
			<!-- <visible>![String.IsEqual(Skin.String(HomeLayout),bingie) + Skin.HasSetting(BingieAutoTrailer) + [$EXP[IsBingieViewsActive] | $EXP[IsBingieCategoriesActive]]]</visible>
            <visible>![Skin.HasSetting(DetailsAutoTrailer) + Window.IsVisible(Videos) + [String.IsEqual(System.CurrentControlID,523) | String.IsEqual(System.CurrentControlID,526)]]</visible>
            <visible>!Window.IsVisible(startup)</visible> -->
			<include>Busy_Spinner</include>
		</control>
	</controls>
</window>