<?xml version="1.0" encoding="UTF-8"?>
<window type="dialog" id="6969">
	<defaultcontrol always="true">900</defaultcontrol>
	<controls>
		<control type="group" id="9010">
			<animation type="WindowOpen">
				<effect type="slide" time="700" start="0,240" end="0,240" tween="sine" easing="out" />
				<effect type="fade" time="600" start="0" end="100" />
			</animation>
			<animation type="WindowClose">
				<effect type="slide" time="500" start="0,240" end="0,240" tween="sine" easing="in" />
				<effect type="fade" time="600" start="100" end="0" />
			</animation>
			<control type="image">
				<top>0</top>
				<left>1480</left>
				<width>400</width>
				<height>100</height>
				<texture background="true">skin/button_klein.png</texture>
				<bordertexture border="10">ThumbShadow.png</bordertexture>
				<bordersize>6</bordersize>
				<colordiffuse>$VAR[BackColorBackground]</colordiffuse>
			</control>
			<control type="label">
				<top>15</top>
				<left>1530</left>
				<width>300</width>
				<height>38</height>
				<font>primal_18_Bold</font>
				<textcolor>$VAR[ColorFontNormal]</textcolor>
				<shadowcolor>$VAR[ColorFontShadow]</shadowcolor>
				<align>center</align>
				<aligny>center</aligny>
				<label>$INFO[System.AddonTitle(skin.destiny.km)]</label>
			</control>
			<control type="label">
				<top>52</top>
				<left>1630</left>
				<width>100</width>
				<height>38</height>
				<font>primal_18_Bold</font>
				<textcolor>$VAR[ColorFontNormal]</textcolor>
				<shadowcolor>$VAR[ColorFontShadow]</shadowcolor>
				<align>center</align>
				<aligny>center</aligny>
				<label>$INFO[System.AddonVersion(skin.destiny.km)]</label>
			</control>
			<control type="button" id="900">
				<visible allowhiddenfocus="true">false</visible>
				<onclick>back</onclick>
			</control>
		</control>
	</controls>
</window>