﻿<?xml version="1.0" encoding="UTF-8"?>
<window id="1">
	<defaultcontrol>608</defaultcontrol>
	<allowoverlay>yes</allowoverlay>
	<include>ViewidAddons</include>
	<visible>!Skin.HasSetting(kiosk)</visible>
	<controls>
		<control type="group">
			<animation type="WindowOpen" reversible="false">
				<effect type="zoom" start="80" end="100" center="640,360" easing="out" tween="back" time="300"/>
				<effect type="fade" start="0" end="100" time="300"/>
			</animation>
			<animation type="WindowClose" reversible="false">
				<effect type="zoom" start="100" end="80" center="640,360" easing="in" tween="back" time="300"/>
				<effect type="fade" start="100" end="0" time="300"/>
			</animation>
			<control type="group">
				<include>VisibleFadeEffect</include>
				<visible>Control.IsVisible(55)</visible>
			</control>
		</control>
		<control type="group">
			<control type="image">
				<left>0</left>
				<top>0</top>
				<width>1920</width>
				<height>1080</height>
				<texture background="true" fallback="special://skin/backgrounds/fanart_fallback.jpg">$INFO[ListItem.Art(fanart)]</texture>
				<fadetime>600</fadetime>
				<visible>!Control.IsVisible(55) + [substring(container.folderpath,plugin://plugin.program.advanced.launcher) | Container.Content(Addons)]</visible>
			</control>
		</control>
		<include>CommonHomeBack</include>
		<include>ViewsAddons</include>
		<include>SideBladeForViews</include>
		<include>BigInfosTime</include>
		<include>CommonHomeButton</include>
		<include>HomePlaying</include>
		<control type="group">
			<visible>!Skin.HasSetting(kiosk)</visible>
			<animation effect="slide" start="0,0" end="480,0" time="400" tween="quadratic" easing="out" condition="ControlGroup(9020).HasFocus">Conditional</animation>
			<animation effect="slide" start="0,0" end="-570,0" time="400" tween="quadratic" easing="out" condition="ControlGroup(9020).HasFocus">WindowClose</animation>
			<control type="image">
				<left>-495</left>
				<top>0</top>
				<width>420</width>
				<height>1080</height>
				<texture background="true">skin/button_klein.png</texture>
				<bordertexture border="10">ThumbShadow2.png</bordertexture>
				<bordersize>7</bordersize>
				<colordiffuse>$VAR[ColorButtonDialogeBack]</colordiffuse>
				<aspectratio>stretch</aspectratio>
			</control>
			<control type="group">
				<left>-457</left>
				<top>52</top>
				<control type="label">
					<description>View options</description>
					<left>0</left>
					<top>0</top>
					<width>375</width>
					<height>45</height>
					<font>primal_24</font>
					<textcolor>white</textcolor>
					<scroll>false</scroll>
					<align>left</align>
					<aligny>center</aligny>
					<label>$LOCALIZE[14018]</label>
				</control>
			</control>
			<control type="grouplist" id="9020">
				<description>My first group list control</description>
				<left>-482</left>
				<top>120</top>
				<width>400</width>
				<height>800</height>
				<itemgap>2</itemgap>
				<pagecontrol>25</pagecontrol>
				<scrolltime tween="sine" easing="out">200</scrolltime>
				<orientation>vertical</orientation>
				<usecontrolcoords>false</usecontrolcoords>
				<visible>true</visible>
				<onleft>55</onleft>
				<onright>55</onright>
				<onup>9020</onup>
				<ondown>9020</ondown>
				<control type="button" id="1">
					<description>View</description>
					<height>60</height>
					<width>400</width>
					<label>457</label>
					<onclick>Control.SetFocus(9030)</onclick>
				</control>
				<!--<control type="button" id="2">
			<description>View As button</description>
			<width>400</width>
			<height>60</height>
			<label>-</label>
			<onleft>55</onleft>
			<onright>55</onright>
			<onup>307</onup>
			<ondown>3</ondown>
		</control>-->
				<control type="button" id="3">
					<description>Sort by button</description>
					<width>400</width>
					<height>60</height>
					<label>103</label>
					<onleft>55</onleft>
					<onright>4</onright>
					<onup>2</onup>
					<ondown>4</ondown>
				</control>
				<control type="togglebutton" id="4">
					<description>Sort asc</description>
					<width>400</width>
					<height>60</height>
					<label>50029</label>
					<altlabel>50324</altlabel>
					<onleft>3</onleft>
					<onright>55</onright>
					<onup>3</onup>
					<ondown>305</ondown>
				</control>
				<control type="edit" id="19">
					<visible>Container.CanFilter + !Container.CanFilterAdvanced</visible>
					<description>Filter</description>
					<textwidth>230</textwidth>
					<width>400</width>
					<height>60</height>
					<label>587</label>
				</control>
				<control type="radiobutton" id="20">
					<visible>Container.CanFilterAdvanced</visible>
					<description>Filter</description>
					<width>400</width>
					<height>60</height>
					<label>587</label>
					<onclick>right</onclick>
					<onclick>Filter</onclick>
				</control>
			</control>
		</control>
		<include>ViewTypeList</include>
	</controls>
</window>