<?xml version="1.0" encoding="UTF-8"?>
<window type="dialog" id="1100">
<!-- <onclick>RunScript(script.embuary.info,call=person,query=$INFO[ListItem.label])</onclick> -->

<control type="group">
            <control type="label">
				<left>195</left>
				<top>65</top>
				<width>700</width>
				<height>38</height>
				<font>primal_60_Title</font>
				<textcolor>$VAR[ColorFontNormal]</textcolor>
				<shadowcolor>$VAR[ColorFontShadow]</shadowcolor>
				<align>left</align>
				<aligny>center</aligny>
				<label>$INFO[ListItem.label]</label>
			</control>
</control>

</window>