<?xml version="1.0" encoding="UTF-8"?>
<window id="1121" type="dialog">
	<defaultcontrol always="true">90000</defaultcontrol>
	<controls>
		<control type="image">
			<left>0</left>
			<top>0</top>
			<width>1920</width>
			<height>1080</height>
			<texture background="true">background.png</texture>
		</control>
		<control type="group">
			<left>50</left>
			<top>128</top>
			<control type="image">
				<left>70</left>
				<top>10</top>
				<width>1710</width>
				<height>770</height>
				<texture background="true">skin/button_klein.png</texture>
				<bordertexture border="10">ThumbShadow.png</bordertexture>
				<bordersize>6</bordersize>
				<aspectratio>stretch</aspectratio>
				<colordiffuse>$VAR[ColorButtonDialogeBack]</colordiffuse>
			</control>
			<control type="list" id="90000">
				<left>82</left>
				<top>32</top>
				<width>356</width>
				<height>720</height>
				<onleft>61</onleft>
				<onright>90001</onright>
				<onup>90000</onup>
				<ondown>90000</ondown>
				<pagecontrol>61</pagecontrol>
				<scrolltime tween="quadratic" easing="out">200</scrolltime>
				<itemlayout height="65" width="356">
					<control type="image">
						<left>0</left>
						<top>0</top>
						<width>356</width>
						<height>60</height>
						<texture background="true">skin/button_klein.png</texture>
						<colordiffuse>$VAR[BackColorFront]</colordiffuse>
					</control>
					<control type="label">
						<left>0</left>
						<top>0</top>
						<width>356</width>
						<height>60</height>
						<font>primal_20</font>
						<textoffsetx>15</textoffsetx>
						<textcolor>$VAR[ColorFontNormal]</textcolor>
						<shadowcolor>$VAR[ColorFontShadow]</shadowcolor>
						<align>right</align>
						<aligny>center</aligny>
						<label>[UPPERCASE]$INFO[ListItem.Label][/UPPERCASE]</label>
					</control>
				</itemlayout>
				<focusedlayout height="65" width="356">
					<control type="image">
						<left>0</left>
						<top>0</top>
						<width>356</width>
						<height>60</height>
						<texture background="true">skin/button_klein.png</texture>
						<colordiffuse>$VAR[BackColorButton]</colordiffuse>
					</control>
					<control type="label">
						<left>0</left>
						<top>0</top>
						<width>356</width>
						<height>60</height>
						<font>primal_20</font>
						<textoffsetx>15</textoffsetx>
						<textcolor>$VAR[ColorFontNormal]</textcolor>
						<shadowcolor>$VAR[ColorFontShadow]</shadowcolor>
						<align>right</align>
						<aligny>center</aligny>
						<label>[UPPERCASE]$INFO[ListItem.Label][/UPPERCASE]</label>
					</control>
				</focusedlayout>
				<content>
					<include>HomeMenuPlaylist1</include>
					<include>HomeMenuPlaylist2</include>
					<include>HomeMenuPlaylist3</include>
					<include>HomeMenuPlaylist4</include>
					<include>HomeMenuPlaylist5</include>
					<include>HomeMenuPlaylist6</include>
					<include>HomeMenuPlaylist7</include>
					<include>HomeMenuPlaylist8</include>
					<include>HomeMenuPlaylist9</include>
					<include>HomeMenuPlaylist10</include>
					<include>HomeMenuTving</include>
					<include>HomeMenuSamsungtv</include>
					<include>HomeMenuKakaotv</include>
					<include>HomeMenuCoupang</include>
					<include>HomeMenuNaversports</include>
					<include>HomeMenuNetflix</include>
					<include>HomeMenuWave</include>
					<include>HomeMenuWatcha</include>
					<include>HomeMenuYoutube</include>
					<include>HomeMenuSpotv</include>

				</content>
			</control>
			<control type="grouplist" id="90001">
				<description>control area</description>
				<left>450</left>
				<top>32</top>
				<width>1316</width>
				<height>720</height>
				<itemgap>5</itemgap>
				<pagecontrol>60</pagecontrol>
				<onleft>90000</onleft>
				<onright>90000</onright>
				<onup>90001</onup>
				<ondown>90001</ondown>
				<control type="button" id="90011">
					<description>Edit Label Button</description>
					<width>1316</width>
					<height>60</height>
					<label>$LOCALIZE[13334]</label>
					<label2>$INFO[Container(90000).ListItem.Label,[COLOR ColorFontSelected],[/COLOR]]</label2>
					<onclick>Skin.SetString($INFO[Container(90000).ListItem.Property(Item),,HomeItem.Label])</onclick>
				</control>
				<control type="button" id="90013">
					<description>Default select action Button</description>
					<width>1316</width>
					<height>60</height>
					<label>$LOCALIZE[22079]</label>
					<label2>$INFO[Container(90000).ListItem.Property(Path),[COLOR ColorFontSelected],[/COLOR]]</label2>
					<onfocus>Skin.Reset(ItemToEdit.Path)</onfocus>
					<onfocus>Skin.Reset(ItemToEdit.Label)</onfocus>
					<onclick>SetProperty(Destiny.Path,$INFO[Container(90000).ListItem.Property(Item),,HomeItem.Path],home)</onclick>
					<onclick>SetProperty(Destiny.Label,$INFO[Container(90000).ListItem.Property(Item),,HomeItem.Label],home)</onclick>
					<onclick>ActivateWindow(1123)</onclick>
					<visible>!System.HasAddon(script.skinshortcuts)</visible>
				</control>
				<control type="button" id="90014">
					<description>Default select action Button</description>
					<width>1316</width>
					<height>60</height>
					<label>$LOCALIZE[22079]</label>
					<label2>$INFO[Container(90000).ListItem.Property(Path),[COLOR ColorFontSelected],[/COLOR]]</label2>
					<onclick>RunScript(script.skinshortcuts,type=shortcuts&amp;custom=True&amp;skinLabel=$INFO[Container(90000).ListItem.Property(Item),,HomeItem.Label]&amp;skinAction=$INFO[Container(90000).ListItem.Property(Item),,HomeItem.Path])</onclick>
					<visible>System.HasAddon(script.skinshortcuts)</visible>

				</control>
				<control type="button" id="90015">
					<description>Widget Button</description>
					<width>1316</width>
					<height>60</height>
					<label>$LOCALIZE[50226]</label>
					<label2>$INFO[Container(90000).ListItem.Property(WidgetLabel),[COLOR ColorFontSelected],[/COLOR]]</label2>
					<onfocus>Skin.Reset(ItemToEdit.Widget)</onfocus>
					<onfocus>Skin.Reset(ItemToEdit.WidgetLabel)</onfocus>
					<onfocus>Skin.Reset(ItemToEdit.WidgetType)</onfocus>
					<onclick>SetProperty(Destiny.Widget,$INFO[Container(90000).ListItem.Property(Item),,HomeItem.Widget],home)</onclick>
					<onclick>SetProperty(Destiny.WidgetLabel,$INFO[Container(90000).ListItem.Property(Item),,HomeItem.WidgetLabel],home)</onclick>
					<onclick>SetProperty(Destiny.WidgetType,$INFO[Container(90000).ListItem.Property(Item),,HomeItem.WidgetType],home)</onclick>
					<onclick>ActivateWindow(1124)</onclick>
				</control>
				<control type="button" id="90020">
					<description>Reset Button</description>
					<width>1316</width>
					<height>60</height>
					<label>설정 초기화</label>
					<onclick>Skin.Reset($INFO[Container(90000).ListItem.Property(Item),,HomeItem.Label])</onclick>
					<onclick>Skin.Reset($INFO[Container(90000).ListItem.Property(Item),,HomeItem.Path])</onclick>
					<onclick>Skin.Reset($INFO[Container(90000).ListItem.Property(Item),,HomeItem.MultiFanart])</onclick>
					<onclick>Skin.Reset($INFO[Container(90000).ListItem.Property(Item),,HomeItem.Icon])</onclick>
					<onclick>Skin.Reset($INFO[Container(90000).ListItem.Property(Item),,HomeItem.InfoLine])</onclick>
					<onclick>Skin.Reset($INFO[Container(90000).ListItem.Property(Item),,HomeItem.SubMenu])</onclick>
					<onclick>Skin.Reset($INFO[Container(90000).ListItem.Property(Item),,HomeItem.Widget])</onclick>
					<onclick>Skin.Reset($INFO[Container(90000).ListItem.Property(Item),,HomeItem.WidgetLabel])</onclick>
					<onclick>Skin.Reset($INFO[Container(90000).ListItem.Property(Item),,HomeItem.WidgetType])</onclick>
					<onclick>Skin.Reset($INFO[Container(90000).ListItem.Property(Item),,HomeItem.BGType])</onclick>
				</control>
			</control>
			<control type="scrollbar" id="60">
				<left>1838</left>
				<top>32</top>
				<width>14</width>
				<height>720</height>
				<onleft>90001</onleft>
				<onright>90000</onright>
				<ondown>60</ondown>
				<onup>60</onup>
				<showonepage>false</showonepage>
				<texturesliderbackground>-</texturesliderbackground>
				<texturesliderbar colordiffuse="55ffffff" border="1">scrollbar/texturesliderbar2.png</texturesliderbar>
				<texturesliderbarfocus border="1">scrollbar/texturesliderbar2.png</texturesliderbarfocus>
			</control>
		</control>
	</controls>
</window>