﻿<?xml version="1.0" encoding="UTF-8"?>
<window id="8014">
	<defaultcontrol>1</defaultcontrol>
	<visible>Window.IsActive(fullscreenvideo)</visible>
	<visible>Window.IsActive(videoosd) | [Player.ShowInfo + !Window.IsActive(videoosd)]  | Player.Paused | Player.Seeking | Player.DisplayAfterSeek | !String.IsEmpty(Player.SeekNumeric) | [Player.Paused + !Player.Caching] | Player.Forwarding | Player.Rewinding</visible>
	<animation effect="fade" start="0" end="100" time="150">WindowOpen</animation>
	<animation effect="fade" start="100" end="0" time="150">WindowClose</animation>
	<controls>
		<control type="group">
			<include>seekbar</include>
		</control>
	</controls>
</window>