<?xml version="1.0" encoding="UTF-8"?>
<window>
	<defaultcontrol always="true">7</defaultcontrol>
	<coordinates>
		<left>255</left>
		<top>155</top>
	</coordinates>
	<include>dialogeffect</include>
	<controls>
		<control type="image">
			<left>-255</left>
			<top>-155</top>
			<width>1920</width>
			<height>1080</height>
			<texture background="true">background.png</texture>
		</control>
		<include name="DialogBackgroundCommons">
			<param name="DialogBackgroundWidth" value="1450"/>
			<param name="DialogBackgroundHeight" value="840"/>
			<param name="DialogHeaderWidth" value="1430"/>
			<param name="DialogHeaderLabel" value="$INFO[ListItem.Title]"/>
			<param name="DialogHeaderId" value="2"/>
			<param name="CloseButtonLeft" value="740"/>
			<param name="CloseButtonNav" value="10"/>
		</include>
		<control type="list" id="49">
			<left>40</left>
			<top>80</top>
			<width>1040</width>
			<height>330</height>
			<onleft>49</onleft>
			<onright>49</onright>
			<onup>9000</onup>
			<ondown>61</ondown>
			<pagecontrol>-</pagecontrol>
			<scrolltime>200</scrolltime>
			<itemlayout height="30">
				<control type="label">
					<left>5</left>
					<top>0</top>
					<width>160</width>
					<height>30</height>
					<font>primal_18</font>
					<align>left</align>
					<aligny>center</aligny>
					<textcolor>$VAR[ColorFontNormal]</textcolor>
					<shadowcolor>$VAR[ColorFontShadow]</shadowcolor>
					<selectedcolor>$VAR[ColorFontSelected]</selectedcolor>
					<info>ListItem.Label</info>
				</control>
				<control type="label">
					<left>175</left>
					<top>0</top>
					<width>465</width>
					<height>30</height>
					<font>primal_18</font>
					<align>left</align>
					<aligny>center</aligny>
					<textcolor>$VAR[ColorFontNormal]</textcolor>
					<shadowcolor>$VAR[ColorFontShadow]</shadowcolor>
					<selectedcolor>$VAR[ColorFontSelected]</selectedcolor>
					<info>ListItem.Label2</info>
				</control>
			</itemlayout>
			<focusedlayout height="30">
				<control type="image">
					<left>0</left>
					<top>0</top>
					<width>640</width>
					<height>30</height>
					<visible>Control.HasFocus(49)</visible>
					<texture>MenuItemFO.png</texture>
					<include>VisibleFadeEffect</include>
				</control>
				<control type="label">
					<left>5</left>
					<top>0</top>
					<width>160</width>
					<height>30</height>
					<font>primal_18</font>
					<align>left</align>
					<aligny>center</aligny>
					<textcolor>$VAR[ColorFontNormal]</textcolor>
					<shadowcolor>$VAR[ColorFontShadow]</shadowcolor>
					<selectedcolor>$VAR[ColorFontSelected]</selectedcolor>
					<info>ListItem.Label</info>
				</control>
				<control type="label">
					<left>175</left>
					<top>0</top>
					<width>465</width>
					<height>30</height>
					<font>primal_18</font>
					<align>left</align>
					<aligny>center</aligny>
					<textcolor>$VAR[ColorFontNormal]</textcolor>
					<shadowcolor>$VAR[ColorFontShadow]</shadowcolor>
					<info>ListItem.Label2</info>
					<scroll>true</scroll>
				</control>
			</focusedlayout>
			<content>
				<item>
					<label>$LOCALIZE[21442]:</label>
					<label2>$INFO[ListItem.EpisodeName]</label2>
					<onclick>noop</onclick>
					<visible>!IsEmpty(ListItem.EpisodeName)</visible>
				</item>
				<item>
					<label>$LOCALIZE[20373]:</label>
					<label2>$INFO[ListItem.Season]</label2>
					<onclick>noop</onclick>
					<visible>!IsEmpty(ListItem.Season)</visible>
				</item>
				<item>
					<label>$LOCALIZE[20359]:</label>
					<label2>$INFO[ListItem.Episode]</label2>
					<onclick>noop</onclick>
					<visible>!IsEmpty(ListItem.Episode)</visible>
				</item>
				<item>
					<label>$LOCALIZE[19148]:</label>
					<label2>$INFO[ListItem.ChannelName]</label2>
					<onclick>noop</onclick>
				</item>
				<item>
					<label>$LOCALIZE[142]</label>
					<label2>$INFO[ListItem.StartTime] - $INFO[ListItem.EndTime] ($INFO[ListItem.StartDate])</label2>
					<onclick>noop</onclick>
				</item>
				<item>
					<label>$LOCALIZE[180]:</label>
					<label2>$INFO[ListItem.Duration]</label2>
					<onclick>noop</onclick>
				</item>
				<item>
					<label>$LOCALIZE[515]:</label>
					<label2>$INFO[ListItem.Genre]</label2>
					<onclick>noop</onclick>
				</item>
				<item>
					<label>$LOCALIZE[20417]:</label>
					<label2>$INFO[ListItem.Writer]</label2>
					<onclick>noop</onclick>
					<visible>!IsEmpty(ListItem.Writer)</visible>
				</item>
				<item>
					<label>$LOCALIZE[20339]:</label>
					<label2>$INFO[ListItem.Director]</label2>
					<onclick>noop</onclick>
					<visible>!IsEmpty(ListItem.Director)</visible>
				</item>
				<item>
					<label>$LOCALIZE[206]:</label>
					<label2>$INFO[ListItem.Cast]</label2>
					<onclick>noop</onclick>
					<visible>!IsEmpty(ListItem.Cast)</visible>
				</item>
			</content>
		</control>
		<control type="label">
			<left>940</left>
			<top>359</top>
			<width>400</width>
			<height>30</height>
			<font>primal_16</font>
			<textcolor>$VAR[ColorFontNormal]</textcolor>
			<shadowcolor>$VAR[ColorFontShadow]</shadowcolor>
			<selectedcolor>$VAR[ColorFontSelected]</selectedcolor>
			<scroll>true</scroll>
			<align>right</align>
			<aligny>center</aligny>
			<label>$LOCALIZE[207]$INFO[Container(400).CurrentPage, ( $LOCALIZE[31024] ]$INFO[Container(400).NumPages,/, )]</label>
		</control>
		<control type="image">
			<description>Dialog Header image</description>
			<left>10</left>
			<top>340</top>
			<width>1430</width>
			<height>400</height>
			<texture background="true">skin/button_klein.png</texture>
			<colordiffuse>$VAR[BackColorBackground]</colordiffuse>
		</control>
		<control type="spincontrol" id="60">
			<description>Next page button</description>
			<left>1340</left>
			<top>345</top>
			<subtype>page</subtype>
			<font>-</font>
			<onleft>60</onleft>
			<onright>60</onright>
			<ondown>9000</ondown>
			<onup>9000</onup>
			<textcolor>-</textcolor>
			<showonepage>true</showonepage>
		</control>
		<control type="textbox" id="400">
			<description>PLOT</description>
			<left>40</left>
			<top>400</top>
			<width>1340</width>
			<height>300</height>
			<font>primal_18</font>
			<align>justify</align>
			<pagecontrol>60</pagecontrol>
			<label fallback="161">$INFO[ListItem.Plot]</label>
		</control>
		<control type="grouplist" id="9000">
			<left>10</left>
			<top>755</top>
			<width>1430</width>
			<height>60</height>
			<itemgap>5</itemgap>
			<align>center</align>
			<orientation>horizontal</orientation>
			<onleft>9000</onleft>
			<onright>9000</onright>
			<onup>60</onup>
			<ondown>60</ondown>
			<control type="button" id="300">
				<description>Umschalttimer</description>
				<width>273</width>
				<align>center</align>
				<label>$LOCALIZE[50038]</label>
				<onclick>RunScript(service.kn.switchtimer,action=add,channel=$INFO[ListItem.ChannelName],date=$INFO[ListItem.Date],title=$INFO[ListItem.Title])</onclick>
				<visible>System.HasAddon(service.kn.switchtimer)</visible>
			</control>
			<control type="button" id="4">
				<description>Find similar</description>
				<label>19003</label>
				<width>273</width>
				<align>center</align>
				<visible>Window.IsActive(PVRGuideInfo)</visible>
			</control>
			<control type="button" id="5">
				<description>Switch to Channel</description>
				<label>19165</label>
				<width>273</width>
				<align>center</align>
				<visible>Window.IsActive(PVRGuideInfo)</visible>
			</control>
			<control type="button" id="8">
				<description>Play recording</description>
				<label>19687</label>
				<width>273</width>
				<align>center</align>
				<visible>Window.IsActive(PVRGuideInfo)</visible>
			</control>
			<control type="button" id="6">
				<description>Record</description>
				<label>264</label>
				<width>273</width>
				<align>center</align>
				<visible>Window.IsActive(PVRGuideInfo)</visible>
			</control>
			<control type="button" id="7">
				<description>OK</description>
				<label>186</label>
				<width>273</width>
				<align>center</align>
			</control>
		</control>
	</controls>
</window>
