<?xml version="1.0" encoding="UTF-8"?>
<window>
	<defaultcontrol always="true"></defaultcontrol>
	<coordinates>
		<left>360</left>
		<top>213</top>
	</coordinates>
	<include>dialogeffect</include>
	<controls>
		<control type="group">
			<animation effect="fade" start="100" end="0" time="150" condition="Window.Is(contentsettings) + Window.IsActive(AddonSettings)">Conditional</animation>
			<animation effect="fade" start="100" end="0" time="300" condition="[Window.Is(osdaudiosettings) | Window.Is(osdvideosettings)] + [Window.IsVisible(SliderDialog) | Window.IsVisible(OSDAudioDSPSettings) |  Window.IsVisible(FileBrowser)]">Conditional</animation>
			<animation effect="fade" start="100" end="0" time="400" condition="Window.Is(osdaudiodspsettings) + Window.IsVisible(SliderDialog)">Conditional</animation>
			<control type="image">
				<left>32</left>
				<top>2</top>
				<width>1136</width>
				<height>686</height>
				<texture background="true">skin/button_klein.png</texture>
				<bordertexture border="10">ThumbShadow.png</bordertexture>
				<bordersize>6</bordersize>
				<colordiffuse>$VAR[ColorButtonDialogeBack]</colordiffuse>
			</control>
			<control type="label">
				<left>60</left>
				<top>35</top>
				<width>410</width>
				<height>35</height>
				<font>primal_30_Title</font>
				<align>left</align>
				<aligny>center</aligny>
				<textcolor>$VAR[ColorFontNormal]</textcolor>
				<shadowcolor>$VAR[ColorFontShadow]</shadowcolor>
				<label>[UPPERCASE]$LOCALIZE[50077][/UPPERCASE]</label>
			</control>
			<control type="grouplist" id="5">
				<animation effect="slide" start="0,0" end="-5,0" time="0" condition="Control.IsVisible(60)">Conditional</animation>
				<description>control area</description>
				<left>38</left>
				<top>100</top>
				<width>1123</width>
				<height>462</height>
				<itemgap>6</itemgap>
				<pagecontrol>60</pagecontrol>
				<onup>9001</onup>
				<ondown>9001</ondown>
				<onleft>60</onleft>
				<onright>60</onright>
			</control>
			<!--<control type="scrollbar" id="60">
                <left>1147</left>
                <top>105</top>
                <width>10</width>
                <height>462</height>
                <texturesliderbackground>button/ScrollBarV.png</texturesliderbackground>
				<texturesliderbar colordiffuse="$VAR[BackColorFront]">button/ScrollBarV_bar.png</texturesliderbar>
				<texturesliderbarfocus colordiffuse="$VAR[BackColorButton]">button/ScrollBarV_bar_focus.png</texturesliderbarfocus>
				<textureslidernib>button/ScrollBarNib.png</textureslidernib>
				<textureslidernibfocus>button/ScrollBarNib.png</textureslidernibfocus>
                <onleft>5</onleft>
                <onright>5</onright>
                <ondown>60</ondown>
                <onup>60</onup>
                <showonepage>false</showonepage>
                <orientation>vertical</orientation>
            </control>-->
			<control type="button" id="7">
				<description>Default Button</description>
				<height>60</height>
			</control>
			<control type="radiobutton" id="8">
				<description>Default RadioButton</description>
				<height>60</height>
			</control>
			<control type="spincontrolex" id="9">
				<description>Default SpinControlex</description>
				<height>60</height>
				<aligny>center</aligny>
				<reverse>yes</reverse>
			</control>
			<control type="edit" id="12">
				<description>Default Edit</description>
				<height>60</height>
			</control>
			<control type="sliderex" id="13">
				<description>Default Slider</description>
				<height>60</height>
			</control>
			<control type="label" id="14">
				<description>Default Heading</description>
				<height>51</height>
				<font>primal_18</font>
				<align>center</align>
				<aligny>center</aligny>
				<textcolor>$VAR[ColorFontNormal]</textcolor>
				<shadowcolor>$VAR[ColorFontShadow]</shadowcolor>
			</control>
			<control type="grouplist" id="9001">
				<left>255</left>
				<top>590</top>
				<width>690</width>
				<align>center</align>
				<itemgap>30</itemgap>
				<orientation>horizontal</orientation>
				<control type="button" id="28">
					<description>OK Button</description>
					<top>0</top>
					<width>300</width>
					<height>60</height>
					<align>center</align>
					<aligny>center</aligny>
					<onleft>30</onleft>
					<onright>29</onright>
					<onup>5</onup>
					<ondown>5</ondown>
				</control>
				<control type="button" id="29">
					<description>Cancel Button</description>
					<top>0</top>
					<width>300</width>
					<height>60</height>
					<align>center</align>
					<aligny>center</aligny>
					<label/>
					<onleft>28</onleft>
					<onright>30</onright>
					<onup>5</onup>
					<ondown>5</ondown>
				</control>
				<control type="button" id="30">
					<description>Settings Button</description>
					<top>0</top>
					<width>300</width>
					<height>60</height>
					<align>center</align>
					<aligny>center</aligny>
					<onleft>29</onleft>
					<onright>28</onright>
					<onup>5</onup>
					<ondown>5</ondown>
				</control>
			</control>
		</control>
	</controls>
</window>
