﻿<?xml version="1.0" encoding="UTF-8"?>
<window id="139">
	<defaultcontrol always="true">5</defaultcontrol>
	<controls>
		<control type="group">
			<animation effect="slide" start="960,0" end="0,0" time="400" tween="quadratic" easing="out">WindowOpen</animation>
			<animation effect="slide" start="0,0" end="960,0" time="400" tween="quadratic" easing="out">WindowClose</animation>
			<control type="image">
				<left>960</left>
				<top>0</top>
				<width>960</width>
				<height>1080</height>
				<texture background="true">skin/button_klein.png</texture>
				<bordertexture border="10">ThumbShadow.png</bordertexture>
				<bordersize>7</bordersize>
				<colordiffuse>$VAR[ColorButtonDialogeBack]</colordiffuse>
			</control>
			<control type="label">
				<description>header label</description>
				<left>100</left>
				<top>60</top>
				<width>1065</width>
				<height>45</height>
				<font>primal_30</font>
				<label>$LOCALIZE[13406]</label>
				<align>right</align>
				<aligny>center</aligny>
				<textcolor>white</textcolor>
				<shadowcolor>black</shadowcolor>
			</control>
			<control type="scrollbar" id="60">
				<left>1852</left>
				<top>135</top>
				<width>10</width>
				<height>900</height>
				<texturesliderbackground border="0,14,0,14">ScrollBarV.png</texturesliderbackground>
				<texturesliderbar border="0,14,0,14">ScrollBarV_bar.png</texturesliderbar>
				<texturesliderbarfocus border="0,14,0,14">ScrollBarV_bar_focus.png</texturesliderbarfocus>
				<textureslidernib>ScrollBarNib.png</textureslidernib>
				<textureslidernibfocus>ScrollBarNib.png</textureslidernibfocus>
				<onleft>5</onleft>
				<onright>5</onright>
				<showonepage>false</showonepage>
				<orientation>vertical</orientation>
			</control>
			<control type="list" id="5">
				<left>750</left>
				<top>135</top>
				<width>840</width>
				<height>902</height>
				<onleft>60</onleft>
				<onright>60</onright>
				<onup>5</onup>
				<ondown>5</ondown>
				<pagecontrol>60</pagecontrol>
				<scrolltime>200</scrolltime>
				<itemlayout height="60">
					<control type="image">
						<left>0</left>
						<top>0</top>
						<width>840</width>
						<height>62</height>
						<texture border="5">menuitemNF.png</texture>
					</control>
					<control type="label">
						<left>255</left>
						<top>0</top>
						<width>240</width>
						<height>52</height>
						<font>primal_20</font>
						<aligny>center</aligny>
						<textcolor>white</textcolor>
						<shadowcolor>black</shadowcolor>
						<selectedcolor>selected</selectedcolor>
						<!-- <align>right</align> -->
						<label>$INFO[ListItem.Label]:</label>
					</control>
					<control type="label">
						<left>500</left>
						<top>0</top>
						<width>585</width>
						<height>52</height>
						<font>primal_20</font>
						<aligny>center</aligny>
						<shadowcolor>black</shadowcolor>
						<selectedcolor>selected</selectedcolor>
						<align>left</align>
						<info>ListItem.Label2</info>
					</control>
				</itemlayout>
				<focusedlayout height="60">
					<control type="image">
						<left>0</left>
						<top>0</top>
						<width>840</width>
						<height>62</height>
						<visible>!Control.HasFocus(5)</visible>
						<texture border="5">menuitemNF.png</texture>
					</control>
					<control type="image">
						<left>0</left>
						<top>0</top>
						<width>840</width>
						<height>62</height>
						<visible>Control.HasFocus(5)</visible>
						<texture border="5">button-focus.png</texture>
					</control>
					<control type="label">
						<left>255</left>
						<top>0</top>
						<width>240</width>
						<height>52</height>
						<font>primal_20</font>
						<aligny>center</aligny>
						<textcolor>white</textcolor>
						<shadowcolor>black</shadowcolor>
						<selectedcolor>selected</selectedcolor>
						<!-- <align>right</align> -->
						<label>[COLOR=red]$INFO[ListItem.Label]: [/COLOR]</label>
					</control>
					<control type="label">
						<left>500</left>
						<top>0</top>
						<width>585</width>
						<height>52</height>
						<font>primal_20</font>
						<aligny>center</aligny>
						<textcolor>red</textcolor>
						<!-- <shadowcolor>black</shadowcolor>
						<selectedcolor>selected</selectedcolor> -->
						<align>left</align>
						<info>ListItem.Label2</info>
					</control>
				</focusedlayout>
			</control>
		</control>
	</controls>
</window>