﻿<?xml version="1.0" encoding="UTF-8"?>
<window id="2007">
	<defaultcontrol>2</defaultcontrol>
	
	<controls>
		<control type="group" id="13">
			<left>700</left>
			<top>10</top>
			<visible>!Skin.HasSetting(Show_SlideShow_Paused)</visible>
			<control type="image">
				<left>0</left>
				<top>0</top>
				<width>180</width>
				<height>52</height>
				<texture>black-back.png</texture>
				<bordertexture border="3">NoCover_1.png</bordertexture>
				<bordersize>5</bordersize>
			</control>
			<control type="label">
				<description>paused label</description>
				<top>1000</top>
				<width>150</width>
				<height>52</height>
				<align>center</align>
				<aligny>center</aligny>
				<font>primal_18_Title</font>
				<textcolor>$VAR[ColorFontNormal]</textcolor>
				<shadowcolor>$VAR[ColorFontShadow]</shadowcolor>
				<label>50144</label>
			</control>
			
		</control>
		<!-- media infos -->
		<control type="group">
			<left>30</left>
			<top>270r</top>
			<visible>Player.ShowInfo + Player.HasMedia</visible>
			<include>VisibleFadeEffect</include>
			<include>SmallMusicInfo</include>
		</control>
		<control type="label">
				<!-- <visible>Player.HasAudio</visible> -->
				<left>665</left>
				<top>18</top>
				<height>45</height>
				<width>1200</width>
				<label>[B]$INFO[MusicPlayer.Artist]$INFO[MusicPlayer.Title, - ]$INFO[MusicPlayer.Year, (,)][/B] - $INFO[Player.Time]$INFO[Player.Duration, /</label>
				<align>right</align>
				<font>primal_16_Title</font>
				<textcolor>$VAR[ColorFontNormal]</textcolor>
				<shadowcolor>$VAR[ColorFontShadow]</shadowcolor>
				<scroll>true</scroll>
		</control>

		






	</controls>
</window>