﻿<?xml version="1.0" encoding="UTF-8"?>
<window id="2006">
	<defaultcontrol always="true">999</defaultcontrol>
	<allowoverlay>no</allowoverlay>
	<onload condition="system.hasaddon(script.artistslideshow) + String.IsEmpty(Window(Home).Property(ArtistSlideShowLoaded))">RunScript(script.artistslideshow, daemon=True)</onload>
	<onload>ActivateWindow(120)</onload>
	<controls>
		<control type="visualisation" id="2">
			<left>0</left>
			<top>0</top>
			<width>1920</width>
			<height>1080</height>
			<visible>Skin.HasSetting(musikvisualisation)</visible>
		</control>
		<control type="image">
			<description>Default background</description>
			<left>0</left>
			<top>0</top>
			<width>1920</width>
			<height>1080</height>
			<colordiffuse>88FFFFFF</colordiffuse>
			<visible>!Skin.HasSetting(CustomBackground) + !Skin.HasSetting(BlackBackground) + !Skin.HasSetting(ArtistslideshowHome) + !Skin.HasSetting(CDWallNoVisualisation)</visible>
			<texture fallback="special://skin/backgrounds/music_back.jpg">$INFO[MusicPlayer.Property(Fanart_Image)]</texture>
			<animation effect="zoom" start="110" end="135" center="auto" time="15000" tween="cubic" easing="inout" pulse="true" condition="Skin.HasSetting(animation_bg_global)">Conditional</animation>
			<animation effect="slide" end="-30,-30" delay="4000" time="8000" tween="sine" easing="inout" pulse="true" condition="Skin.HasSetting(animation_bg_global)">Conditional</animation>
			<animation effect="slide" end="60,0" delay="10000" time="6000" tween="sine" easing="inout" pulse="true" condition="Skin.HasSetting(animation_bg_global)">Conditional</animation>
		</control>
		<control type="grouplist">
			<align>center</align>
			<top>400</top>
			<itemgap>1</itemgap>
			<orientation>horizontal</orientation>
			<control type="multiimage">
				<width>30</width>
				<height>60</height>
				<imagepath>buttons/music/equalizer/</imagepath>
				<timeperimage>100</timeperimage>
				<randomize>true</randomize>
				<fadetime>10</fadetime>
				<visible>Player.Playing</visible>
				<colordiffuse>$VAR[ColorIcons]</colordiffuse>
				<visible>Player.HasAudio</visible>
			</control>
			<control type="multiimage">
				<width>30</width>
				<height>60</height>
				<imagepath>buttons/music/equalizer/</imagepath>
				<timeperimage>200</timeperimage>
				<randomize>true</randomize>
				<fadetime>10</fadetime>
				<visible>Player.Playing</visible>
				<colordiffuse>$VAR[ColorIcons]</colordiffuse>
				<visible>Player.HasAudio</visible>
			</control>
			<control type="multiimage">
				<width>30</width>
				<height>60</height>
				<imagepath>buttons/music/equalizer/</imagepath>
				<timeperimage>300</timeperimage>
				<randomize>true</randomize>
				<fadetime>10</fadetime>
				<visible>Player.Playing</visible>
				<colordiffuse>$VAR[ColorIcons]</colordiffuse>
				<visible>Player.HasAudio</visible>
			</control>
			<control type="multiimage">
				<width>30</width>
				<height>60</height>
				<imagepath>buttons/music/equalizer/</imagepath>
				<timeperimage>200</timeperimage>
				<randomize>true</randomize>
				<fadetime>10</fadetime>
				<visible>Player.Playing</visible>
				<colordiffuse>$VAR[ColorIcons]</colordiffuse>
				<visible>Player.HasAudio</visible>
			</control>
			<control type="multiimage">
				<width>30</width>
				<height>60</height>
				<imagepath>buttons/music/equalizer/</imagepath>
				<timeperimage>100</timeperimage>
				<randomize>true</randomize>
				<fadetime>10</fadetime>
				<visible>Player.Playing</visible>
				<colordiffuse>$VAR[ColorIcons]</colordiffuse>
				<visible>Player.HasAudio</visible>
			</control>
			<control type="multiimage">
				<width>30</width>
				<height>60</height>
				<imagepath>buttons/music/equalizer/</imagepath>
				<timeperimage>200</timeperimage>
				<randomize>true</randomize>
				<fadetime>10</fadetime>
				<visible>Player.Playing</visible>
				<colordiffuse>$VAR[ColorIcons]</colordiffuse>
				<visible>Player.HasAudio</visible>
			</control>
			<control type="multiimage">
				<width>30</width>
				<height>60</height>
				<imagepath>buttons/music/equalizer/</imagepath>
				<timeperimage>300</timeperimage>
				<randomize>true</randomize>
				<fadetime>10</fadetime>
				<visible>Player.Playing</visible>
				<colordiffuse>$VAR[ColorIcons]</colordiffuse>
				<visible>Player.HasAudio</visible>
			</control>
			<control type="multiimage">
				<width>30</width>
				<height>60</height>
				<imagepath>buttons/music/equalizer/</imagepath>
				<timeperimage>200</timeperimage>
				<randomize>true</randomize>
				<fadetime>10</fadetime>
				<visible>Player.Playing</visible>
				<colordiffuse>$VAR[ColorIcons]</colordiffuse>
				<visible>Player.HasAudio</visible>
			</control>
			<control type="multiimage">
				<width>30</width>
				<height>60</height>
				<imagepath>buttons/music/equalizer/</imagepath>
				<timeperimage>100</timeperimage>
				<randomize>true</randomize>
				<fadetime>10</fadetime>
				<visible>Player.Playing</visible>
				<colordiffuse>$VAR[ColorIcons]</colordiffuse>
				<visible>Player.HasAudio</visible>
			</control>
			<control type="multiimage">
				<width>30</width>
				<height>60</height>
				<imagepath>buttons/music/equalizer/</imagepath>
				<timeperimage>200</timeperimage>
				<randomize>true</randomize>
				<fadetime>10</fadetime>
				<visible>Player.Playing</visible>
				<colordiffuse>$VAR[ColorIcons]</colordiffuse>
				<visible>Player.HasAudio</visible>
			</control>
			<control type="multiimage">
				<width>30</width>
				<height>60</height>
				<imagepath>buttons/music/equalizer/</imagepath>
				<timeperimage>300</timeperimage>
				<randomize>true</randomize>
				<fadetime>10</fadetime>
				<visible>Player.Playing</visible>
				<colordiffuse>$VAR[ColorIcons]</colordiffuse>
				<visible>Player.HasAudio</visible>
			</control>
		</control>
		<control type="multiimage">
			<left>0</left>
			<top>0</top>
			<width>1920</width>
			<height>1080</height>
			<aspectratio scalediffuse="false" align="center" aligny="top">scale</aspectratio>
			<imagepath background="true">$INFO[Window(Visualisation).Property(ArtistSlideshow)]</imagepath>
			<timeperimage>10000</timeperimage>
			<fadetime>2000</fadetime>
			<randomize>true</randomize>
			<colordiffuse>88FFFFFF</colordiffuse>
			<animation effect="fade" start="0" end="100" time="300">Visible</animation>
			<animation effect="fade" start="100" end="0" time="300">Hidden</animation>
			<animation effect="zoom" start="110" end="130" center="auto" time="6000" pulse="true" condition="true">Conditional</animation>
			<animation effect="slide" start="-30,-30" end="60,60" time="7000" pulse="true" condition="true">Conditional</animation>
			<visible>String.IsEmpty(Window.Property(ArtistSlideshowRefresh))</visible>
			<visible>Skin.HasSetting(Artistslideshow)</visible>
			<visible>!Skin.HasSetting(BlackBackground)</visible>
			<visible>!Skin.HasSetting(CustomBackground)</visible>
		</control>
		<control type="multiimage">
			<description>Custom background</description>
			<left>0</left>
			<top>0</top>
			<width>1920</width>
			<height>1080</height>
			<fadetime>2000</fadetime>
			<timeperimage>5000</timeperimage>
			<colordiffuse>88FFFFFF</colordiffuse>
			<visible>Skin.HasSetting(CustomBackground) + !Skin.HasSetting(BlackBackground) + !Skin.HasSetting(ArtistslideshowHome)</visible>
			<imagepath>$INFO[Skin.String(Home_Custom_Back_MusicVisualisation_Folder)]</imagepath>
			<animation effect="zoom" start="110" end="135" center="auto" time="15000" tween="cubic" easing="inout" pulse="true" condition="Skin.HasSetting(animation_bg_global)">Conditional</animation>
			<animation effect="slide" end="-30,-30" delay="4000" time="8000" tween="sine" easing="inout" pulse="true" condition="Skin.HasSetting(animation_bg_global)">Conditional</animation>
			<animation effect="slide" end="60,0" delay="10000" time="6000" tween="sine" easing="inout" pulse="true" condition="Skin.HasSetting(animation_bg_global)">Conditional</animation>
		</control>
		<control type="group">
			<left>-52</left>
			<top>-22</top>
			<visible>!Skin.HasSetting(BlackBackground)</visible>
			<visible>!Skin.HasSetting(CustomBackground)</visible>
			<visible>Player.HasAudio + Skin.HasSetting(CDWallNoVisualisation)</visible>
			<control type="multiimage">
				<left>0</left>
				<top>0</top>
				<width>225</width>
				<height>225</height>
				<aspectratio>stretch</aspectratio>
				<imagepath background="true">$INFO[Skin.String(CDWall_Folder_Path)]</imagepath>
				<colordiffuse>88FFFFFF</colordiffuse>
				<timeperimage>6300</timeperimage>
				<fadetime>500</fadetime>
				<randomize>true</randomize>
			</control>
			<control type="multiimage">
				<left>225</left>
				<top>0</top>
				<width>225</width>
				<height>225</height>
				<aspectratio>stretch</aspectratio>
				<imagepath background="true">$INFO[Skin.String(CDWall_Folder_Path)]</imagepath>
				<colordiffuse>88FFFFFF</colordiffuse>
				<timeperimage>7700</timeperimage>
				<fadetime>500</fadetime>
				<randomize>true</randomize>
			</control>
			<control type="multiimage">
				<left>450</left>
				<top>0</top>
				<width>225</width>
				<height>225</height>
				<aspectratio>stretch</aspectratio>
				<imagepath background="true">$INFO[Skin.String(CDWall_Folder_Path)]</imagepath>
				<colordiffuse>88FFFFFF</colordiffuse>
				<timeperimage>8000</timeperimage>
				<fadetime>500</fadetime>
				<randomize>true</randomize>
			</control>
			<control type="multiimage">
				<left>675</left>
				<top>0</top>
				<width>225</width>
				<height>225</height>
				<aspectratio>stretch</aspectratio>
				<imagepath background="true">$INFO[Skin.String(CDWall_Folder_Path)]</imagepath>
				<colordiffuse>88FFFFFF</colordiffuse>
				<timeperimage>6000</timeperimage>
				<fadetime>500</fadetime>
				<randomize>true</randomize>
			</control>
			<control type="multiimage">
				<left>900</left>
				<top>0</top>
				<width>225</width>
				<height>225</height>
				<aspectratio>stretch</aspectratio>
				<imagepath background="true">$INFO[Skin.String(CDWall_Folder_Path)]</imagepath>
				<colordiffuse>88FFFFFF</colordiffuse>
				<timeperimage>4000</timeperimage>
				<fadetime>500</fadetime>
				<randomize>true</randomize>
			</control>
			<control type="multiimage">
				<left>1125</left>
				<top>0</top>
				<width>225</width>
				<height>225</height>
				<aspectratio>stretch</aspectratio>
				<imagepath background="true">$INFO[Skin.String(CDWall_Folder_Path)]</imagepath>
				<colordiffuse>88FFFFFF</colordiffuse>
				<timeperimage>5500</timeperimage>
				<fadetime>500</fadetime>
				<randomize>true</randomize>
			</control>
			<control type="multiimage">
				<left>1350</left>
				<top>0</top>
				<width>225</width>
				<height>225</height>
				<aspectratio>stretch</aspectratio>
				<imagepath background="true">$INFO[Skin.String(CDWall_Folder_Path)]</imagepath>
				<colordiffuse>88FFFFFF</colordiffuse>
				<timeperimage>5000</timeperimage>
				<fadetime>500</fadetime>
				<randomize>true</randomize>
			</control>
			<control type="multiimage">
				<left>1575</left>
				<top>0</top>
				<width>225</width>
				<height>225</height>
				<aspectratio>stretch</aspectratio>
				<imagepath background="true">$INFO[Skin.String(CDWall_Folder_Path)]</imagepath>
				<colordiffuse>88FFFFFF</colordiffuse>
				<timeperimage>6200</timeperimage>
				<fadetime>500</fadetime>
				<randomize>true</randomize>
			</control>
			<control type="multiimage">
				<left>1800</left>
				<top>0</top>
				<width>225</width>
				<height>225</height>
				<aspectratio>stretch</aspectratio>
				<imagepath background="true">$INFO[Skin.String(CDWall_Folder_Path)]</imagepath>
				<colordiffuse>88FFFFFF</colordiffuse>
				<timeperimage>6600</timeperimage>
				<fadetime>500</fadetime>
				<randomize>true</randomize>
			</control>
			<control type="multiimage">
				<left>0</left>
				<top>225</top>
				<width>225</width>
				<height>225</height>
				<aspectratio>stretch</aspectratio>
				<imagepath background="true">$INFO[Skin.String(CDWall_Folder_Path)]</imagepath>
				<colordiffuse>88FFFFFF</colordiffuse>
				<timeperimage>6500</timeperimage>
				<fadetime>500</fadetime>
				<randomize>true</randomize>
			</control>
			<control type="multiimage">
				<left>225</left>
				<top>225</top>
				<width>225</width>
				<height>225</height>
				<aspectratio>stretch</aspectratio>
				<imagepath background="true">$INFO[Skin.String(CDWall_Folder_Path)]</imagepath>
				<colordiffuse>88FFFFFF</colordiffuse>
				<timeperimage>7200</timeperimage>
				<fadetime>500</fadetime>
				<randomize>true</randomize>
			</control>
			<control type="multiimage">
				<left>450</left>
				<top>225</top>
				<width>225</width>
				<height>225</height>
				<aspectratio>stretch</aspectratio>
				<imagepath background="true">$INFO[Skin.String(CDWall_Folder_Path)]</imagepath>
				<colordiffuse>88FFFFFF</colordiffuse>
				<timeperimage>5100</timeperimage>
				<fadetime>500</fadetime>
				<randomize>true</randomize>
			</control>
			<control type="multiimage">
				<left>675</left>
				<top>225</top>
				<width>225</width>
				<height>225</height>
				<aspectratio>stretch</aspectratio>
				<imagepath background="true">$INFO[Skin.String(CDWall_Folder_Path)]</imagepath>
				<colordiffuse>88FFFFFF</colordiffuse>
				<timeperimage>5200</timeperimage>
				<fadetime>500</fadetime>
				<randomize>true</randomize>
			</control>
			<control type="multiimage">
				<left>900</left>
				<top>225</top>
				<width>225</width>
				<height>225</height>
				<aspectratio>stretch</aspectratio>
				<imagepath background="true">$INFO[Skin.String(CDWall_Folder_Path)]</imagepath>
				<colordiffuse>88FFFFFF</colordiffuse>
				<timeperimage>4100</timeperimage>
				<fadetime>500</fadetime>
				<randomize>true</randomize>
			</control>
			<control type="multiimage">
				<left>1125</left>
				<top>225</top>
				<width>225</width>
				<height>225</height>
				<aspectratio>stretch</aspectratio>
				<imagepath background="true">$INFO[Skin.String(CDWall_Folder_Path)]</imagepath>
				<colordiffuse>88FFFFFF</colordiffuse>
				<timeperimage>5700</timeperimage>
				<fadetime>500</fadetime>
				<randomize>true</randomize>
			</control>
			<control type="multiimage">
				<left>1350</left>
				<top>225</top>
				<width>225</width>
				<height>225</height>
				<aspectratio>stretch</aspectratio>
				<imagepath background="true">$INFO[Skin.String(CDWall_Folder_Path)]</imagepath>
				<colordiffuse>88FFFFFF</colordiffuse>
				<timeperimage>4400</timeperimage>
				<fadetime>500</fadetime>
				<randomize>true</randomize>
			</control>
			<control type="multiimage">
				<left>1575</left>
				<top>225</top>
				<width>225</width>
				<height>225</height>
				<aspectratio>stretch</aspectratio>
				<imagepath background="true">$INFO[Skin.String(CDWall_Folder_Path)]</imagepath>
				<colordiffuse>88FFFFFF</colordiffuse>
				<timeperimage>6800</timeperimage>
				<fadetime>500</fadetime>
				<randomize>true</randomize>
			</control>
			<control type="multiimage">
				<left>1800</left>
				<top>225</top>
				<width>225</width>
				<height>225</height>
				<aspectratio>stretch</aspectratio>
				<imagepath background="true">$INFO[Skin.String(CDWall_Folder_Path)]</imagepath>
				<colordiffuse>88FFFFFF</colordiffuse>
				<timeperimage>7800</timeperimage>
				<fadetime>500</fadetime>
				<randomize>true</randomize>
			</control>
			<control type="multiimage">
				<left>0</left>
				<top>450</top>
				<width>225</width>
				<height>225</height>
				<aspectratio>stretch</aspectratio>
				<imagepath background="true">$INFO[Skin.String(CDWall_Folder_Path)]</imagepath>
				<colordiffuse>88FFFFFF</colordiffuse>
				<timeperimage>8100</timeperimage>
				<fadetime>500</fadetime>
				<randomize>true</randomize>
			</control>
			<control type="multiimage">
				<left>225</left>
				<top>450</top>
				<width>225</width>
				<height>225</height>
				<aspectratio>stretch</aspectratio>
				<imagepath background="true">$INFO[Skin.String(CDWall_Folder_Path)]</imagepath>
				<colordiffuse>88FFFFFF</colordiffuse>
				<timeperimage>4900</timeperimage>
				<fadetime>500</fadetime>
				<randomize>true</randomize>
			</control>
			<control type="multiimage">
				<left>450</left>
				<top>450</top>
				<width>225</width>
				<height>225</height>
				<aspectratio>stretch</aspectratio>
				<imagepath background="true">$INFO[Skin.String(CDWall_Folder_Path)]</imagepath>
				<colordiffuse>88FFFFFF</colordiffuse>
				<timeperimage>5300</timeperimage>
				<fadetime>500</fadetime>
				<randomize>true</randomize>
			</control>
			<control type="multiimage">
				<left>675</left>
				<top>450</top>
				<width>225</width>
				<height>225</height>
				<aspectratio>stretch</aspectratio>
				<imagepath background="true">$INFO[Skin.String(CDWall_Folder_Path)]</imagepath>
				<colordiffuse>88FFFFFF</colordiffuse>
				<timeperimage>4500</timeperimage>
				<fadetime>500</fadetime>
				<randomize>true</randomize>
			</control>
			<control type="multiimage">
				<left>900</left>
				<top>450</top>
				<width>225</width>
				<height>225</height>
				<aspectratio>stretch</aspectratio>
				<imagepath background="true">$INFO[Skin.String(CDWall_Folder_Path)]</imagepath>
				<colordiffuse>88FFFFFF</colordiffuse>
				<timeperimage>7000</timeperimage>
				<fadetime>500</fadetime>
				<randomize>true</randomize>
			</control>
			<control type="multiimage">
				<left>1125</left>
				<top>450</top>
				<width>225</width>
				<height>225</height>
				<aspectratio>stretch</aspectratio>
				<imagepath background="true">$INFO[Skin.String(CDWall_Folder_Path)]</imagepath>
				<colordiffuse>88FFFFFF</colordiffuse>
				<timeperimage>6400</timeperimage>
				<fadetime>500</fadetime>
				<randomize>true</randomize>
			</control>
			<control type="multiimage">
				<left>1350</left>
				<top>450</top>
				<width>225</width>
				<height>225</height>
				<aspectratio>stretch</aspectratio>
				<imagepath background="true">$INFO[Skin.String(CDWall_Folder_Path)]</imagepath>
				<colordiffuse>88FFFFFF</colordiffuse>
				<timeperimage>8300</timeperimage>
				<fadetime>500</fadetime>
				<randomize>true</randomize>
			</control>
			<control type="multiimage">
				<left>1575</left>
				<top>450</top>
				<width>225</width>
				<height>225</height>
				<aspectratio>stretch</aspectratio>
				<imagepath background="true">$INFO[Skin.String(CDWall_Folder_Path)]</imagepath>
				<colordiffuse>88FFFFFF</colordiffuse>
				<timeperimage>7500</timeperimage>
				<fadetime>500</fadetime>
				<randomize>true</randomize>
			</control>
			<control type="multiimage">
				<left>1800</left>
				<top>450</top>
				<width>225</width>
				<height>225</height>
				<aspectratio>stretch</aspectratio>
				<imagepath background="true">$INFO[Skin.String(CDWall_Folder_Path)]</imagepath>
				<colordiffuse>88FFFFFF</colordiffuse>
				<timeperimage>6900</timeperimage>
				<fadetime>500</fadetime>
				<randomize>true</randomize>
			</control>
			<control type="multiimage">
				<left>0</left>
				<top>675</top>
				<width>225</width>
				<height>225</height>
				<aspectratio>stretch</aspectratio>
				<imagepath background="true">$INFO[Skin.String(CDWall_Folder_Path)]</imagepath>
				<colordiffuse>88FFFFFF</colordiffuse>
				<timeperimage>4200</timeperimage>
				<fadetime>500</fadetime>
				<randomize>true</randomize>
			</control>
			<control type="multiimage">
				<left>225</left>
				<top>675</top>
				<width>225</width>
				<height>225</height>
				<aspectratio>stretch</aspectratio>
				<imagepath background="true">$INFO[Skin.String(CDWall_Folder_Path)]</imagepath>
				<colordiffuse>88FFFFFF</colordiffuse>
				<timeperimage>5800</timeperimage>
				<fadetime>500</fadetime>
				<randomize>true</randomize>
			</control>
			<control type="multiimage">
				<left>450</left>
				<top>675</top>
				<width>225</width>
				<height>225</height>
				<aspectratio>stretch</aspectratio>
				<imagepath background="true">$INFO[Skin.String(CDWall_Folder_Path)]</imagepath>
				<colordiffuse>88FFFFFF</colordiffuse>
				<timeperimage>5600</timeperimage>
				<fadetime>500</fadetime>
				<randomize>true</randomize>
			</control>
			<control type="multiimage">
				<left>675</left>
				<top>675</top>
				<width>225</width>
				<height>225</height>
				<aspectratio>stretch</aspectratio>
				<imagepath background="true">$INFO[Skin.String(CDWall_Folder_Path)]</imagepath>
				<colordiffuse>88FFFFFF</colordiffuse>
				<timeperimage>7300</timeperimage>
				<fadetime>500</fadetime>
				<randomize>true</randomize>
			</control>
			<control type="multiimage">
				<left>900</left>
				<top>675</top>
				<width>225</width>
				<height>225</height>
				<aspectratio>stretch</aspectratio>
				<imagepath background="true">$INFO[Skin.String(CDWall_Folder_Path)]</imagepath>
				<colordiffuse>88FFFFFF</colordiffuse>
				<timeperimage>4700</timeperimage>
				<fadetime>500</fadetime>
				<randomize>true</randomize>
			</control>
			<control type="multiimage">
				<left>1125</left>
				<top>675</top>
				<width>225</width>
				<height>225</height>
				<aspectratio>stretch</aspectratio>
				<imagepath background="true">$INFO[Skin.String(CDWall_Folder_Path)]</imagepath>
				<colordiffuse>88FFFFFF</colordiffuse>
				<timeperimage>4800</timeperimage>
				<fadetime>500</fadetime>
				<randomize>true</randomize>
			</control>
			<control type="multiimage">
				<left>1350</left>
				<top>675</top>
				<width>225</width>
				<height>225</height>
				<aspectratio>stretch</aspectratio>
				<imagepath background="true">$INFO[Skin.String(CDWall_Folder_Path)]</imagepath>
				<colordiffuse>88FFFFFF</colordiffuse>
				<timeperimage>5400</timeperimage>
				<fadetime>500</fadetime>
				<randomize>true</randomize>
			</control>
			<control type="multiimage">
				<left>1575</left>
				<top>675</top>
				<width>225</width>
				<height>225</height>
				<aspectratio>stretch</aspectratio>
				<imagepath background="true">$INFO[Skin.String(CDWall_Folder_Path)]</imagepath>
				<colordiffuse>88FFFFFF</colordiffuse>
				<timeperimage>7100</timeperimage>
				<fadetime>500</fadetime>
				<randomize>true</randomize>
			</control>
			<control type="multiimage">
				<left>1800</left>
				<top>675</top>
				<width>225</width>
				<height>225</height>
				<aspectratio>stretch</aspectratio>
				<imagepath background="true">$INFO[Skin.String(CDWall_Folder_Path)]</imagepath>
				<colordiffuse>88FFFFFF</colordiffuse>
				<timeperimage>5200</timeperimage>
				<fadetime>500</fadetime>
				<randomize>true</randomize>
			</control>
			<control type="multiimage">
				<left>0</left>
				<top>900</top>
				<width>225</width>
				<height>225</height>
				<aspectratio>stretch</aspectratio>
				<imagepath background="true">$INFO[Skin.String(CDWall_Folder_Path)]</imagepath>
				<colordiffuse>88FFFFFF</colordiffuse>
				<timeperimage>7600</timeperimage>
				<fadetime>500</fadetime>
				<randomize>true</randomize>
			</control>
			<control type="multiimage">
				<left>225</left>
				<top>900</top>
				<width>225</width>
				<height>225</height>
				<aspectratio>stretch</aspectratio>
				<imagepath background="true">$INFO[Skin.String(CDWall_Folder_Path)]</imagepath>
				<colordiffuse>88FFFFFF</colordiffuse>
				<timeperimage>4300</timeperimage>
				<fadetime>500</fadetime>
				<randomize>true</randomize>
			</control>
			<control type="multiimage">
				<left>450</left>
				<top>900</top>
				<width>225</width>
				<height>225</height>
				<aspectratio>stretch</aspectratio>
				<imagepath background="true">$INFO[Skin.String(CDWall_Folder_Path)]</imagepath>
				<colordiffuse>88FFFFFF</colordiffuse>
				<timeperimage>5900</timeperimage>
				<fadetime>500</fadetime>
				<randomize>true</randomize>
			</control>
			<control type="multiimage">
				<left>675</left>
				<top>900</top>
				<width>225</width>
				<height>225</height>
				<aspectratio>stretch</aspectratio>
				<imagepath background="true">$INFO[Skin.String(CDWall_Folder_Path)]</imagepath>
				<colordiffuse>88FFFFFF</colordiffuse>
				<timeperimage>6100</timeperimage>
				<fadetime>500</fadetime>
				<randomize>true</randomize>
			</control>
			<control type="multiimage">
				<left>900</left>
				<top>900</top>
				<width>225</width>
				<height>225</height>
				<aspectratio>stretch</aspectratio>
				<imagepath background="true">$INFO[Skin.String(CDWall_Folder_Path)]</imagepath>
				<colordiffuse>88FFFFFF</colordiffuse>
				<timeperimage>8200</timeperimage>
				<fadetime>500</fadetime>
				<randomize>true</randomize>
			</control>
			<control type="multiimage">
				<left>1125</left>
				<top>900</top>
				<width>225</width>
				<height>225</height>
				<aspectratio>stretch</aspectratio>
				<imagepath background="true">$INFO[Skin.String(CDWall_Folder_Path)]</imagepath>
				<colordiffuse>88FFFFFF</colordiffuse>
				<timeperimage>6700</timeperimage>
				<fadetime>500</fadetime>
				<randomize>true</randomize>
			</control>
			<control type="multiimage">
				<left>1350</left>
				<top>900</top>
				<width>225</width>
				<height>225</height>
				<aspectratio>stretch</aspectratio>
				<imagepath background="true">$INFO[Skin.String(CDWall_Folder_Path)]</imagepath>
				<colordiffuse>88FFFFFF</colordiffuse>
				<timeperimage>4600</timeperimage>
				<fadetime>500</fadetime>
				<randomize>true</randomize>
			</control>
			<control type="multiimage">
				<left>1575</left>
				<top>900</top>
				<width>225</width>
				<height>225</height>
				<aspectratio>stretch</aspectratio>
				<imagepath background="true">$INFO[Skin.String(CDWall_Folder_Path)]</imagepath>
				<colordiffuse>88FFFFFF</colordiffuse>
				<timeperimage>7900</timeperimage>
				<fadetime>500</fadetime>
				<randomize>true</randomize>
			</control>
			<control type="multiimage">
				<left>1800</left>
				<top>900</top>
				<width>225</width>
				<height>225</height>
				<aspectratio>stretch</aspectratio>
				<imagepath background="true">$INFO[Skin.String(CDWall_Folder_Path)]</imagepath>
				<colordiffuse>88FFFFFF</colordiffuse>
				<timeperimage>7400</timeperimage>
				<fadetime>500</fadetime>
				<randomize>true</randomize>
			</control>
		</control>
		<control type="image">
			<left>0</left>
			<top>0</top>
			<width>1920</width>
			<height>1080</height>
			<texture background="true">cdwall-grid.png</texture>
			<colordiffuse>88FFFFFF</colordiffuse>
			<visible>Player.HasAudio + Skin.HasSetting(CDWallNoVisualisation)</visible>
		</control>
		<control type="group">
			<visible>Player.ShowInfo + ![Window.IsVisible(VisualisationSettings) | Window.IsVisible(VisualisationPresetList)]</visible>
			<animation effect="fade" start="0" end="100" time="300" tween="quadratic" easing="out">WindowOpen</animation>
			<animation effect="fade" start="100" end="0" time="300" delay="150" tween="quadratic" easing="out">WindowClose</animation>
			<animation effect="fade" start="0" end="100" time="300" tween="quadratic" easing="out">visible</animation>
			<animation effect="fade" start="100" end="0" time="300" delay="150" tween="quadratic" easing="out">hidden</animation>
			<control type="image">
				<!-- background -->
				<left>30</left>
				<top>770</top>
				<width>1860</width>
				<height>300</height>
				<aspectratio>stretch</aspectratio>
				<texture background="true">skin/button_klein_tranz90.png</texture>
				<bordertexture border="10">ThumbShadow.png</bordertexture>
				<bordersize>6</bordersize>
				<colordiffuse>$VAR[ColorButtonDialogeBack]</colordiffuse>
			</control>
			<control type="image">
				<description>Logo</description>
				<left>1500</left>
				<top>580</top>
				<width>350</width>
				<height>270</height>
				<texture background="true">$INFO[Window(Home).Property(SkinHelper.Player.Music.ClearLogo)]</texture>
				<aspectratio align="center" aligny="center">keep</aspectratio>
			</control>
			<control type="image">
				<left>1290</left>
				<top>845</top>
				<width>120</width>
				<height>50</height>
				<texture background="true">$INFO[MusicPlayer.Property(Album_Label),special://skin/extras/musicalbumlabel/,.png]</texture>
				<aspectratio align="center" aligny="center">keep</aspectratio>
			</control>
			<!-- ==================== CD ART ================== -->
			<control type="group">
				<visible>Skin.HasSetting(visualisationcdart)</visible>
				<left>210</left>
				<top>710</top>
				<!-- CD Animation -->
				<control type="image">
					<description>Cd Disc</description>
					<animation effect="slide" start="-177" end="0" time="900" tween="cubic" easing="out" delay="1000">WindowOpen</animation>
					<animation type="WindowClose">
						<effect type="slide" start="0" end="-171" time="800" tween="cubic" easing="in" delay="0"/>
						<effect type="fade" start="100" end="0" time="1300"/>
						<condition type="!Player.Playing"/>
					</animation>
					<animation effect="rotate" end="-360" center="auto" time="5000" loop="true" reversible="false" condition="!Player.Paused">Conditional</animation>
					<width>280</width>
					<height>280</height>
					<left>0</left>
					<top>0</top>
					<texture fallback="cdartdefault.png">$INFO[Window(Home).Property(SkinHelper.Player.Music.DiscArt)]</texture>
					<aspectratio>keep</aspectratio>
					<visible>!Skin.HasSetting(cdart2) + !Skin.HasSetting(cdart3)</visible>
				</control>
			</control>
			<!-- =========== END CDART ============= -->
			<control type="group">
				<!-- cover image -->
				<left>45</left>
				<top>500</top>
				<control type="image">
					<left>10</left>
					<top>200</top>
					<width>300</width>
					<height>300</height>
					<aspectratio>stretch</aspectratio>
					<fadetime>IconCrossfadeTime</fadetime>
					<texture background="true">$INFO[MusicPlayer.cover]</texture>
					<bordertexture border="10">ThumbShadow.png</bordertexture>
					<bordersize>6</bordersize>
				</control>
			</control>
			<control type="progress">
				<description>Progressbar</description>
				<left>60</left>
				<top>1030</top>
				<width>1800</width>
				<height>15</height>
				<info>Player.Progress</info>
			</control>
			<control type="group">
				<left>480</left>
				<top>282r</top>
				<control type="grouplist">
					<description>Media Codec Flagging Images</description>
					<left>895</left>
					<top>-8</top>
					<width>825</width>
					<align>left</align>
					<itemgap>30</itemgap>
					<orientation>horizontal</orientation>
					<control type="image">
						<description>Rating image</description>
						<width>180</width>
						<height>60</height>
						<aspectratio align="right">keep</aspectratio>
						<texture>$INFO[Player.UserRating]</texture>
					</control>
					<control type="image">
						<description>Codec Image</description>
						<width>120</width>
						<height>60</height>
						<aspectratio>keep</aspectratio>
						<texture>$INFO[MusicPlayer.Codec,flagging/audio/,.png]</texture>
					</control>
					<control type="image">
						<description>Channels Image</description>
						<width>120</width>
						<height>60</height>
						<aspectratio>keep</aspectratio>
						<texture>$INFO[MusicPlayer.Channels,flagging/audio/,.png]</texture>
					</control>
				</control>
				<control type="label">
					<left>-100</left>
					<top>42</top>
					<width>870</width>
					<height>45</height>
					<label>$INFO[MusicPlayer.Artist]$INFO[MusicPlayer.Album, - ]</label>
					<align>left</align>
					<aligny>center</aligny>
					<font>primal_24</font>
					<textcolor>white</textcolor>
					<visible>!Skin.HasSetting(visualisationcdart)</visible>
				</control>
				<control type="label">
					<left>30</left>
					<top>42</top>
					<width>735</width>
					<height>45</height>
					<label>$INFO[MusicPlayer.Artist]$INFO[MusicPlayer.Album, - ]</label>
					<align>left</align>
					<aligny>center</aligny>
					<font>primal_24</font>
					<textcolor>white</textcolor>
					<visible>Skin.HasSetting(visualisationcdart)</visible>
				</control>
				<control type="label">
					<left>-100</left>
					<top>92</top>
					<width>870</width>
					<height>45</height>
					<label>$INFO[MusicPlayer.Title]</label>
					<align>left</align>
					<aligny>center</aligny>
					<scroll>true</scroll>
					<font>primal_26</font>
					<textcolor>white</textcolor>
					<visible>!Skin.HasSetting(visualisationcdart)</visible>
				</control>
				<control type="label">
					<left>30</left>
					<top>92</top>
					<width>765</width>
					<height>45</height>
					<label>$INFO[MusicPlayer.Title]</label>
					<align>left</align>
					<aligny>center</aligny>
					<scroll>true</scroll>
					<font>primal_26</font>
					<textcolor>white</textcolor>
					<visible>Skin.HasSetting(visualisationcdart)</visible>
				</control>
				<control type="label">
					<left>-100</left>
					<top>150</top>
					<width>450</width>
					<height>30</height>
					<label>$INFO[musicplayer.Playlistposition,$LOCALIZE[554]: ]$INFO[musicplayer.Playlistlength, / ]</label>
					<align>left</align>
					<aligny>center</aligny>
					<font>primal_20</font>
					<textcolor>white</textcolor>
					<visible>!Skin.HasSetting(visualisationcdart)</visible>
				</control>
				<control type="label">
					<left>30</left>
					<top>150</top>
					<width>450</width>
					<height>30</height>
					<label>$INFO[musicplayer.Playlistposition,$LOCALIZE[554]: ]$INFO[musicplayer.Playlistlength, / ]</label>
					<align>left</align>
					<aligny>center</aligny>
					<font>primal_20</font>
					<textcolor>white</textcolor>
					<visible>Skin.HasSetting(visualisationcdart)</visible>
				</control>
				<control type="label">
					<left>675</left>
					<top>55</top>
					<width>700</width>
					<height>30</height>
					<label>$INFO[musicplayer.Codec,,]/$INFO[musicplayer.Bitrate,,kbps]/$INFO[musicplayer.bitspersample,,bit]/$INFO[musicplayer.Samplerate,,KHz]/$INFO[musicplayer.Channels,,ch]</label>
					<align>right</align>
					<aligny>center</aligny>
					<font>primal_16</font>
					<textcolor>white</textcolor>
				</control>
				<control type="label">
					<left>675</left>
					<top>98</top>
					<width>700</width>
					<height>38</height>
					<label>$INFO[Player.Time]$INFO[Player.Duration, / ]</label>
					<align>right</align>
					<aligny>center</aligny>
					<font>primal_30</font>
					<textcolor>white</textcolor>
				</control>
				<control type="label">
					<left>675</left>
					<top>150</top>
					<width>700</width>
					<height>30</height>
					<label>다음 곡: $INFO[MusicPlayer.offset(1).Artist,, - ]$INFO[MusicPlayer.offset(1).Title]</label>
					<align>right</align>
					<aligny>center</aligny>
					<scroll>true</scroll>
					<font>primal_20</font>
					<textcolor>white</textcolor>
				</control>
			</control>
		</control>
		<control type="group">
			<visible>Player.ShowInfo</visible>
			<animation effect="slide" start="0,0" end="240,0" delay="0" time="300" condition="!Window.IsVisible(MusicOSD)">hidden</animation>
			<animation effect="slide" start="240,0" end="0,0" delay="0" time="300" condition="!Window.IsVisible(MusicOSD)">visible</animation>
		</control>
		<control type="group" id="0">
			<left>360</left>
			<top>150</top>
			<include>VisibleFadeEffect</include>
			<visible>Player.ShowCodec + ![Window.IsVisible(121) | Window.IsVisible(122)]</visible>
			<control type="image">
				<description>gradient</description>
				<left>0</left>
				<top>0</top>
				<width>1200</width>
				<height>300</height>
				<colordiffuse>CCFFFFFF</colordiffuse>
				<texture border="20">OverlayDialogBackground.png</texture>
			</control>
			<control type="label">
				<left>45</left>
				<top>30</top>
				<width>540</width>
				<height>38</height>
				<label>$LOCALIZE[50023]</label>
				<align>left</align>
				<aligny>center</aligny>
				<font>primal_20_bold</font>
				<textcolor>white</textcolor>
			</control>
			<control type="label">
				<left>45</left>
				<top>75</top>
				<width>540</width>
				<height>150</height>
				<label>$INFO[musicplayer.Codec,· Codec: ,]$INFO[musicplayer.Bitrate,[CR]· Bitrate: ,kbps]$INFO[musicplayer.bitspersample,[CR]· Bits:,bit]$INFO[musicplayer.Samplerate,[CR]· Freq.: ,kHz]$INFO[musicplayer.Channels,[CR]· Channels: ]</label>
				<align>left</align>
				<aligny>top</aligny>
				<font>primal_18</font>
				<textcolor>white</textcolor>
			</control>
			<control type="label">
				<left>1140</left>
				<top>30</top>
				<width>540</width>
				<height>38</height>
				<label>$LOCALIZE[250]</label>
				<align>right</align>
				<aligny>center</aligny>
				<font>primal_20_bold</font>
				<textcolor>white</textcolor>
			</control>
			<control type="label">
				<left>900</left>
				<top>75</top>
				<width>right</width>
				<height>38</height>
				<label>$INFO[Visualisation.Name] [I]($LOCALIZE[20166])[/I] ·[CR]fps: $INFO[System.FPS] ·</label>
				<align>left</align>
				<aligny>top</aligny>
				<font>primal_18</font>
				<textcolor>white</textcolor>
				<visible>Visualisation.Locked</visible>
			</control>
			<control type="label">
				<left>900</left>
				<top>75</top>
				<width>540</width>
				<height>38</height>
				<label>$INFO[Visualisation.Name] ·[CR]fps: $INFO[System.FPS] ·</label>
				<align>left</align>
				<aligny>top</aligny>
				<font>primal_18</font>
				<textcolor>white</textcolor>
				<visible>!Visualisation.Locked</visible>
			</control>
			<control type="label">
				<left>1140</left>
				<top>158</top>
				<width>540</width>
				<height>38</height>
				<label>$LOCALIZE[50024]</label>
				<align>right</align>
				<aligny>center</aligny>
				<font>primal_20_bold</font>
				<textcolor>white</textcolor>
			</control>
			<control type="label">
				<left>1140</left>
				<top>202</top>
				<width>540</width>
				<height>38</height>
				<label fallback="· (UnAvailable)">$INFO[Visualisation.Preset,, ·]</label>
				<align>right</align>
				<aligny>top</aligny>
				<font>primal_18</font>
				<textcolor>white</textcolor>
				<wrapmultiline>true</wrapmultiline>
			</control>
		</control>
		<control type="button" id="999">
			<texturefocus>-</texturefocus>
			<texturenofocus>-</texturenofocus>
			<left>-15</left>
			<top>-15</top>
			<width>1</width>
			<height>1</height>
			<onfocus>RunScript(script.artistslideshow)</onfocus>
		</control>
	</controls>
</window>