<?xml version="1.0" encoding="utf-8"?>
<window type="dialog" id="1109">
	<onload>Skin.TimerStart(1110_topbaroverlay)</onload>
	<visible>Window.IsActive(fullscreenvideo) | Window.IsActive(visualisation)</visible>
	<visible>Window.IsActive(seekbar) | Window.IsActive(pvrosdchannels) | Window.IsActive(pvrchannelguide)</visible>
	<depth>DepthOSD</depth>
	<include>Animation_TopSlide</include>
	<zorder>0</zorder>
	<controls>
		<control type="group">
			<visible>![Player.ShowInfo | Window.IsActive(fullscreeninfo) | Player.ShowTime | Window.IsActive(videoosd) | Window.IsActive(musicosd) | Window.IsActive(playerprocessinfo) | Window.IsActive(pvrosdchannels) | Window.IsActive(pvrchannelguide)] + [!String.IsEmpty(Player.SeekNumeric) | Player.Seeking | Player.HasPerformedSeek(3) | Player.Forwarding | Player.Rewinding | Player.Paused] | !String.IsEmpty(PVR.ChannelNumberInput)</visible>
			<animation effect="fade" start="0" end="100" time="300">VisibleChange</animation>
			<animation effect="slide" start="0,0" end="0,-80" time="300" condition="Player.Paused + Integer.IsGreaterOrEqual(Skin.TimerElapsedSecs(1110_topbaroverlay),5)">Conditional</animation>
			<control type="group">
				<visible>VideoPlayer.Content(LiveTV)</visible>
			</control>
		</control>
		<control type="group">
			<animation effect="slide" end="0,-200" time="300" tween="sine" easing="inout" condition="$EXP[infodialog_active]">conditional</animation>
			<animation effect="slide" start="0,-200" end="0,0" time="300" tween="cubic" easing="out">VisibleChange</animation>
			<visible>Player.ShowInfo | Window.IsActive(fullscreeninfo) | Player.ShowTime | Window.IsActive(videoosd) | Window.IsActive(musicosd) | Window.IsActive(playerprocessinfo) | Window.IsActive(pvrosdchannels) | Window.IsActive(pvrchannelguide) + ![Player.Seeking | Player.HasPerformedSeek(3) | Player.Forwarding | Player.Rewinding | Player.Paused] | !String.IsEmpty(PVR.ChannelNumberInput)</visible>
			<depth>DepthBars</depth>
			<control type="image">
				<left>0</left>
				<top>0</top>
				<width>100%</width>
				<height>400</height>
				<texture>frame/osdfade.png</texture>
			</control>
			<!-- 라이브TV에 채널넘버 채널명 이미지  -->
			<control type="group">
				<visible>!Window.IsVisible(playerprocessinfo)</visible>
				<visible>[Player.ShowInfo | Window.IsActive(fullscreeninfo)] + VideoPlayer.Content(LiveTV)</visible>
				<visible>Player.ShowInfo | Window.IsActive(fullscreeninfo) | !Player.Seeking | !Player.HasPerformedSeek(3) | !Player.Forwarding | !Player.Rewinding | !Player.Paused</visible>
				<animation effect="fade" start="0" end="100" time="300" delay="250">Visible</animation>
				<animation effect="fade" start="100" end="0" time="100">Hidden</animation>
				<animation effect="slide" end="0,-20" time="150" condition="VideoPlayer.Content(LiveTV)">conditional</animation>
				<top>0</top>
				<!-- <height>380</height> -->
				<control type="label">
					<left>20</left>
					<width>80%</width>
					<top>50</top>
					<height>25</height>
					<label>$INFO[VideoPlayer.ChannelName]</label>
					<shadowcolor>text_shadow</shadowcolor>
					<font>font45_title</font>
				</control>
				<control type="label">
					<left>20</left>
					<width>290</width>
					<top>100</top>
					<height>25</height>
					<label>$INFO[VideoPlayer.ChannelNumberLabel]</label>
					<shadowcolor>text_shadow</shadowcolor>
					<font>WeatherTemp</font>
				</control>
				<control type="image">
					<left>20</left>
					<top>300</top>
					<width>200</width>
					<height>200</height>
					<aspectratio aligny="center">keep</aspectratio>
					<texture>$INFO[Player.Icon]</texture>
				</control>
				<control type="image">
					<left>20</left>
					<top>300</top>
					<width>200</width>
					<height>200</height>
					<aspectratio aligny="center">keep</aspectratio>
					<texture fallback="DefaultTVShows.png">$INFO[PVR.EpgEventIcon]</texture>
					<visible>!String.IsEmpty(PVR.EpgEventIcon)</visible>
				</control>
				<control type="label">
					<left>240</left>
					<top>180</top>
					<right>-200</right>
					<height>25</height>
					<label>$VAR[OSDNextLabelVar]</label>
					<visible>VideoPlayer.HasEpg + !RDS.HasRadioText</visible>
				</control>
				<control type="label">
					<left>240</left>
					<top>180</top>
					<right>-200</right>
					<height>25</height>
					<label>[COLOR grey]$LOCALIZE[14304]: [/COLOR]$INFO[RDS.GetLine(0)]</label>
					<visible>RDS.HasRadioText</visible>
				</control>
		</control>
		</control>
	</controls>
</window>
