<includes>
	<include name="skinshortcuts-mainmenu">
		<item id="1">
			<property name="id">$NUMBER[1]</property>
			<label>홈</label>
			<label2>Custom shortcut</label2>
			<icon>special://skin/media/DefaultShortcut.png</icon>
			<thumb>special://skin/media/km_icon/home_icon/home.png</thumb>
			<property name="labelID">hom</property>
			<property name="defaultID">home_home</property>
			<onclick>noop</onclick>
			<property name="path">noop</property>
			<property name="list">noop</property>
			<visible>String.IsEqual(System.ProfileName,Master user)</visible>
			<property name="submenuVisibility">hom</property>
			<property name="group">mainmenu</property>
			<property name="hasSubmenu">False</property>
			</item>
		<item id="2">
			<property name="id">$NUMBER[2]</property>
			<label>Youtube</label>
			<label2>Custom shortcut</label2>
			<icon>special://skin/extras/icons/DefaultAddonVideo.png</icon>
			<thumb>special://skin/media/km_icon/ott_icon/youtube.png</thumb>
			<property name="labelID">youtube</property>
			<property name="defaultID">home_youtube</property>
			<visible>System.HasAddon(plugin.video.youtube)</visible>
			<onclick>RunAddon(plugin.video.youtube)</onclick>
			<property name="path">RunAddon(plugin.video.youtube)</property>
			<property name="list">RunAddon(plugin.video.youtube)</property>
			<visible>String.IsEqual(System.ProfileName,Master user)</visible>
			<property name="submenuVisibility">youtube</property>
			<property name="group">mainmenu</property>
			<property name="hasSubmenu">False</property>
			</item>
		<item id="3">
			<property name="id">$NUMBER[3]</property>
			<label>Netflix</label>
			<label2>Custom shortcut</label2>
			<icon>special://skin/extras/icons/DefaultAddonVideo.png</icon>
			<thumb>special://skin/media/km_icon/ott_icon/netflix.png</thumb>
			<property name="labelID">netflix</property>
			<property name="defaultID">home_netflix</property>
			<visible>System.HasAddon(plugin.video.netflix)</visible>
			<onclick>RunAddon(plugin.video.netflix)</onclick>
			<property name="path">RunAddon(plugin.video.netflix)</property>
			<property name="list">RunAddon(plugin.video.netflix)</property>
			<visible>String.IsEqual(System.ProfileName,Master user)</visible>
			<property name="submenuVisibility">netflix</property>
			<property name="group">mainmenu</property>
			<property name="hasSubmenu">False</property>
			</item>
		<item id="4">
			<property name="id">$NUMBER[4]</property>
			<label>DisneyPlus</label>
			<label2>Custom shortcut</label2>
			<icon>special://skin/extras/icons/DefaultAddonVideo.png</icon>
			<thumb>special://skin/media/km_icon/ott_icon/disney.png</thumb>
			<property name="labelID">disneyplus</property>
			<property name="defaultID">home_disney</property>
			<visible>System.HasAddon(slyguy.disney.plus)</visible>
			<onclick>RunAddon(slyguy.disney.plus)</onclick>
			<property name="path">RunAddon(slyguy.disney.plus)</property>
			<property name="list">RunAddon(slyguy.disney.plus)</property>
			<visible>String.IsEqual(System.ProfileName,Master user)</visible>
			<property name="submenuVisibility">disneyplus</property>
			<property name="group">mainmenu</property>
			<property name="hasSubmenu">False</property>
			</item>
		<item id="5">
			<property name="id">$NUMBER[5]</property>
			<label>Wavve</label>
			<label2>Custom shortcut</label2>
			<icon>special://skin/extras/icons/DefaultAddonVideo.png</icon>
			<thumb>special://skin/media/km_icon/ott_icon/wavve.png</thumb>
			<property name="labelID">wavve</property>
			<property name="defaultID">home_wavvem</property>
			<visible>System.HasAddon(plugin.video.wavvem)</visible>
			<onclick>RunAddon(plugin.video.wavvem)</onclick>
			<property name="path">RunAddon(plugin.video.wavvem)</property>
			<property name="list">RunAddon(plugin.video.wavvem)</property>
			<visible>String.IsEqual(System.ProfileName,Master user)</visible>
			<property name="submenuVisibility">wavve</property>
			<property name="group">mainmenu</property>
			<property name="hasSubmenu">False</property>
			</item>
		<item id="6">
			<property name="id">$NUMBER[6]</property>
			<label>Tving</label>
			<label2>Custom shortcut</label2>
			<icon>special://skin/extras/icons/DefaultAddonVideo.png</icon>
			<thumb>special://skin/media/km_icon/ott_icon/tving.png</thumb>
			<property name="labelID">tving</property>
			<property name="defaultID">home_tvingm</property>
			<visible>System.HasAddon(plugin.video.tvingm)</visible>
			<onclick>RunAddon(plugin.video.tvingm)</onclick>
			<property name="path">RunAddon(plugin.video.tvingm)</property>
			<property name="list">RunAddon(plugin.video.tvingm)</property>
			<visible>String.IsEqual(System.ProfileName,Master user)</visible>
			<property name="submenuVisibility">tving</property>
			<property name="group">mainmenu</property>
			<property name="hasSubmenu">False</property>
			</item>
		<item id="7">
			<property name="id">$NUMBER[7]</property>
			<label>Watcha</label>
			<label2>Custom shortcut</label2>
			<icon>special://skin/extras/icons/DefaultAddonVideo.png</icon>
			<thumb>special://skin/media/km_icon/ott_icon/watcha.png</thumb>
			<property name="labelID">watcha</property>
			<property name="defaultID">home_watcham</property>
			<visible>System.HasAddon(plugin.video.watcham)</visible>
			<onclick>RunAddon(plugin.video.watcham)</onclick>
			<property name="path">RunAddon(plugin.video.watcham)</property>
			<property name="list">RunAddon(plugin.video.watcham)</property>
			<visible>String.IsEqual(System.ProfileName,Master user)</visible>
			<property name="submenuVisibility">watcha</property>
			<property name="group">mainmenu</property>
			<property name="hasSubmenu">False</property>
			</item>
		<item id="8">
			<property name="id">$NUMBER[8]</property>
			<label>Spotv</label>
			<label2>Custom shortcut</label2>
			<icon>special://skin/extras/icons/DefaultAddonVideo.png</icon>
			<thumb>special://skin/media/km_icon/ott_icon/spotv.png</thumb>
			<property name="labelID">spotv</property>
			<property name="defaultID">home_spotvm</property>
			<visible>System.HasAddon(plugin.video.spotvm)</visible>
			<onclick>RunAddon(plugin.video.spotvm)</onclick>
			<property name="path">RunAddon(plugin.video.spotvm)</property>
			<property name="list">RunAddon(plugin.video.spotvm)</property>
			<visible>String.IsEqual(System.ProfileName,Master user)</visible>
			<property name="submenuVisibility">spotv</property>
			<property name="group">mainmenu</property>
			<property name="hasSubmenu">False</property>
			</item>
		<item id="9">
			<property name="id">$NUMBER[9]</property>
			<label>Samsungtv</label>
			<label2>Custom shortcut</label2>
			<icon>special://skin/extras/icons/DefaultAddonVideo.png</icon>
			<thumb>special://skin/media/km_icon/ott_icon/samsungtv.png</thumb>
			<property name="labelID">samsungtv</property>
			<property name="defaultID">home_samsungtvm</property>
			<visible>System.HasAddon(plugin.video.samsungtvm)</visible>
			<onclick>RunAddon(plugin.video.samsungtvm)</onclick>
			<property name="path">RunAddon(plugin.video.samsungtvm)</property>
			<property name="list">RunAddon(plugin.video.samsungtvm)</property>
			<visible>String.IsEqual(System.ProfileName,Master user)</visible>
			<property name="submenuVisibility">samsungtv</property>
			<property name="group">mainmenu</property>
			<property name="hasSubmenu">False</property>
			</item>
		<item id="10">
			<property name="id">$NUMBER[10]</property>
			<label>Kakaotv</label>
			<label2>Custom shortcut</label2>
			<icon>special://skin/extras/icons/DefaultAddonVideo.png</icon>
			<thumb>special://skin/media/km_icon/ott_icon/kakaotv.png</thumb>
			<property name="labelID">kakaotv</property>
			<property name="defaultID">home_kakaotvm</property>
			<visible>System.HasAddon(plugin.video.kakaotvm)</visible>
			<onclick>RunAddon(plugin.video.kakaotvm)</onclick>
			<property name="path">RunAddon(plugin.video.kakaotvm)</property>
			<property name="list">RunAddon(plugin.video.kakaotvm)</property>
			<visible>String.IsEqual(System.ProfileName,Master user)</visible>
			<property name="submenuVisibility">kakaotv</property>
			<property name="group">mainmenu</property>
			<property name="hasSubmenu">False</property>
			</item>
		<item id="11">
			<property name="id">$NUMBER[11]</property>
			<label>Nsports</label>
			<label2>Custom shortcut</label2>
			<icon>special://skin/extras/icons/DefaultAddonVideo.png</icon>
			<thumb>special://skin/media/km_icon/ott_icon/nsports.png</thumb>
			<property name="labelID">nsports</property>
			<property name="defaultID">home_nsportsm</property>
			<visible>System.HasAddon(plugin.video.nsportsm)</visible>
			<onclick>RunAddon(plugin.video.nsportsm)</onclick>
			<property name="path">RunAddon(plugin.video.nsportsm)</property>
			<property name="list">RunAddon(plugin.video.nsportsm)</property>
			<visible>String.IsEqual(System.ProfileName,Master user)</visible>
			<property name="submenuVisibility">nsports</property>
			<property name="group">mainmenu</property>
			<property name="hasSubmenu">False</property>
			</item>
		<item id="12">
			<property name="id">$NUMBER[12]</property>
			<label>Coupang</label>
			<label2>Custom shortcut</label2>
			<icon>special://skin/extras/icons/DefaultAddonVideo.png</icon>
			<thumb>special://skin/media/km_icon/ott_icon/coupang.png</thumb>
			<property name="labelID">coupang</property>
			<property name="defaultID">home_coupangm</property>
			<visible>System.HasAddon(plugin.video.coupangm)</visible>
			<onclick>RunAddon(plugin.video.coupangm)</onclick>
			<property name="path">RunAddon(plugin.video.coupangm)</property>
			<property name="list">RunAddon(plugin.video.coupangm)</property>
			<visible>String.IsEqual(System.ProfileName,Master user)</visible>
			<property name="submenuVisibility">coupang</property>
			<property name="group">mainmenu</property>
			<property name="hasSubmenu">False</property>
			</item>
		<item id="13">
			<property name="id">$NUMBER[13]</property>
			<label>$LOCALIZE[427]</label>
			<label2>Common Shortcut</label2>
			<icon>special://skin/media/DefaultShortcut.png</icon>
			<thumb>special://skin/media/km_icon/home_icon/disc.png</thumb>
			<property name="labelID">427</property>
			<property name="defaultID">home_disc</property>
			<property name="icon">special://skin/media/DefaultShortcut.png</property>
			<visible>System.HasMediaDVD</visible>
			<onclick>PlayDisc</onclick>
			<property name="path">PlayDisc</property>
			<property name="list">PlayDisc</property>
			<visible>String.IsEqual(System.ProfileName,Master user)</visible>
			<property name="submenuVisibility">num-427</property>
			<property name="group">mainmenu</property>
			<property name="hasSubmenu">False</property>
			</item>
		<item id="14">
			<property name="id">$NUMBER[14]</property>
			<label>$LOCALIZE[427]</label>
			<label2>Common Shortcut</label2>
			<icon>special://skin/media/DefaultShortcut.png</icon>
			<thumb>special://skin/media/km_icon/home_icon/disc.png</thumb>
			<property name="labelID">427--0</property>
			<property name="defaultID">home_disc</property>
			<visible>System.HasMediaDVD</visible>
			<onclick>PlayDisc</onclick>
			<property name="path">PlayDisc</property>
			<property name="list">PlayDisc</property>
			<visible>String.IsEqual(System.ProfileName,Master user)</visible>
			<property name="submenuVisibility">427-0</property>
			<property name="group">mainmenu</property>
			<property name="hasSubmenu">False</property>
			</item>
		<item id="15">
			<property name="id">$NUMBER[15]</property>
			<label>$LOCALIZE[342]</label>
			<label2>Common Shortcut</label2>
			<icon>special://skin/media/DefaultShortcut.png</icon>
			<thumb>special://skin/media/km_icon/home_icon/movies.png</thumb>
			<property name="labelID">movies</property>
			<property name="defaultID">home_movies</property>
			<property name="widget">MoviesWidget</property>
			<property name="widgetName">342</property>
			<property name="background">special://skin/extras/home-images/movies.jpg</property>
			<property name="icon">special://skin/media/DefaultShortcut.png</property>
			<property name="icon">special://skin/media/DefaultShortcut.png</property>
			<visible>[Library.HasContent(Movies)] + [Library.HasContent(movies) + !Skin.HasSetting(hide_moviescategory)]</visible>
			<onclick>ActivateWindow(Videos,videodb://movies/titles/,return)</onclick>
			<property name="path">ActivateWindow(Videos,videodb://movies/titles/,return)</property>
			<property name="list">videodb://movies/titles/</property>
			<visible>String.IsEqual(System.ProfileName,Master user)</visible>
			<property name="submenuVisibility">movies</property>
			<property name="group">mainmenu</property>
			<property name="hasSubmenu">False</property>
			</item>
		<item id="16">
			<property name="id">$NUMBER[16]</property>
			<label>$LOCALIZE[342]</label>
			<label2>Common Shortcut</label2>
			<icon>special://skin/media/DefaultShortcut.png</icon>
			<thumb>special://skin/media/km_icon/home_icon/movies.png</thumb>
			<property name="labelID">movies--0</property>
			<property name="defaultID">home_movies</property>
			<visible>[Library.HasContent(Movies)] + [Library.HasContent(movies) + Skin.HasSetting(hide_moviescategory)]</visible>
			<onclick>ActivateWindow(Videos,videodb://movies/,return)</onclick>
			<property name="path">ActivateWindow(Videos,videodb://movies/,return)</property>
			<property name="list">videodb://movies/</property>
			<visible>String.IsEqual(System.ProfileName,Master user)</visible>
			<property name="submenuVisibility">movies-0</property>
			<property name="group">mainmenu</property>
			<property name="hasSubmenu">False</property>
			</item>
		<item id="17">
			<property name="id">$NUMBER[17]</property>
			<label>$LOCALIZE[342]</label>
			<label2>Common Shortcut</label2>
			<icon>special://skin/media/DefaultShortcut.png</icon>
			<thumb>special://skin/media/km_icon/home_icon/movies.png</thumb>
			<property name="labelID">movies--1</property>
			<property name="defaultID">home_movies</property>
			<visible>!Library.HasContent(movies)</visible>
			<onclick>ActivateWindow(Videos,sources://video/,return)</onclick>
			<property name="path">ActivateWindow(Videos,sources://video/,return)</property>
			<property name="list">sources://video/</property>
			<visible>String.IsEqual(System.ProfileName,Master user)</visible>
			<property name="submenuVisibility">movies-1</property>
			<property name="group">mainmenu</property>
			<property name="hasSubmenu">False</property>
			</item>
		<item id="18">
			<property name="id">$NUMBER[18]</property>
			<label>$LOCALIZE[20343]</label>
			<label2>Common Shortcut</label2>
			<icon>icons/sidemenu/tv.png</icon>
			<thumb>special://skin/media/km_icon/home_icon/tvshows.png</thumb>
			<property name="labelID">tvshows</property>
			<property name="defaultID">home_tvshows</property>
			<property name="widget">TVShowsWidget</property>
			<property name="widgetName">20343</property>
			<property name="background">special://skin/extras/home-images/tvshows.jpg</property>
			<property name="icon">icons/sidemenu/tv.png</property>
			<property name="icon">icons/sidemenu/tv.png</property>
			<visible>[Library.HasContent(TVShows)] + [Library.HasContent(tvshows) + !Skin.HasSetting(hide_tvshowscategory)]</visible>
			<onclick>ActivateWindow(Videos,videodb://tvshows/titles/,return)</onclick>
			<property name="path">ActivateWindow(Videos,videodb://tvshows/titles/,return)</property>
			<property name="list">videodb://tvshows/titles/</property>
			<visible>String.IsEqual(System.ProfileName,Master user)</visible>
			<property name="submenuVisibility">tvshows</property>
			<property name="group">mainmenu</property>
			<property name="hasSubmenu">False</property>
			</item>
		<item id="19">
			<property name="id">$NUMBER[19]</property>
			<label>$LOCALIZE[20343]</label>
			<label2>Common Shortcut</label2>
			<icon>icons/sidemenu/tv.png</icon>
			<thumb>special://skin/media/km_icon/home_icon/tvshows.png</thumb>
			<property name="labelID">tvshows--0</property>
			<property name="defaultID">home_tvshows</property>
			<visible>[Library.HasContent(TVShows)] + [Library.HasContent(tvshows) + Skin.HasSetting(hide_tvshowscategory)]</visible>
			<onclick>ActivateWindow(Videos,videodb://tvshows/,return)</onclick>
			<property name="path">ActivateWindow(Videos,videodb://tvshows/,return)</property>
			<property name="list">videodb://tvshows/</property>
			<visible>String.IsEqual(System.ProfileName,Master user)</visible>
			<property name="submenuVisibility">tvshows-0</property>
			<property name="group">mainmenu</property>
			<property name="hasSubmenu">False</property>
			</item>
		<item id="20">
			<property name="id">$NUMBER[20]</property>
			<label>$LOCALIZE[20343]</label>
			<label2>Common Shortcut</label2>
			<icon>icons/sidemenu/tv.png</icon>
			<thumb>special://skin/media/km_icon/home_icon/tvshows.png</thumb>
			<property name="labelID">tvshows--1</property>
			<property name="defaultID">home_tvshows</property>
			<visible>!Library.HasContent(tvshows)</visible>
			<onclick>ActivateWindow(Videos,sources://video/,return)</onclick>
			<property name="path">ActivateWindow(Videos,sources://video/,return)</property>
			<property name="list">sources://video/</property>
			<visible>String.IsEqual(System.ProfileName,Master user)</visible>
			<property name="submenuVisibility">tvshows-1</property>
			<property name="group">mainmenu</property>
			<property name="hasSubmenu">False</property>
			</item>
		<item id="21">
			<property name="id">$NUMBER[21]</property>
			<label>$LOCALIZE[2]</label>
			<label2>Common Shortcut</label2>
			<icon>icons/sidemenu/music.png</icon>
			<thumb>special://skin/media/km_icon/home_icon/music.png</thumb>
			<property name="labelID">music</property>
			<property name="defaultID">home_music</property>
			<property name="widget">MusicWidget</property>
			<property name="widgetName">2</property>
			<property name="background">special://skin/extras/home-images/music.jpg</property>
			<property name="icon">icons/sidemenu/music.png</property>
			<property name="icon">icons/sidemenu/music.png</property>
			<visible>[Library.HasContent(Music)] + [Library.HasContent(music) + !Skin.HasSetting(hide_musiccategory)]</visible>
			<onclick>ActivateWindow(Music,musicdb://artists/,return)</onclick>
			<property name="path">ActivateWindow(Music,musicdb://artists/,return)</property>
			<property name="list">musicdb://artists/</property>
			<visible>String.IsEqual(System.ProfileName,Master user)</visible>
			<property name="submenuVisibility">music</property>
			<property name="group">mainmenu</property>
			<property name="hasSubmenu">False</property>
			</item>
		<item id="22">
			<property name="id">$NUMBER[22]</property>
			<label>$LOCALIZE[2]</label>
			<label2>Common Shortcut</label2>
			<icon>icons/sidemenu/music.png</icon>
			<thumb>special://skin/media/km_icon/home_icon/music.png</thumb>
			<property name="labelID">music--0</property>
			<property name="defaultID">home_music</property>
			<visible>Library.HasContent(music) + Skin.HasSetting(hide_musiccategory)</visible>
			<onclick>ActivateWindow(Music,root,return)</onclick>
			<property name="path">ActivateWindow(Music,root,return)</property>
			<property name="list">root</property>
			<visible>String.IsEqual(System.ProfileName,Master user)</visible>
			<property name="submenuVisibility">music-0</property>
			<property name="group">mainmenu</property>
			<property name="hasSubmenu">False</property>
			</item>
		<item id="23">
			<property name="id">$NUMBER[23]</property>
			<label>$LOCALIZE[2]</label>
			<label2>Common Shortcut</label2>
			<icon>icons/sidemenu/music.png</icon>
			<thumb>special://skin/media/km_icon/home_icon/music.png</thumb>
			<property name="labelID">music--1</property>
			<property name="defaultID">home_music</property>
			<visible>!Library.HasContent(music)</visible>
			<onclick>ActivateWindow(Music,Files,return)</onclick>
			<property name="path">ActivateWindow(Music,Files,return)</property>
			<property name="list">Files</property>
			<visible>String.IsEqual(System.ProfileName,Master user)</visible>
			<property name="submenuVisibility">music-1</property>
			<property name="group">mainmenu</property>
			<property name="hasSubmenu">False</property>
			</item>
		<item id="24">
			<property name="id">$NUMBER[24]</property>
			<label>$LOCALIZE[20389]</label>
			<label2>Common Shortcut</label2>
			<icon>icons/sidemenu/musicvideos.png</icon>
			<thumb>special://skin/media/km_icon/home_icon/musicvideos.png</thumb>
			<property name="labelID">musicvideos</property>
			<property name="defaultID">home_musicvideos</property>
			<property name="widget">MusicVideosWidget</property>
			<property name="widgetName">20389</property>
			<property name="background">special://skin/extras/home-images/musicvideos.jpg</property>
			<property name="icon">icons/sidemenu/musicvideos.png</property>
			<property name="icon">icons/sidemenu/musicvideos.png</property>
			<visible>[Library.HasContent(MusicVideos)] + [Library.HasContent(musicvideos) + !Skin.HasSetting(hide_musicvideocategory)]</visible>
			<onclick>ActivateWindow(Videos,videodb://musicvideos/titles/,return)</onclick>
			<property name="path">ActivateWindow(Videos,videodb://musicvideos/titles/,return)</property>
			<property name="list">videodb://musicvideos/titles/</property>
			<visible>String.IsEqual(System.ProfileName,Master user)</visible>
			<property name="submenuVisibility">musicvideos</property>
			<property name="group">mainmenu</property>
			<property name="hasSubmenu">False</property>
			</item>
		<item id="25">
			<property name="id">$NUMBER[25]</property>
			<label>$LOCALIZE[20389]</label>
			<label2>Common Shortcut</label2>
			<icon>icons/sidemenu/musicvideos.png</icon>
			<thumb>special://skin/media/km_icon/home_icon/musicvideos.png</thumb>
			<property name="labelID">musicvideos--0</property>
			<property name="defaultID">home_musicvideos</property>
			<visible>[Library.HasContent(MusicVideos)] + [Library.HasContent(musicvideos) + Skin.HasSetting(hide_musicvideocategory)]</visible>
			<onclick>ActivateWindow(Videos,musicvideos,return)</onclick>
			<property name="path">ActivateWindow(Videos,musicvideos,return)</property>
			<property name="list">musicvideos</property>
			<visible>String.IsEqual(System.ProfileName,Master user)</visible>
			<property name="submenuVisibility">musicvideos-0</property>
			<property name="group">mainmenu</property>
			<property name="hasSubmenu">False</property>
			</item>
		<item id="26">
			<property name="id">$NUMBER[26]</property>
			<label>$LOCALIZE[20389]</label>
			<label2>Common Shortcut</label2>
			<icon>icons/sidemenu/musicvideos.png</icon>
			<thumb>special://skin/media/km_icon/home_icon/musicvideos.png</thumb>
			<property name="labelID">musicvideos--1</property>
			<property name="defaultID">home_musicvideos</property>
			<visible>!Library.HasContent(musicvideos)</visible>
			<onclick>ActivateWindow(videos,files,return)</onclick>
			<property name="path">ActivateWindow(videos,files,return)</property>
			<property name="list">files</property>
			<visible>String.IsEqual(System.ProfileName,Master user)</visible>
			<property name="submenuVisibility">musicvideos-1</property>
			<property name="group">mainmenu</property>
			<property name="hasSubmenu">False</property>
			</item>
		<item id="27">
			<property name="id">$NUMBER[27]</property>
			<label>$LOCALIZE[19020]</label>
			<label2>Common Shortcut</label2>
			<icon>icons/sidemenu/livetv.png</icon>
			<thumb>special://skin/media/km_icon/home_icon/livetv.png</thumb>
			<property name="labelID">19020</property>
			<property name="defaultID">home_livetv</property>
			<visible>System.HasPVRAddon</visible>
			<onclick>ActivateWindow(TVChannels)</onclick>
			<property name="path">ActivateWindow(TVChannels)</property>
			<property name="list">TVChannels</property>
			<visible>String.IsEqual(System.ProfileName,Master user)</visible>
			<property name="submenuVisibility">num-19020</property>
			<property name="group">mainmenu</property>
			<property name="hasSubmenu">False</property>
			</item>
		<item id="28">
			<property name="id">$NUMBER[28]</property>
			<label>$LOCALIZE[19021]</label>
			<label2>Common Shortcut</label2>
			<icon>icons/sidemenu/radio.png</icon>
			<thumb>special://skin/media/km_icon/home_icon/radio.png</thumb>
			<property name="labelID">19021</property>
			<property name="defaultID">home_radio</property>
			<visible>System.HasPVRAddon</visible>
			<onclick>ActivateWindow(RadioChannels)</onclick>
			<property name="path">ActivateWindow(RadioChannels)</property>
			<property name="list">RadioChannels</property>
			<visible>String.IsEqual(System.ProfileName,Master user)</visible>
			<property name="submenuVisibility">num-19021</property>
			<property name="group">mainmenu</property>
			<property name="hasSubmenu">False</property>
			</item>
		<item id="29">
			<property name="id">$NUMBER[29]</property>
			<label>$LOCALIZE[15016]</label>
			<label2>Common Shortcut</label2>
			<icon>icons/sidemenu/games.png</icon>
			<thumb>special://skin/media/km_icon/home_icon/games.png</thumb>
			<property name="labelID">15016</property>
			<property name="defaultID">home_games</property>
			<visible>System.GetBool(gamesgeneral.enable)</visible>
			<onclick>ActivateWindow(Games)</onclick>
			<property name="path">ActivateWindow(Games)</property>
			<property name="list">Games</property>
			<visible>String.IsEqual(System.ProfileName,Master user)</visible>
			<property name="submenuVisibility">num-15016</property>
			<property name="group">mainmenu</property>
			<property name="hasSubmenu">False</property>
			</item>
		<item id="30">
			<property name="id">$NUMBER[30]</property>
			<label>$LOCALIZE[24001]</label>
			<label2>Common Shortcut</label2>
			<icon>icons/sidemenu/addons.png</icon>
			<thumb>special://skin/media/km_icon/home_icon/addons.png</thumb>
			<property name="labelID">24001</property>
			<property name="defaultID">home_addons</property>
			<onclick>ActivateWindow(1100)</onclick>
			<property name="path">ActivateWindow(1100)</property>
			<property name="list">1100</property>
			<visible>String.IsEqual(System.ProfileName,Master user)</visible>
			<property name="submenuVisibility">num-24001</property>
			<property name="group">mainmenu</property>
			<property name="hasSubmenu">False</property>
			</item>
		<item id="31">
			<property name="id">$NUMBER[31]</property>
			<label>$LOCALIZE[1]</label>
			<label2>Common Shortcut</label2>
			<icon>icons/sidemenu/pictures.png</icon>
			<thumb>special://skin/media/km_icon/home_icon/photo.png</thumb>
			<property name="labelID">1</property>
			<property name="defaultID">home_pictures</property>
			<onclick>ActivateWindow(Pictures)</onclick>
			<property name="path">ActivateWindow(Pictures)</property>
			<property name="list">Pictures</property>
			<visible>String.IsEqual(System.ProfileName,Master user)</visible>
			<property name="submenuVisibility">num-1</property>
			<property name="group">mainmenu</property>
			<property name="hasSubmenu">False</property>
			</item>
		<item id="32">
			<property name="id">$NUMBER[32]</property>
			<label>$LOCALIZE[3]</label>
			<label2>Common Shortcut</label2>
			<icon>special://skin/extras/icons/DefaultAddonVideo.png</icon>
			<thumb>special://skin/media/km_icon/home_icon/videos.png</thumb>
			<property name="labelID">videos</property>
			<property name="defaultID">home_video</property>
			<onclick>ActivateWindow(Videos,root)</onclick>
			<property name="path">ActivateWindow(Videos,root)</property>
			<property name="list">root</property>
			<visible>String.IsEqual(System.ProfileName,Master user)</visible>
			<property name="submenuVisibility">videos</property>
			<property name="group">mainmenu</property>
			<property name="hasSubmenu">False</property>
			</item>
		<item id="33">
			<property name="id">$NUMBER[33]</property>
			<label>$LOCALIZE[10134]</label>
			<label2>Common Shortcut</label2>
			<icon>icons/sidemenu/favourites.png</icon>
			<thumb>special://skin/media/km_icon/home_icon/fav.png</thumb>
			<property name="labelID">10134</property>
			<property name="defaultID">home_favorites</property>
			<onclick>ActivateWindow(favouritesbrowser)</onclick>
			<property name="path">ActivateWindow(favouritesbrowser)</property>
			<property name="list">favouritesbrowser</property>
			<visible>String.IsEqual(System.ProfileName,Master user)</visible>
			<property name="submenuVisibility">num-10134</property>
			<property name="group">mainmenu</property>
			<property name="hasSubmenu">False</property>
			</item>
		<item id="34">
			<property name="id">$NUMBER[34]</property>
			<label>$LOCALIZE[8]</label>
			<label2>Common Shortcut</label2>
			<icon>icons/sidemenu/weather.png</icon>
			<thumb>special://skin/media/km_icon/home_icon/weather.png</thumb>
			<property name="labelID">8</property>
			<property name="defaultID">home_weather</property>
			<property name="icon">icons/sidemenu/weather.png</property>
			<visible>[!String.IsEmpty(Weather.Plugin)] + [!String.IsEmpty(Weather.Plugin)]</visible>
			<onclick>ActivateWindow(Weather)</onclick>
			<property name="path">ActivateWindow(Weather)</property>
			<property name="list">Weather</property>
			<visible>String.IsEqual(System.ProfileName,Master user)</visible>
			<property name="submenuVisibility">num-8</property>
			<property name="group">mainmenu</property>
			<property name="hasSubmenu">False</property>
			</item>
		<item id="35">
			<property name="id">$NUMBER[35]</property>
			<label>$LOCALIZE[8]</label>
			<label2>Common Shortcut</label2>
			<icon>icons/sidemenu/weather.png</icon>
			<thumb>special://skin/media/km_icon/home_icon/weather.png</thumb>
			<property name="labelID">8--0</property>
			<property name="defaultID">home_weather</property>
			<visible>String.IsEmpty(Weather.Plugin)</visible>
			<onclick>ReplaceWindow(servicesettings,weather)</onclick>
			<property name="path">ReplaceWindow(servicesettings,weather)</property>
			<property name="list">ReplaceWindow(servicesettings,weather)</property>
			<visible>String.IsEqual(System.ProfileName,Master user)</visible>
			<property name="submenuVisibility">8-0</property>
			<property name="group">mainmenu</property>
			<property name="hasSubmenu">False</property>
			</item>
		<item id="36">
			<property name="id">$NUMBER[36]</property>
			<label>$LOCALIZE[10004]</label>
			<label2>Common Shortcut</label2>
			<icon>special://skin/extras/icons/DefaultAddonVideo.png</icon>
			<thumb>special://skin/media/km_icon/home_icon/set.png</thumb>
			<property name="labelID">settings</property>
			<property name="defaultID">home_settings</property>
			<onclick>ActivateWindowAndFocus(Settings,9000,0)</onclick>
			<property name="path">ActivateWindowAndFocus(Settings,9000,0)</property>
			<property name="list">9000</property>
			<visible>String.IsEqual(System.ProfileName,Master user)</visible>
			<property name="submenuVisibility">settings</property>
			<property name="group">mainmenu</property>
			<property name="hasSubmenu">False</property>
			</item>
		<item id="37">
			<property name="id">$NUMBER[37]</property>
			<label>LibreELEC</label>
			<label2>Common Shortcut</label2>
			<icon>special://skin/extras/icons/DefaultAddonVideo.png</icon>
			<thumb>special://skin/media/km_icon/home_icon/libreelec.png</thumb>
			<property name="labelID">libreelec</property>
			<property name="defaultID">home_libreelec</property>
			<property name="background">special://skin/extras/home-images/libreelec.png</property>
			<visible>System.HasAddon(service.libreelec.settings)</visible>
			<onclick>RunAddon(service.libreelec.settings)</onclick>
			<property name="path">RunAddon(service.libreelec.settings)</property>
			<property name="list">RunAddon(service.libreelec.settings)</property>
			<visible>String.IsEqual(System.ProfileName,Master user)</visible>
			<property name="submenuVisibility">libreelec</property>
			<property name="group">mainmenu</property>
			<property name="hasSubmenu">False</property>
			</item>
		<item id="38">
			<property name="id">$NUMBER[38]</property>
			<label>CoreELEC</label>
			<label2>Common Shortcut</label2>
			<icon>special://skin/extras/icons/DefaultAddonVideo.png</icon>
			<thumb>special://skin/media/km_icon/home_icon/coreelec.png</thumb>
			<property name="labelID">coreelec</property>
			<property name="defaultID">home_coreelec</property>
			<property name="background">special://skin/extras/home-images/coreelec.png</property>
			<visible>System.HasAddon(service.coreelec.settings)</visible>
			<onclick>RunAddon(service.coreelec.settings)</onclick>
			<property name="path">RunAddon(service.coreelec.settings)</property>
			<property name="list">RunAddon(service.coreelec.settings)</property>
			<visible>String.IsEqual(System.ProfileName,Master user)</visible>
			<property name="submenuVisibility">coreelec</property>
			<property name="group">mainmenu</property>
			<property name="hasSubmenu">False</property>
			</item>
		<item id="39">
			<property name="id">$NUMBER[39]</property>
			<label>$LOCALIZE[13012]</label>
			<label2>Kodi Command</label2>
			<icon>special://skin/extras/icons/DefaultAddonVideo.png</icon>
			<thumb>special://skin/media/km_icon/home_icon/power.png</thumb>
			<property name="labelID">13012</property>
			<property name="defaultID">home_exit</property>
			<onclick>ActivateWindow(ShutdownMenu)</onclick>
			<property name="path">ActivateWindow(ShutdownMenu)</property>
			<property name="list">ShutdownMenu</property>
			<visible>String.IsEqual(System.ProfileName,Master user)</visible>
			<property name="submenuVisibility">num-13012</property>
			<property name="group">mainmenu</property>
			<property name="hasSubmenu">False</property>
			</item>
		</include>
	<include />
	<include name="skinshortcuts-submenu" />
	<include name="skinshortcuts-group-hom">
		<description>No items</description>
		</include>
	<include name="skinshortcuts-group-alt-hom">
		<description>No items</description>
		</include>
	<include name="skinshortcuts-group-youtube">
		<description>No items</description>
		</include>
	<include name="skinshortcuts-group-alt-youtube">
		<description>No items</description>
		</include>
	<include name="skinshortcuts-group-netflix">
		<description>No items</description>
		</include>
	<include name="skinshortcuts-group-alt-netflix">
		<description>No items</description>
		</include>
	<include name="skinshortcuts-group-disneyplus">
		<description>No items</description>
		</include>
	<include name="skinshortcuts-group-alt-disneyplus">
		<description>No items</description>
		</include>
	<include name="skinshortcuts-group-wavve">
		<description>No items</description>
		</include>
	<include name="skinshortcuts-group-alt-wavve">
		<description>No items</description>
		</include>
	<include name="skinshortcuts-group-tving">
		<description>No items</description>
		</include>
	<include name="skinshortcuts-group-alt-tving">
		<description>No items</description>
		</include>
	<include name="skinshortcuts-group-watcha">
		<description>No items</description>
		</include>
	<include name="skinshortcuts-group-alt-watcha">
		<description>No items</description>
		</include>
	<include name="skinshortcuts-group-spotv">
		<description>No items</description>
		</include>
	<include name="skinshortcuts-group-alt-spotv">
		<description>No items</description>
		</include>
	<include name="skinshortcuts-group-samsungtv">
		<description>No items</description>
		</include>
	<include name="skinshortcuts-group-alt-samsungtv">
		<description>No items</description>
		</include>
	<include name="skinshortcuts-group-kakaotv">
		<description>No items</description>
		</include>
	<include name="skinshortcuts-group-alt-kakaotv">
		<description>No items</description>
		</include>
	<include name="skinshortcuts-group-nsports">
		<description>No items</description>
		</include>
	<include name="skinshortcuts-group-alt-nsports">
		<description>No items</description>
		</include>
	<include name="skinshortcuts-group-coupang">
		<description>No items</description>
		</include>
	<include name="skinshortcuts-group-alt-coupang">
		<description>No items</description>
		</include>
	<include name="skinshortcuts-group-num-427">
		<description>No items</description>
		</include>
	<include name="skinshortcuts-group-alt-num-427">
		<description>No items</description>
		</include>
	<include name="skinshortcuts-group-427-0">
		<description>No items</description>
		</include>
	<include name="skinshortcuts-group-alt-427-0">
		<description>No items</description>
		</include>
	<include name="skinshortcuts-group-movies">
		<description>No items</description>
		</include>
	<include name="skinshortcuts-group-alt-movies">
		<description>No items</description>
		</include>
	<include name="skinshortcuts-group-movies-0">
		<description>No items</description>
		</include>
	<include name="skinshortcuts-group-alt-movies-0">
		<description>No items</description>
		</include>
	<include name="skinshortcuts-group-movies-1">
		<description>No items</description>
		</include>
	<include name="skinshortcuts-group-alt-movies-1">
		<description>No items</description>
		</include>
	<include name="skinshortcuts-group-tvshows">
		<description>No items</description>
		</include>
	<include name="skinshortcuts-group-alt-tvshows">
		<description>No items</description>
		</include>
	<include name="skinshortcuts-group-tvshows-0">
		<description>No items</description>
		</include>
	<include name="skinshortcuts-group-alt-tvshows-0">
		<description>No items</description>
		</include>
	<include name="skinshortcuts-group-tvshows-1">
		<description>No items</description>
		</include>
	<include name="skinshortcuts-group-alt-tvshows-1">
		<description>No items</description>
		</include>
	<include name="skinshortcuts-group-music">
		<description>No items</description>
		</include>
	<include name="skinshortcuts-group-alt-music">
		<description>No items</description>
		</include>
	<include name="skinshortcuts-group-music-0">
		<description>No items</description>
		</include>
	<include name="skinshortcuts-group-alt-music-0">
		<description>No items</description>
		</include>
	<include name="skinshortcuts-group-music-1">
		<description>No items</description>
		</include>
	<include name="skinshortcuts-group-alt-music-1">
		<description>No items</description>
		</include>
	<include name="skinshortcuts-group-musicvideos">
		<description>No items</description>
		</include>
	<include name="skinshortcuts-group-alt-musicvideos">
		<description>No items</description>
		</include>
	<include name="skinshortcuts-group-musicvideos-0">
		<description>No items</description>
		</include>
	<include name="skinshortcuts-group-alt-musicvideos-0">
		<description>No items</description>
		</include>
	<include name="skinshortcuts-group-musicvideos-1">
		<description>No items</description>
		</include>
	<include name="skinshortcuts-group-alt-musicvideos-1">
		<description>No items</description>
		</include>
	<include name="skinshortcuts-group-num-19020">
		<description>No items</description>
		</include>
	<include name="skinshortcuts-group-alt-num-19020">
		<description>No items</description>
		</include>
	<include name="skinshortcuts-group-num-19021">
		<description>No items</description>
		</include>
	<include name="skinshortcuts-group-alt-num-19021">
		<description>No items</description>
		</include>
	<include name="skinshortcuts-group-num-15016">
		<description>No items</description>
		</include>
	<include name="skinshortcuts-group-alt-num-15016">
		<description>No items</description>
		</include>
	<include name="skinshortcuts-group-num-24001">
		<description>No items</description>
		</include>
	<include name="skinshortcuts-group-alt-num-24001">
		<description>No items</description>
		</include>
	<include name="skinshortcuts-group-num-1">
		<description>No items</description>
		</include>
	<include name="skinshortcuts-group-alt-num-1">
		<description>No items</description>
		</include>
	<include name="skinshortcuts-group-videos">
		<description>No items</description>
		</include>
	<include name="skinshortcuts-group-alt-videos">
		<description>No items</description>
		</include>
	<include name="skinshortcuts-group-num-10134">
		<description>No items</description>
		</include>
	<include name="skinshortcuts-group-alt-num-10134">
		<description>No items</description>
		</include>
	<include name="skinshortcuts-group-num-8">
		<description>No items</description>
		</include>
	<include name="skinshortcuts-group-alt-num-8">
		<description>No items</description>
		</include>
	<include name="skinshortcuts-group-8-0">
		<description>No items</description>
		</include>
	<include name="skinshortcuts-group-alt-8-0">
		<description>No items</description>
		</include>
	<include name="skinshortcuts-group-settings">
		<description>No items</description>
		</include>
	<include name="skinshortcuts-group-alt-settings">
		<description>No items</description>
		</include>
	<include name="skinshortcuts-group-libreelec">
		<description>No items</description>
		</include>
	<include name="skinshortcuts-group-alt-libreelec">
		<description>No items</description>
		</include>
	<include name="skinshortcuts-group-coreelec">
		<description>No items</description>
		</include>
	<include name="skinshortcuts-group-alt-coreelec">
		<description>No items</description>
		</include>
	<include name="skinshortcuts-group-num-13012">
		<description>No items</description>
		</include>
	<include name="skinshortcuts-group-alt-num-13012">
		<description>No items</description>
		</include>
	</includes>
