<?xml version="1.0" encoding="utf-8"?>
<window>
	<onload>Skin.SetBool(ForceVideoPlaybackStop)</onload>
	<onload condition="Player.HasVideo + !Window.IsVisible(videoosd) + !Player.Paused">SetProperty(DialogMPAATopBar,1,home)</onload>
	<onunload condition="[!String.IsEmpty(Window(Home).Property(BaseWindow)) + $EXP[IsPlayingUnrecognizedContent] + !Skin.HasSetting(ForceVideoStop)] | [Player.HasVideo + Skin.HasSetting(ForceVideoPlaybackStop) + !Skin.HasSetting(ForceVideoStop)]">AlarmClock(StopPlayback,PlayerControl(Stop),00:00,silent)</onunload>
	<controls>
		<control type="group" id="0">
			<control type="label" id="1">
					<left>20</left>
					<top>80</top>
					<width>500</width>
					<height>100</height>
					<label>$INFO[VideoPlayer.ChannelName]]</label>
					<scroll>true</scroll>
					<align>left</align>
					<aligny>center</aligny>
					<font>font35</font>
					<textcolor>$VAR[ColorFontNormal]</textcolor>
					<shadowcolor>$VAR[ColorFontShadow]</shadowcolor>
				</control>
			<control type="label" id="10">
				<left>45</left>
				<top>15</top>
				<width>1770</width>
				<height>100</height>
				<label></label>
				<font>font12</font>
				<shadowcolor>black</shadowcolor>
			</control>
			<control type="label" id="11">
				<left>45</left>
				<top>45</top>
				<width>1770</width>
				<height>100</height>
				<label></label>
				<font>font12</font>
				<shadowcolor>black</shadowcolor>
			</control>
			<control type="label" id="12">
				<left>45</left>
				<top>75</top>
				<width>1770</width>
				<height>100</height>
				<label></label>
				<font>font12</font>
				<shadowcolor>black</shadowcolor>
			</control>
		</control>
		<control type="group" id="1">
			<depth>DepthOSD+</depth>
			<visible>Player.Caching + Integer.IsGreater(Player.CacheLevel,0)</visible>
			<animation effect="fade" delay="300" time="200">Visible</animation>
			<animation effect="fade" delay="200" time="150">Hidden</animation>
			<centerleft>50%</centerleft>
			<width>110</width>
			<centertop>50%</centertop>
			<height>110</height>
			<control type="image" id="1">
				<centerleft>50%</centerleft>
				<centertop>50%</centertop>
				<width>110</width>
				<height>110</height>
				<texture colordiffuse="BFFFFFFF">osd/buffer-bg.png</texture>
			</control>
			<control type="image" id="1">
				<centerleft>50%</centerleft>
				<centertop>50%</centertop>
				<width>92</width>
				<height>92</height>
				<texture>dialogs/extendedprogress/loading-back.png</texture>
			</control>
			<control type="image" id="1">
				<centerleft>50%</centerleft>
				<centertop>50%</centertop>
				<width>92</width>
				<height>92</height>
				<texture colordiffuse="button_focus">$INFO[Player.CacheLevel,dialogs/volume/progress/p,.png]</texture>
			</control>
			<control type="label" id="1">
				<description>buffering value</description>
				<label>$INFO[Player.CacheLevel]</label>
				<centerleft>50%</centerleft>
				<centertop>50%</centertop>
				<width>200</width>
				<height>200</height>
				<aligny>center</aligny>
				<align>center</align>
				<font>font13</font>
			</control>
		</control>
	</controls>
</window>
