<?xml version="1.0" encoding="UTF-8"?>
<window>
	<views>50</views>
	<animation effect="fade" time="400">WindowOpen</animation>
	<animation effect="fade" time="400">WindowClose</animation>
	<controls>

		<control type="grouplist">
			<visible>!Container(9000).HasFocus(1)</visible>
			<include>Meta_Search_Label</include>
			<left>150</left>
			<top>20</top>
			<itemgap>100</itemgap>
			<orientation>horizontal</orientation>
		</control>
		<control type="group">
			<top>0</top>
			<left>150</left>
			<include content="Meta_Home_A"></include>
			<include content="Meta_Home_B"></include>
			<include content="Meta_Home_C"></include>
		</control>
		<control type="image">
			<left>0</left>
			<top>0</top>
			<width>100%</width>
			<height>100%</height>
			<texture background="true" colordiffuse="40FFFFFF">$INFO[Container.ListItem.Art(fanart)]</texture>
			<aspectratio>scale</aspectratio>
			<fadetime>400</fadetime>
			<animation effect="fade" time="400">Visible</animation>
			<animation effect="fade" time="400">Hidden</animation>
		</control>
		<control type="group">
			<visible>![Window.IsVisible(DialogVideoInfo.xml) | Window.IsVisible(DialogMusicInfo.xml)]</visible>
			<control type="image">
				<left>-5</left>
				<top>-5</top>
				<width>472</width>
				<height>1090</height>
				<bordersize>5</bordersize>
			</control>
			<control type="group">
				<animation effect="slide" end="0,-115" time="300" tween="sine" easing="inout" condition="Window.IsVisible(DialogVideoInfo.xml) | Window.IsVisible(DialogMusicInfo.xml)">conditional</animation>
				<control type="image">
					<left>0</left>
					<top>0</top>
					<width>1920</width>
					<height>115</height>
					<texture>globalsearch-header.png</texture>
				</control>
				<control type="image">
					<left>0</left>
					<top>965</top>
					<width>1920</width>
					<height>115</height>
					<texture flipy="true">globalsearch-header.png</texture>
				</control>
			</control>
			<control type="group">
				<top>65</top>
				<control type="image">
					<left>333</left>
					<top>1</top>
					<width>118</width>
					<height>118</height>
					<texture colordiffuse="FF12A0C7">globalsearch-roundbutton.png</texture>
					<visible>Control.HasFocus(990)</visible>
				</control>
				<control type="grouplist">
					<left>20</left>
					<top>30</top>
					<width>442</width>
					<align>center</align>
					<itemgap>10</itemgap>
					<orientation>horizontal</orientation>
					<control type="label" id="991">
						<width>380</width>
						<height>55</height>
						<aligny>center</aligny>
						<font>font13</font>
						<label></label>
						<visible>False</visible>
					</control>
				</control>
				<control type="button" id="990">
					<left>77</left>
					<top>100</top>
					<width>500</width>
					<height>120</height>
					<label>32299</label>
					<align>left</align>
					<aligny>center</aligny>
					<font>font14</font>
					<texturefocus></texturefocus>
					<texturenofocus></texturenofocus>
					<visible>False</visible>
				</control>
			</control>
			<control type="group">
				<top>90</top>
				<!-- 검색결과 카테고리 end -->
				<control type="group">
				<include content="ContentPanel">
					<param name="width" value="153" />
				</include>
				<control type="fixedlist" id="9000">
					<left>0</left>
					<top>150</top>
					<width>160</width>
					<bottom>-10</bottom>
					<movement>3</movement>
					<focusposition>0</focusposition>
					<onright>50</onright>
					<scrolltime tween="cubic" easing="out">500</scrolltime>
					<focusedlayout height="100">
						<control type="group">
							<animation effect="fade" start="100" end="0" time="0">UnFocus</animation>
							<control type="image">
								<width>95</width>
								<height>95</height>
								<texture colordiffuse="button_focus">lists/focus.png</texture>
							</control>
							<control type="image">
								<left>10</left>
							<top>10</top>
								<width>72</width>
								<height>72</height>
								<texture colordiffuse="button_focus">$INFO[ListItem.Art(thumb)]</texture>
								<animation effect="fade" start="0" end="100" time="300" reversible="false">Focus</animation>
							</control>
							<control type="image">
								<width>95</width>
								<height>95</height>
								<texture colordiffuse="51FFFFFF">colors/black.png</texture>
							</control>
						</control>
						<control type="image">
							<left>10</left>
							<top>10</top>
							<width>72</width>
							<height>72</height>
							<texture>$INFO[ListItem.Art(thumb)]</texture>
						</control>
					</focusedlayout>
					<itemlayout height="100">
						<control type="image">
							<left>10</left>
							<top>10</top>
							<width>72</width>
							<height>72</height>
							<texture colordiffuse="44FFFFFF">$INFO[ListItem.Art(thumb)]</texture>
						</control>
					</itemlayout>
					<content>
						<item>
							<label>영화</label>
							<onclick condition="Library.HasContent(movies)">ActivateWindow(Videos,videodb://movies/titles/,return)</onclick>
							<thumb>special://skin/media/globalsearch/globalsearch-icon-movies.png</thumb>
							<visible>String.IsEqual(Container(50).ListItem.DBType,movies)</visible>
						</item>
						<item>
							<label>TV쇼</label>
							<onclick condition="Library.HasContent(tvshows)">ActivateWindow(Videos,videodb://tvshows/titles/,return)</onclick>
							<thumb>special://skin/media/globalsearch/globalsearch-icon-tvshows.png</thumb>
							<visible>String.IsEqual(Container(50).ListItem.DBType,tvshows)</visible>
						</item>
						<item>
							<label>EP</label>
							<thumb>special://skin/media/globalsearch/globalsearch-icon-livetv.png</thumb>
							<visible>String.IsEqual(Container(50).ListItem.DBType,episodes)</visible>
						</item>
						<item>
							<label></label>
							<onclick>RunScript(script.globalsearch)</onclick>
							<thumb>special://skin/media/km_icon/keyboard/search_icon.png</thumb>
						</item>
					</content>
				</control>
			</control>
			</control>
				<!-- 검색결과 패널 start -->
			<control type="panel" id="50">
				<left>140</left>
				<top>450</top>
				<width>100%</width>
				<height>600</height>
				<onleft>9000</onleft>
				<viewtype label="536">icon</viewtype>
				<preloaditems>4</preloaditems>
				<animation effect="fade" time="200">VisibleChange</animation>
				<scrolltime tween="cubic" easing="out">500</scrolltime>
				<itemlayout height="360" width="250">
					<include content="InfoWallMovieLayout_OTT">
							<param name="focused" value="false" />
					</include>
				</itemlayout>
				<focusedlayout height="360" width="285">
					<control type="image">
						<left>10</left>
						<top>-15</top>
						<width>260</width>
						<height>355</height>
						<texture colordiffuse="FF12A0C7">colors/grey.png</texture>
						<bordersize>20</bordersize>
					</control>
					<include content="InfoWallMovieLayout_OTT">
					</include>
				</focusedlayout>				
			</control>
			<!-- 검색결과 패널 end -->
			<control type="label" id="999">
				<left>436</left>
				<top>0</top>
				<width>1484</width>
				<height>1080</height>
				<align>center</align>
				<aligny>center</aligny>
				<font>font_MainMenu</font>
				<label>$LOCALIZE[284]</label>
			</control>
		</control>
		<control type="group">
			<visible>![Window.IsVisible(DialogVideoInfo.xml) | Window.IsVisible(DialogMusicInfo.xml)]</visible>
			<control type="group">
				<animation effect="slide" end="0,-115" time="300" tween="sine" easing="inout" condition="Window.IsVisible(DialogVideoInfo.xml) | Window.IsVisible(DialogMusicInfo.xml)">conditional</animation>
				<control type="label">
					<top>0</top>
					<align>right</align>
					<right>20</right>
					<height>200</height>
					<width>900</width>
					<font>font_clock</font>
					<shadowcolor>22000000</shadowcolor>
					<label>$INFO[System.Time]</label>
				</control>
			</control>
		</control>
	</controls>
</window>
